x_m,y_m,heading,theta_rad,kappa_1pm,v_mps,ld_m
-1.1556278,0.2745897,2.4965318,2.4965318,0.0067607,8.4999348,3.0
-1.3154399,0.3948387,2.4980062,2.4980062,0.0073649,8.4999677,3.0
-1.4754288,0.5148517,2.4996071,2.4996071,0.0080130,8.4999677,3.0
-1.6356093,0.6346082,2.5013244,2.5013244,0.0086016,8.4999677,3.0
-1.7959949,0.7540892,2.5031382,2.5031382,0.0090881,8.4999677,3.0
-1.9565967,0.8732789,2.5050198,2.5050198,0.0094336,8.4999677,2.5
-2.1174222,0.9921660,2.5069332,2.5069332,0.0095974,8.4999677,2.5
-2.2784748,1.1107451,2.5088336,2.5088336,0.0095353,8.4999677,2.5
-2.4397523,1.2290178,2.5106658,2.5106658,0.0092016,8.4999677,2.5
-2.6012462,1.3469948,2.5123666,2.5123666,0.0085510,8.4999677,2.5
-2.7629406,1.4646970,2.5138649,2.5138649,0.0075421,8.4999677,2.0
-2.9248113,1.5821569,2.5150835,2.5150835,0.0061421,8.4999677,2.0
-3.0868252,1.6994196,2.5159397,2.5159397,0.0043338,8.4999676,2.0
-3.2489398,1.8165438,2.5163557,2.5163557,0.0021264,8.4999677,2.0
-3.4111036,1.9336009,2.5162606,2.5162606,-0.0004374,8.4999677,1.5
-3.5732568,2.0506738,2.5156035,2.5156035,-0.0032658,8.4999678,1.5
-3.7353337,2.1678537,2.5143642,2.5143642,-0.0062067,8.4999679,1.5
-3.8972661,2.2852350,2.5125572,2.5125572,-0.0090683,8.4999680,1.5
-4.0589872,2.4029095,2.5102436,2.5102436,-0.0116382,8.4999681,1.5
-4.2204368,2.5209587,2.5075271,2.5075271,-0.0136960,8.4999680,1.5
-4.3815667,2.6394472,2.5045506,2.5045506,-0.0150241,8.4999678,1.5
-4.5423354,2.7584090,2.5014954,2.5014954,-0.0154516,8.4999675,1.5
-4.7027341,2.8778571,2.4985582,2.4985582,-0.0148010,8.4999671,1.5
-4.8627799,2.9977748,2.4959240,2.4959240,-0.0133891,8.4999668,1.5
-5.0225081,3.1181128,2.4938139,2.4938139,-0.0104202,8.4999669,1.5
-5.1819810,3.2387868,2.4921152,2.4921152,-0.0083497,8.3346199,1.0
-5.3412480,3.3597310,2.4905860,2.4905860,-0.0076218,8.1140956,1.0
-5.5003296,3.4809184,2.4891020,2.4891020,-0.0073245,7.8817991,1.0
-5.6592315,3.6023420,2.4874497,2.4874497,-0.0080926,7.6432083,1.0
-5.8179335,3.7240287,2.4851519,2.4851519,-0.0112733,7.3996513,1.0
-5.9763571,3.8460810,2.4814226,2.4814226,-0.0184210,7.1537594,1.0
-6.1343273,3.9687255,2.4751923,2.4751923,-0.0309510,6.9096525,1.0
-6.2915317,4.0923529,2.4652496,2.4652496,-0.0495420,6.6727675,1.0
-6.4475018,4.2175393,2.4504709,2.4504709,-0.0737525,6.4490695,1.0
-6.6016104,4.3450216,2.4301830,2.4301830,-0.1014370,6.2438253,1.0
-6.7530698,4.4755770,2.4044029,2.4044029,-0.1292390,6.0603959,1.0
-6.9011417,4.6100188,2.3732710,2.3732710,-0.1548207,5.8994739,1.0
-7.0450394,4.7490840,2.3362536,2.3362536,-0.1857181,5.7590502,1.0
-7.1835888,4.8932722,2.2939345,2.2939345,-0.2123193,5.6357895,1.0
-7.3159157,5.0431947,2.2469250,2.2469250,-0.2349054,5.5225088,1.0
-7.4410952,5.1992247,2.1951088,2.1951088,-0.2587167,5.4123240,1.0
-7.5580525,5.3615663,2.1379535,2.1379535,-0.2852818,5.3022217,1.0
-7.6655510,5.5303330,2.0749195,2.0749195,-0.3145101,5.1898975,1.0
-7.7621985,5.7055243,2.0054869,2.0054869,-0.3464067,5.0731300,1.0
-7.8464429,5.8869641,1.9291662,1.9291662,-0.3809752,4.9494757,1.0
-7.9165886,6.0742476,1.8456093,1.8456093,-0.4177919,4.8159559,1.0
-7.9708469,6.2666893,1.7547689,1.7547689,-0.4555049,4.6685539,1.0
-8.0074379,6.4633341,1.6571999,1.6571999,-0.4904039,4.5014137,1.0
-8.0247392,6.6630738,1.5551535,1.5551535,-0.5126205,4.3055828,1.0
-8.0215884,6.8644787,1.4581511,1.4581511,-0.4948083,4.0673384,1.0
-7.9991180,7.0631136,1.4128542,1.4128542,-0.3075840,3.7666220,1.0
-7.9679181,7.2590084,1.5506206,1.5506206,0.9375048,3.3487796,1.0
-7.9639777,7.4542855,1.5879290,1.5879290,0.0115731,3.1921922,1.0
-7.9674233,7.6553781,1.5088689,1.5088689,-0.4182395,3.4063612,1.0
-7.9550804,7.8544355,1.4113272,1.4113272,-0.4888719,3.6102689,1.0
-7.9232161,8.0525537,1.3132972,1.3132972,-0.4865783,3.7848909,1.0
-7.8721368,8.2465168,1.2195050,1.2195050,-0.4658480,3.9373815,1.0
-7.8031658,8.4347089,1.1313447,1.1313447,-0.4388043,4.0724667,1.0
-7.7179397,8.6159983,1.0491551,1.0491551,-0.4099552,4.1933977,1.0
-7.6181663,8.7895948,0.9728045,0.9728045,-0.3814657,4.3025377,1.0
-7.5055007,8.9549894,0.9019017,0.9019017,-0.3547276,4.4016962,1.0
-7.3815122,9.1118462,0.8358544,0.8358544,-0.3299372,4.4913739,1.0
-7.2473885,9.2602366,0.7738774,0.7738774,-0.3096328,4.5736728,1.0
-7.1042860,9.4000792,0.7157495,0.7157495,-0.2904593,4.6499832,1.0
-6.9532859,9.5313852,0.6621179,0.6621179,-0.2679488,4.7255265,1.0
-6.7955183,9.6543657,0.6138502,0.6138502,-0.2415927,4.8063466,1.0
-6.6321294,9.7695002,0.5711945,0.5711945,-0.2133191,4.8976930,1.0
-6.4639952,9.8775525,0.5340160,0.5340160,-0.1862939,5.0028711,1.0
-6.2919098,9.9793108,0.5028251,0.5028251,-0.1558222,5.1226621,1.0
-6.1166541,10.0756973,0.4775755,0.4775755,-0.1258003,5.2570986,1.5
-5.9389932,10.1676427,0.4578414,0.4578414,-0.0982555,5.4033108,2.0
-5.7595632,10.2560592,0.4429358,0.4429358,-0.0742076,5.5583681,2.5
-5.5788447,10.3417870,0.4320350,0.4320350,-0.0543177,5.7196753,3.0
-5.3972115,10.4255356,0.4243287,0.4243287,-0.0384161,5.8848142,3.0
-5.2149467,10.5078782,0.4191189,0.4191189,-0.0259612,6.0518378,3.0
-5.0322624,10.5892670,0.4158056,0.4158056,-0.0164797,6.2192520,3.0
-4.8493146,10.6700478,0.4138585,0.4138585,-0.0096408,6.3858951,2.5
-4.6662131,10.7504708,0.4127949,0.4127949,-0.0052101,6.5508405,2.0
-4.4830278,10.8306983,0.4121930,0.4121930,-0.0029062,6.7133306,2.0
-4.2997945,10.9108154,0.4117811,0.4117811,-0.0020229,6.8728232,1.5
-4.1165276,10.9908573,0.4114653,0.4114653,-0.0015736,7.0291712,1.5
-3.9332343,11.0708418,0.4112312,0.4112312,-0.0011658,7.1825569,1.0
-3.7499209,11.1507840,0.4110623,0.4110623,-0.0008367,7.3331470,1.0
-3.5665925,11.2306959,0.4109536,0.4109536,-0.0005418,7.4810917,1.0
-3.3832537,11.3105886,0.4108947,0.4108947,-0.0002883,7.6265267,1.0
-3.1999086,11.3904712,0.4108793,0.4108793,-0.0000727,7.7695746,3.0
-3.0165606,11.4703517,0.4108992,0.4108992,0.0001031,7.9103472,3.0
-2.8332127,11.5502365,0.4109442,0.4109442,0.0002470,8.0489452,3.0
-2.6498669,11.6301302,0.4109851,0.4109851,0.0002468,8.1854501,2.5
-2.4665230,11.7100320,0.4109653,0.4109653,-0.0000573,8.3198319,2.5
-2.2831763,11.7899307,0.4108319,0.4108319,-0.0006481,8.4482501,2.5
-2.0998179,11.8698054,0.4105487,0.4105487,-0.0013964,8.4999678,2.5
-1.9164359,11.9496286,0.4100980,0.4100980,-0.0022550,8.4999677,2.5
-1.7330171,12.0293695,0.4094785,0.4094785,-0.0031128,8.4999677,2.5
-1.5495484,12.1089970,0.4087103,0.4087103,-0.0038571,8.4999676,2.5
-1.3660182,12.1884837,0.4078224,0.4078224,-0.0044587,8.4999676,2.5
-1.1824175,12.2678074,0.4068464,0.4068464,-0.0049001,8.4999676,2.0
-0.9987392,12.3469520,0.4058150,0.4058150,-0.0051698,8.4999675,2.0
-0.8149803,12.4259067,0.4047969,0.4047969,-0.0051676,8.4999675,1.5
-0.6311525,12.5046694,0.4038690,0.4038690,-0.0045919,8.4999674,1.5
-0.4472568,12.5832593,0.4029628,0.4029628,-0.0045265,8.4999674,1.5
-0.2632811,12.6616863,0.4021124,0.4021124,-0.0042992,8.4999674,1.5
-0.0792381,12.7399571,0.4014153,0.4014153,-0.0034937,8.4999674,1.5
0.1048573,12.8180987,0.4009094,0.4009094,-0.0025386,8.4999674,1.5
0.2889923,12.8961472,0.4006346,0.4006346,-0.0013840,8.4999674,1.5
0.4731483,12.9741449,0.4006263,0.4006263,-0.0000490,8.4999674,3.0
0.6573050,13.0521411,0.4009203,0.4009203,0.0014639,8.4999674,3.0
0.8414389,13.1301915,0.4015514,0.4015514,0.0031459,8.4999674,3.0
1.0255240,13.2083583,0.4025495,0.4025495,0.0049861,8.4999674,3.0
1.2095315,13.2867090,0.4039443,0.4039443,0.0069692,8.4999674,2.5
1.3934303,13.3653166,0.4057605,0.4057605,0.0090755,8.4999674,2.5
1.5771868,13.4442584,0.4080165,0.4080165,0.0112792,8.4999675,2.5
1.7607655,13.5236149,0.4107262,0.4107262,0.0135480,8.4999675,2.5
1.9441293,13.6034689,0.4138938,0.4138938,0.0158419,8.4999675,2.5
2.1272399,13.6839036,0.4175152,0.4175152,0.0181130,8.4999676,3.0
2.3100585,13.7650011,0.4215732,0.4215732,0.0203046,8.4999676,3.0
2.4925469,13.8468400,0.4260391,0.4260391,0.0223508,8.4999677,2.5
2.6746681,13.9294931,0.4308685,0.4308685,0.0241760,8.4999677,2.5
2.8563881,14.0130248,0.4359990,0.4359990,0.0256937,8.4999678,2.5
3.0376767,14.0974875,0.4413484,0.4413484,0.0268052,8.4999678,2.0
3.2185103,14.1829185,0.4468148,0.4468148,0.0274000,8.4999678,2.0
3.3988733,14.2693363,0.4522696,0.4522696,0.0273576,8.4999678,2.0
3.5787611,14.3567361,0.4575588,0.4575588,0.0265510,8.4999677,1.5
3.7581828,14.4450855,0.4625074,0.4625074,0.0248527,8.4999676,1.5
3.9371635,14.5343209,0.4669118,0.4669118,0.0221416,8.4999675,1.5
4.1157480,14.6243430,0.4705503,0.4705503,0.0183135,8.4999673,2.0
4.2940020,14.7150134,0.4731874,0.4731874,0.0133016,8.4999670,2.0
4.4720150,14.8061529,0.4745819,0.4745819,0.0070733,8.4999668,2.0
4.6498989,14.8975396,0.4744953,0.4744953,-0.0003429,8.4999667,2.0
4.8277907,14.9889109,0.4726989,0.4726989,-0.0089668,8.4999670,2.0
5.0058460,15.0799623,0.4690716,0.4690716,-0.0180990,8.4999680,2.0
5.1842082,15.1703560,0.4634649,0.4634649,-0.0279345,8.4999702,1.5
5.3630799,15.2597510,0.4554884,0.4554884,-0.0399317,8.4999736,1.5
5.5427004,15.3477367,0.4450609,0.4450609,-0.0521810,8.4999769,1.5
5.7232419,15.4338510,0.4324016,0.4324016,-0.0633319,8.4999785,1.5
5.9048579,15.5176724,0.4177292,0.4177292,-0.0734071,8.4999775,1.5
6.0876888,15.5988222,0.4013144,0.4013144,-0.0821419,8.4999725,1.5
6.2718269,15.6769600,0.3834449,0.3834449,-0.0894314,8.4999593,1.5
6.4573295,15.7517941,0.3643830,0.3643830,-0.0954276,8.4999216,1.5
6.6442180,15.8230762,0.3443443,0.3443443,-0.1003119,8.4996212,1.5
6.8324799,15.8905930,0.3234714,0.3234714,-0.1044423,8.4965416,1.5
7.0221028,15.9541634,0.3018357,0.3018357,-0.1082651,8.4942341,1.5
7.2130719,16.0136214,0.2795459,0.2795459,-0.1114883,8.4968057,1.5
7.4053306,16.0688117,0.2567081,0.2567081,-0.1141620,8.4988605,1.5
7.5988066,16.1195991,0.2333645,0.2333645,-0.1166772,8.4996916,1.5
7.7934177,16.1658572,0.2095246,0.2095246,-0.1191492,8.4999356,1.5
7.9890734,16.2074625,0.1851973,0.1851973,-0.1215809,8.4999951,1.5
8.1856764,16.2442949,0.1603923,0.1603923,-0.1239819,8.4999225,1.5
8.3831223,16.2762381,0.1351249,0.1351249,-0.1263143,8.4997133,1.5
8.5813006,16.3031811,0.1094314,0.1094314,-0.1284705,8.4994026,1.5
8.7800949,16.3250227,0.0833669,0.0833669,-0.1303563,8.4989573,1.5
8.9793838,16.3416754,0.0569987,0.0569987,-0.1319081,8.4982945,1.5
9.1790420,16.3530680,0.0304109,0.0304109,-0.1330319,8.4973113,1.5
9.3789415,16.3591490,0.0037118,0.0037118,-0.1336002,8.4959110,1.5
9.5789519,16.3598914,-0.0229549,-0.0229549,-0.1334444,8.4940197,1.5
9.7789396,16.3552999,-0.0494058,-0.0494058,-0.1323541,8.4915956,1.5
9.9787676,16.3454192,-0.0754054,-0.0754054,-0.1300797,8.4886315,1.5
10.1782934,16.3303453,-0.1006570,-0.1006570,-0.1263433,8.4851532,1.5
10.3773699,16.3102389,-0.1248071,-0.1248071,-0.1208662,8.4812167,1.0
10.5758512,16.2853376,-0.1474563,-0.1474563,-0.1134279,8.4769036,1.0
10.7736074,16.2559640,-0.1682072,-0.1682072,-0.1039904,8.4723179,1.0
10.9705584,16.2225194,-0.1867646,-0.1867646,-0.0928664,8.4675800,1.0
11.1668939,16.1854185,-0.2031317,-0.2031317,-0.0813071,8.4628261,1.5
11.3628628,16.1450543,-0.2183289,-0.2183289,-0.0754874,8.4582171,1.5
11.5578788,16.1017870,-0.2332838,-0.2332838,-0.0745888,8.4538593,1.5
11.7524132,16.0555637,-0.2488726,-0.2488726,-0.0773735,8.4498421,1.5
11.9462144,16.0063108,-0.2664044,-0.2664044,-0.0875594,8.4462731,1.5
12.1389053,15.9537272,-0.2861042,-0.2861042,-0.0987036,8.4432640,1.5
12.3306725,15.8973141,-0.3078019,-0.3078019,-0.1086777,8.4408611,1.5
12.5212983,15.8367131,-0.3311614,-0.3311614,-0.1169221,8.4391436,1.5
12.7105305,15.7716507,-0.3557985,-0.3557985,-0.1232686,8.4381776,1.5
12.8981232,15.7019387,-0.3813442,-0.3813442,-0.1278214,8.4380102,1.5
13.0838580,15.6274642,-0.4074809,-0.4074809,-0.1308029,8.4386644,1.5
13.2675488,15.5481760,-0.4339442,-0.4339442,-0.1324731,8.4401370,1.5
13.4490399,15.4640724,-0.4605264,-0.4605264,-0.1330878,8.4423946,1.5
13.6282001,15.3751902,-0.4870671,-0.4870671,-0.1328799,8.4453722,1.5
13.8049176,15.2815959,-0.5134461,-0.5134461,-0.1320524,8.4489712,1.5
13.9790950,15.1833787,-0.5395771,-0.5395771,-0.1307779,8.4530591,1.5
14.1506459,15.0806446,-0.5654000,-0.5654000,-0.1291998,8.4574723,1.5
14.3194930,14.9735115,-0.5908783,-0.5908783,-0.1274346,8.4620220,1.5
14.4855660,14.8621050,-0.6159912,-0.6159912,-0.1255738,8.4665036,1.5
14.6488005,14.7465555,-0.6407314,-0.6407314,-0.1236867,8.4707099,1.5
14.8091375,14.6269952,-0.6651038,-0.6651038,-0.1218231,8.4744449,1.5
14.9665220,14.5035561,-0.6891163,-0.6891163,-0.1200156,8.4775407,1.5
15.1209031,14.3763690,-0.7127827,-0.7127827,-0.1182823,8.4798743,1.5
15.2722334,14.2455623,-0.7361177,-0.7361177,-0.1166285,8.4813866,1.5
15.4204689,14.1112616,-0.7591343,-0.7591343,-0.1150478,8.4821059,1.5
15.5655694,13.9735895,-0.7818416,-0.7818416,-0.1135180,8.4821806,1.5
15.7074988,13.8326661,-0.8042400,-0.8042400,-0.1119978,8.4819282,1.5
15.8462263,13.6886098,-0.8263113,-0.8263113,-0.1104148,8.4819159,1.5
15.9817292,13.5415395,-0.8480070,-0.8480070,-0.1085713,8.4830969,1.5
16.1140319,13.3915390,-0.8692132,-0.8692132,-0.1063380,8.4874667,2.0
16.2431381,13.2387503,-0.8895698,-0.8895698,-0.1020378,8.4982555,2.0
16.3691086,13.0833639,-0.9086168,-0.9086168,-0.0954509,8.4999378,2.0
16.4920991,12.9256035,-0.9257908,-0.9257908,-0.0862195,8.4999706,2.0
16.6123591,12.7657584,-0.9402050,-0.9402050,-0.0721880,8.4999711,2.5
16.7302822,12.6042245,-0.9512530,-0.9512530,-0.0552538,8.4999702,3.0
16.8464048,12.4414099,-0.9589036,-0.9589036,-0.0381972,8.4999693,3.0
16.9612858,12.2777011,-0.9635179,-0.9635179,-0.0229688,8.4999687,3.0
17.0754102,12.1134639,-0.9656936,-0.9656936,-0.0107706,8.4999684,2.5
17.1891750,11.9489817,-0.9660640,-0.9660640,-0.0017613,8.4999681,2.5
17.3028787,11.7844576,-0.9651348,-0.9651348,0.0047191,8.4999679,3.0
17.4167347,11.6200400,-0.9632899,-0.9632899,0.0092815,8.4999678,3.0
17.5308938,11.4558328,-0.9608206,-0.9608206,0.0123951,8.4999677,3.0
17.6454580,11.2919080,-0.9579504,-0.9579504,0.0143909,8.4999677,3.0
17.7604923,11.1283126,-0.9548565,-0.9548565,0.0155041,8.4999677,3.0
17.8760324,10.9650736,-0.9516805,-0.9516805,0.0159074,8.4999677,3.0
17.9920905,10.8022022,-0.9485381,-0.9485381,0.0157344,8.4999677,3.0
18.1086599,10.6396962,-0.9455231,-0.9455231,0.0150936,8.4999677,3.0
18.2257188,10.4775423,-0.9427108,-0.9427108,0.0140774,8.4999677,3.0
18.3432333,10.3157182,-0.9401603,-0.9401603,0.0127661,8.4999676,3.0
18.4611601,10.1541944,-0.9379156,-0.9379156,0.0112315,8.4999676,3.0
18.5794492,9.9929357,-0.9360089,-0.9360089,0.0095378,8.4999676,2.5
18.6980455,9.8319029,-0.9344614,-0.9344614,0.0077428,8.4999676,2.5
18.8168908,9.6710539,-0.9332820,-0.9332820,0.0058987,8.4999676,2.5
18.9359257,9.5103452,-0.9324709,-0.9324709,0.0040526,8.4999676,2.5
19.0550910,9.3497330,-0.9320207,-0.9320207,0.0022478,8.4999676,2.5
19.1743287,9.1891743,-0.9319148,-0.9319148,0.0005238,8.4999676,2.5
19.2935835,9.0286281,-0.9321293,-0.9321293,-0.0010824,8.4999676,1.5
19.4128041,8.8680560,-0.9326343,-0.9326343,-0.0025355,8.4999676,1.5
19.5319439,8.7074233,-0.9333917,-0.9333917,-0.0038016,8.4999676,1.5
19.6509624,8.5466999,-0.9343579,-0.9343579,-0.0048475,8.4999676,2.0
19.7698259,8.3858611,-0.9354814,-0.9354814,-0.0056400,8.4999676,1.5
19.8885091,8.2248882,-0.9367052,-0.9367052,-0.0061466,8.4999675,1.0
20.0069955,8.0637698,-0.9379660,-0.9379660,-0.0063316,8.4999675,1.5
20.1252792,7.9025014,-0.9391930,-0.9391930,-0.0061739,8.4999675,1.5
20.2433650,7.7410879,-0.9403113,-0.9403113,-0.0055983,8.4999675,1.5
20.3612701,7.5795426,-0.9412811,-0.9412811,-0.0048886,8.4999675,1.5
20.4790234,7.4178763,-0.9420196,-0.9420196,-0.0038338,8.4999674,1.5
20.5966606,7.2561185,-0.9423267,-0.9423267,-0.0015256,8.4999674,1.5
20.7142449,7.0943290,-0.9421418,-0.9421418,0.0008705,8.4999673,1.5
20.8318582,6.9325625,-0.9413889,-0.9413889,0.0037048,8.4999672,1.5
20.9495934,6.7708844,-0.9399622,-0.9399622,0.0070725,8.4999672,1.5
21.0675589,6.6093748,-0.9377492,-0.9377492,0.0110038,8.4999671,1.5
21.1858815,6.4481267,-0.9346328,-0.9346328,0.0155163,8.4999671,1.5
21.3047059,6.2872483,-0.9304958,-0.9304958,0.0206198,8.4999671,1.5
21.4241948,6.1268629,-0.9252212,-0.9252212,0.0263128,8.4999672,1.5
21.5445279,5.9671101,-0.9186953,-0.9186953,0.0325731,8.4999673,2.0
21.6659008,5.8081462,-0.9108133,-0.9108133,0.0393669,8.4999676,1.5
21.7885227,5.6501441,-0.9014794,-0.9014794,0.0466051,8.4999681,1.5
21.9126137,5.4932938,-0.8905917,-0.8905917,0.0544114,8.4999688,1.5
22.0384046,5.3378044,-0.8780901,-0.8780901,0.0625309,8.4999697,1.5
22.1661289,5.1839004,-0.8639900,-0.8639900,0.0705426,8.4999706,1.5
22.2960098,5.0318134,-0.8483473,-0.8483473,0.0782806,8.4999711,1.5
22.4282528,4.8817777,-0.8312612,-0.8312612,0.0855238,8.4999711,1.5
22.5630388,4.7340245,-0.8128629,-0.8128629,0.0921024,8.4999702,1.5
22.7005190,4.5887773,-0.7933047,-0.7933047,0.0979128,8.4999684,1.5
22.8408120,4.4462481,-0.7727470,-0.7727470,0.1029170,8.4999656,1.5
22.9840036,4.3066345,-0.7513458,-0.7513458,0.1071327,8.4999620,1.5
23.1301503,4.1701169,-0.7292473,-0.7292473,0.1106135,8.4999583,1.5
23.2792901,4.0368511,-0.7065813,-0.7065813,0.1134214,8.4999552,1.5
23.4314128,3.9069989,-0.6834637,-0.6834637,0.1156495,8.4999537,1.5
23.5864972,3.7806972,-0.6599896,-0.6599896,0.1174160,8.4999542,1.5
23.7445037,3.6580702,-0.6362377,-0.6362377,0.1187890,8.4999573,1.5
23.9053777,3.5392306,-0.6122831,-0.6122831,0.1197967,8.4999608,1.5
24.0690509,3.4242792,-0.5881875,-0.5881875,0.1204938,8.4999636,1.5
24.2354445,3.3133057,-0.5640066,-0.5640066,0.1209121,8.4999703,1.5
24.4044688,3.2063902,-0.5397957,-0.5397957,0.1210703,8.4999803,1.5
24.5760313,3.1035982,-0.5155704,-0.5155704,0.1210902,8.4999218,1.5
24.7500152,3.0050024,-0.4912504,-0.4912504,0.1217310,8.4998699,1.5
24.9263201,2.9106801,-0.4670992,-0.4670992,0.1208201,8.4999336,1.5
25.1048733,2.8206318,-0.4432766,-0.4432766,0.1191255,8.4999639,1.5
25.2855340,2.7348560,-0.4197346,-0.4197346,0.1177644,8.4999654,1.5
25.4681624,2.6533573,-0.3966062,-0.3966062,0.1157409,8.4999661,1.5
25.6526289,2.5761030,-0.3740822,-0.3740822,0.1127778,8.4999664,1.5
25.8387908,2.5030220,-0.3524290,-0.3524290,0.1085159,8.4999665,1.5
26.0264933,2.4339881,-0.3319775,-0.3319775,0.1024914,8.4999665,1.5
26.2155673,2.3688075,-0.3130714,-0.3130714,0.0946765,8.4999664,1.5
26.4058388,2.3072133,-0.2959557,-0.2959557,0.0856133,8.4999663,1.5
26.5971356,2.2488849,-0.2806576,-0.2806576,0.0764362,8.4999662,1.5
26.7893016,2.1934899,-0.2669526,-0.2669526,0.0684220,8.4999661,1.5
26.9822085,2.1407337,-0.2544476,-0.2544476,0.0624199,8.4999661,1.5
27.1757607,2.0903937,-0.2426943,-0.2426943,0.0586708,8.4999660,1.5
27.3698932,2.0423315,-0.2312809,-0.2312809,0.0569840,8.4999660,1.5
27.5645645,1.9964874,-0.2198690,-0.2198690,0.0569824,8.4999661,1.5
27.7597499,1.9528670,-0.2082033,-0.2082033,0.0582638,8.4999661,2.0
27.9554346,1.9115257,-0.1960963,-0.1960963,0.0604740,8.4999661,2.0
28.1516091,1.8725558,-0.1834240,-0.1834240,0.0633140,8.4999659,2.0
28.3482647,1.8360744,-0.1701094,-0.1701094,0.0665452,8.4999655,2.0
28.5453795,1.8022161,-0.1561179,-0.1561179,0.0699531,8.4999655,2.0
28.7429313,1.7711217,-0.1414448,-0.1414448,0.0733703,8.4999660,2.0
28.9409205,1.7429289,-0.1260859,-0.1260859,0.0767922,8.4999665,2.0
29.1393217,1.7177799,-0.1100424,-0.1100424,0.0802259,8.4999670,2.0
29.3381031,1.6958168,-0.0933201,-0.0933201,0.0836180,8.4999674,2.0
29.5372260,1.6771805,-0.0759429,-0.0759429,0.0868988,8.4999678,1.5
29.7366444,1.6620069,-0.0579450,-0.0579450,0.0900039,8.4999679,1.5
29.9363050,1.6504246,-0.0393742,-0.0393742,0.0928695,8.4999678,1.5
30.1361474,1.6425519,-0.0202916,-0.0202916,0.0954276,8.4999674,1.5
30.3361045,1.6384939,-0.0007715,-0.0007715,0.0976162,8.4999667,1.5
30.5361032,1.6383396,0.0191012,0.0191012,0.0993803,8.4999656,1.5
30.7360660,1.6421596,0.0392317,0.0392317,0.1006716,8.4999643,1.5
30.9359115,1.6500039,0.0595163,0.0595163,0.1014424,8.4999629,1.5
31.1355569,1.6619001,0.0798395,0.0798395,0.1016379,8.4999616,1.5
31.3349193,1.6778510,0.1000737,0.1000737,0.1011987,8.4999615,1.5
31.5339181,1.6978323,0.1200894,0.1200894,0.1001025,8.4999629,1.5
31.7324770,1.7217924,0.1397530,0.1397530,0.0983471,8.4999643,1.5
31.9305264,1.7496520,0.1589340,0.1589340,0.0959293,8.4999652,1.5
32.1280048,1.7813050,0.1775132,0.1775132,0.0929155,8.4999659,1.5
32.3248610,1.8166213,0.1954073,0.1954073,0.0894727,8.4999664,1.5
32.5210536,1.8554543,0.2125845,0.2125845,0.0858690,8.4999667,1.5
32.7165501,1.8976514,0.2290834,0.2290834,0.0824515,8.4999670,1.5
32.9113238,1.9430681,0.2450140,0.2450140,0.0795866,8.4999672,1.5
33.1053491,1.9915817,0.2605479,0.2605479,0.0775884,8.4999675,1.5
33.2985974,2.0431033,0.2758980,0.2758980,0.0766629,8.4999678,1.5
33.4910321,2.0975851,0.2912954,0.2912954,0.0768969,8.4999682,1.5
33.6826051,2.1550233,0.3069613,0.3069613,0.0782414,8.4999687,1.5
33.8732548,2.2154555,0.3231100,0.3231100,0.0806587,8.4999694,1.5
34.0629037,2.2789584,0.3399304,0.3399304,0.0840580,8.4999701,1.5
34.2514576,2.3456421,0.3575366,0.3575366,0.0880141,8.4999706,1.5
34.4388080,2.4156349,0.3759748,0.3759748,0.0921920,8.4999708,1.5
34.6248358,2.4890699,0.3952506,0.3952506,0.0964038,8.4999704,1.5
34.8094132,2.5660767,0.4153247,0.4153247,0.1004158,8.4999694,1.5
34.9924073,2.6467728,0.4361304,0.4361304,0.1040809,8.4999676,1.5
35.1736826,2.7312583,0.4575814,0.4575814,0.1073159,8.4999653,1.5
35.3531036,2.8196124,0.4795878,0.4795878,0.1100912,8.4999626,1.5
35.5305366,2.9118930,0.5020585,0.5020585,0.1124153,8.4999599,1.5
35.7058510,3.0081368,0.5249102,0.5249102,0.1143144,8.4999575,1.5
35.8789202,3.1083612,0.5480674,0.5480674,0.1158388,8.4999559,1.5
36.0496220,3.2125660,0.5714706,0.5714706,0.1170593,8.4999548,1.5
36.2178383,3.3207367,0.5950654,0.5950654,0.1180174,8.4999539,1.5
36.3834561,3.4328462,0.6188075,0.6188075,0.1187469,8.4999534,1.5
36.5463667,3.5488565,0.6426597,0.6426597,0.1192892,8.4999536,1.5
36.7064641,3.6687192,0.6665949,0.6665949,0.1196937,8.4999560,1.5
36.8636469,3.7923791,0.6905975,0.6905975,0.1200025,8.4999662,1.5
37.0178164,3.9197757,0.7146621,0.7146621,0.1203806,8.4999874,1.5
37.1688771,4.0508462,0.7387388,0.7387388,0.1203718,8.4999869,1.5
37.3167400,4.1855167,0.7628360,0.7628360,0.1204857,8.4999527,1.5
37.4613156,4.3237113,0.7869630,0.7869630,0.1206415,8.4999206,1.5
37.6025158,4.4653541,0.8111155,0.8111155,0.1207619,8.4999090,1.5
37.7402547,4.6103662,0.8352888,0.8352888,0.1208657,8.4999173,1.5
37.8744489,4.7586659,0.8594823,0.8594823,0.1209647,8.4999366,1.5
38.0050167,4.9101690,0.8836976,0.8836976,0.1210684,8.4999553,1.5
38.1318782,5.0647895,0.9079328,0.9079328,0.1211698,8.4999636,1.5
38.2549558,5.2224391,0.9321873,0.9321873,0.1212626,8.4999617,1.5
38.3741739,5.3830273,0.9564597,0.9564597,0.1213531,8.4999554,1.5
38.4894592,5.5464613,0.9807494,0.9807494,0.1214386,8.4999490,1.5
38.6007406,5.7126463,1.0050528,1.0050528,0.1215076,8.4999450,1.5
38.7079498,5.8814851,1.0293644,1.0293644,0.1215510,8.4999443,1.5
38.8110218,6.0528782,1.0536779,1.0536779,0.1215622,8.4999461,1.5
38.9098949,6.2267235,1.0779856,1.0779856,0.1215359,8.4999489,1.5
39.0045114,6.4029168,1.1022780,1.1022780,0.1214678,8.4999517,1.5
39.0948178,6.5813515,1.1265476,1.1265476,0.1213542,8.4999539,1.5
39.1807647,6.7619193,1.1507821,1.1507821,0.1211917,8.4999553,1.5
39.2623078,6.9445100,1.1749735,1.1749735,0.1209775,8.4999562,1.5
39.3394073,7.1290124,1.1991122,1.1991122,0.1207104,8.4999569,1.5
39.4120421,7.3153501,1.2231913,1.2231913,0.1203900,8.4999575,1.5
39.4801800,7.5034118,1.2471980,1.2471980,0.1200244,8.4999582,1.5
39.5437808,7.6930455,1.2711238,1.2711238,0.1196234,8.4999589,1.5
39.6028234,7.8841358,1.2949625,1.2949625,0.1191989,8.4999595,1.5
39.6572912,8.0765682,1.3187136,1.3187136,0.1187642,8.4999600,1.5
39.7071710,8.2702298,1.3423790,1.3423790,0.1183469,8.4999604,1.5
39.7524527,8.4650111,1.3659664,1.3659664,0.1179390,8.4999608,1.5
39.7931270,8.6608022,1.3894944,1.3894944,0.1176738,8.4999611,1.5
39.8291853,8.8575036,1.4130104,1.4130104,0.1172656,8.4999614,1.5
39.8606085,9.0549990,1.4367465,1.4367465,0.1188299,8.4999617,1.5
39.8873303,9.2531459,1.4605294,1.4605294,0.1190358,8.4999622,1.5
39.9093336,9.4518823,1.4842552,1.4842552,0.1185305,8.4999628,1.5
39.9266174,9.6511012,1.5081204,1.5081204,0.1193576,8.4999634,1.5
39.9391430,9.8506864,1.5321341,1.5321341,0.1200834,8.4999635,1.5
39.9468733,10.0505314,1.5562833,1.5562833,0.1207545,8.4999628,1.5
39.9497759,10.2505171,1.5805457,1.5805457,0.1213115,8.4999611,1.5
39.9478259,10.4505243,1.6048960,1.6048960,0.1217481,8.4999587,1.5
39.9410065,10.6504310,1.6293077,1.6293077,0.1220554,8.4999569,1.5
39.9293094,10.8501145,1.6537548,1.6537548,0.1222358,8.4999565,1.5
39.9127346,11.0494523,1.6782126,1.6782126,0.1222972,8.4999564,1.5
39.8912906,11.2483184,1.7026540,1.7026540,0.1222415,8.4999524,1.5
39.8649990,11.4465552,1.7270596,1.7270596,0.1220625,8.4999451,1.5
39.8338765,11.6440985,1.7514136,1.7514136,0.1217985,8.4999425,1.5
39.7979517,11.8408310,1.7757053,1.7757053,0.1214758,8.4999497,1.5
39.7572581,12.0366372,1.7999253,1.7999253,0.1211122,8.4999654,1.5
39.7118337,12.2314038,1.8240686,1.8240686,0.1207237,8.4999817,1.5
39.6617200,12.4250197,1.8481314,1.8481314,0.1203199,8.4999846,1.5
39.6069618,12.6173756,1.8721130,1.8721130,0.1199114,8.4999396,1.5
39.5476064,12.8083644,1.8960064,1.8960064,0.1194739,8.4998062,1.5
39.4837047,12.9978815,1.9197976,1.9197976,0.1189676,8.4996178,1.5
39.4153125,13.1858253,1.9434662,1.9434662,0.1183611,8.4995221,1.5
39.3424914,13.3720981,1.9669761,1.9669761,0.1175790,8.4997194,1.5
39.2653116,13.5566075,1.9902713,1.9902713,0.1165150,8.4999607,1.5
39.1838550,13.7392690,2.0132747,2.0132747,0.1150763,8.4999641,1.5
39.0982186,13.9200083,2.0358661,2.0358661,0.1130624,8.4999655,1.5
39.0085214,14.0987667,2.0578525,2.0578525,0.1101032,8.4999664,1.5
38.9149160,14.2755098,2.0789315,2.0789315,0.1056574,8.4999669,2.0
38.8176061,14.4502407,2.0986559,2.0986559,0.0989909,8.4999672,2.0
38.7168688,14.6230185,2.1164609,2.1164609,0.0894151,8.4999673,2.0
38.6130710,14.7939759,2.1318081,2.1318081,0.0769395,8.4999674,2.5
38.5066622,14.9633196,2.1444308,2.1444308,0.0630704,8.4999674,3.0
38.3981261,15.1313040,2.1543770,2.1543770,0.0495812,8.4999673,3.0
38.2879251,15.2981998,2.1619036,2.1619036,0.0372333,8.4999673,3.0
38.1764701,15.4642629,2.1674993,2.1674993,0.0277017,8.4999672,2.5
38.0640877,15.6296996,2.1715833,2.1715833,0.0201911,8.4999672,1.5
37.9510305,15.7946761,2.1744838,2.1744838,0.0143424,8.4999672,1.5
37.8374954,15.9593238,2.1764440,2.1764440,0.0096851,8.4999672,1.5
37.7236378,16.1237486,2.1776398,2.1776398,0.0058999,8.4999672,1.5
37.6095838,16.2880369,2.1782001,2.1782001,0.0027461,8.4999672,2.0
37.4954379,16.4522611,2.1782205,2.1782205,0.0000587,8.4999672,3.0
37.3812887,16.6164829,2.1777706,2.1777706,-0.0022794,8.4999673,3.0
37.2672135,16.7807559,2.1769046,2.1769046,-0.0043512,8.4999673,3.0
37.1532806,16.9451276,2.1756648,2.1756648,-0.0062175,8.4999673,2.5
37.0395516,17.1096404,2.1740823,2.1740823,-0.0079231,8.4999674,2.5
36.9260830,17.2743331,2.1721846,2.1721846,-0.0095006,8.4999674,2.5
36.8129271,17.4392409,2.1699916,2.1699916,-0.0109728,8.4999675,2.5
36.7001330,17.6043966,2.1675224,2.1675224,-0.0123536,8.4999676,1.5
36.5877470,17.7698304,2.1647941,2.1647941,-0.0136481,8.4999676,2.5
36.4758127,17.9355703,2.1618253,2.1618253,-0.0148528,8.4999677,2.5
36.3643708,18.1016420,2.1586364,2.1586364,-0.0159554,8.4999678,2.5
36.2534590,18.2680683,2.1552517,2.1552517,-0.0169341,8.4999678,1.5
36.1431111,18.4348691,2.1517029,2.1517029,-0.0177577,8.4999679,1.5
36.0333558,18.6020605,2.1480298,2.1480298,-0.0183855,8.4999680,2.0
35.9242153,18.7696540,2.1442802,2.1442802,-0.0187676,8.4999680,2.0
35.8157040,18.9376555,2.1405167,2.1405167,-0.0188460,8.4999681,1.5
35.7078258,19.1060641,2.1368110,2.1368110,-0.0185572,8.4999681,1.5
35.6005725,19.2748712,2.1332516,2.1332516,-0.0178361,8.4999681,1.5
35.4939209,19.4440587,2.1299344,2.1299344,-0.0166240,8.4999680,1.0
35.3878312,19.6135989,2.1269665,2.1269665,-0.0148804,8.4999680,1.5
35.2822456,19.7834525,2.1244544,2.1244544,-0.0126008,8.4999679,1.5
35.1770866,19.9535715,2.1224900,2.1224900,-0.0098451,8.4999679,1.5
35.0722641,20.1238933,2.1211294,2.1211294,-0.0068166,8.4999681,1.5
34.9676690,20.2943648,2.1202418,2.1202418,-0.0042061,8.4762315,1.5
34.8632106,20.4649530,2.1196212,2.1196212,-0.0033312,8.3372006,1.5
34.7588678,20.6355901,2.1194119,2.1194119,-0.0007984,8.0935949,1.5
34.6545734,20.8062283,2.1191638,2.1191638,-0.0009447,7.8425055,1.0
34.5503179,20.9768980,2.1182072,2.1182072,-0.0043217,7.5850879,1.0
34.4462244,21.1476695,2.1156001,2.1156001,-0.0123466,7.3242759,1.0
34.3425752,21.3187139,2.1100796,2.1100796,-0.0267325,7.0646540,1.0
34.2398711,21.4903291,2.1002270,2.1002270,-0.0484117,6.8125373,1.0
34.1388629,21.6629477,2.0847919,2.0847919,-0.0765928,6.5749784,1.0
34.0405316,21.8371037,2.0630305,2.0630305,-0.1086997,6.3580651,1.0
33.9460129,22.0133586,2.0349048,2.0349048,-0.1410802,6.1655726,1.0
33.8564881,22.1922021,2.0010873,2.0010873,-0.1699548,5.9983115,1.0
33.7730767,22.3739369,1.9627318,1.9627318,-0.1926251,5.8542228,1.0
33.6967058,22.5587115,1.9211409,1.9211409,-0.2087849,5.7279966,1.0
33.6280974,22.7464642,1.8775718,1.8775718,-0.2180531,5.6140480,1.0
33.5677441,22.9369879,1.8326143,1.8326143,-0.2252014,5.5064625,1.0
33.5160340,23.1299583,1.7866856,1.7866856,-0.2294243,5.4018266,1.0
33.4732385,23.3250979,1.7388624,1.7388624,-0.2401710,5.2982298,1.0
33.4398367,23.5219652,1.6905894,1.6905894,-0.2422554,5.1939492,1.0
33.4159597,23.7203295,1.6418599,1.6418599,-0.2428238,5.0875162,1.0
33.4017174,23.9204082,1.5871413,1.5871413,-0.2675409,4.9776381,1.0
33.3984410,24.1208440,1.5195316,1.5195316,-0.3433485,4.8627326,1.0
33.4087079,24.3209409,1.4402810,1.4402810,-0.3941187,4.7368024,1.0
33.4349655,24.5209813,1.3495948,1.3495948,-0.4430437,4.5982355,1.0
33.4793701,24.7184392,1.2485766,1.2485766,-0.4894813,4.4428687,1.0
33.5435154,24.9105746,1.1407242,1.1407242,-0.5278047,4.2634088,1.0
33.6249736,25.0881563,1.1766363,1.1766363,-1.2567566,4.0444143,1.0
33.6984391,25.2647874,1.1592581,1.1592581,-0.4326331,3.7299309,1.0
33.7803789,25.4525241,1.0363886,1.0363886,-0.6388814,3.4088871,1.0
33.8822047,25.6245698,0.9135741,0.9135741,-0.6399200,3.1116329,1.0
34.0044883,25.7830373,0.8094344,0.8094344,-0.5200539,3.0983994,1.0
34.1425444,25.9278949,0.7199400,0.7199400,-0.4469598,3.1244291,1.0
34.2928733,26.0597276,0.6387761,0.6387761,-0.3983888,3.3285622,1.0
34.4533960,26.1789387,0.5591266,0.5591266,-0.4000062,3.5138602,1.0
34.6228672,26.2849825,0.4810650,0.4810650,-0.3899636,3.6829178,1.0
34.8000953,26.3774894,0.4046096,0.4046096,-0.3823716,3.8377217,1.0
34.9838751,26.4561908,0.3295717,0.3295717,-0.3751784,3.9798607,1.0
35.1730500,26.5208974,0.2558558,0.2558558,-0.3685386,4.1106351,1.0
35.3664890,26.5714989,0.1833957,0.1833957,-0.3622031,4.2311377,1.0
35.5630963,26.6079656,0.1121657,0.1121657,-0.3560196,4.3423085,1.0
35.7618100,26.6303484,0.0421629,0.0421629,-0.3498714,4.4449707,1.0
35.9616092,26.6387775,-0.0265968,-0.0265968,-0.3436760,4.5398539,1.0
36.1615188,26.6334593,-0.0940920,-0.0940920,-0.3373928,4.6276116,1.0
36.3606157,26.6146704,-0.1602997,-0.1602997,-0.3310139,4.7088328,1.0
36.5580336,26.5827505,-0.2252091,-0.2252091,-0.3245650,4.7840516,1.0
36.7529655,26.5380925,-0.2888149,-0.2888149,-0.3181427,4.8537540,1.0
36.9446547,26.4811373,-0.3510072,-0.3510072,-0.3115164,4.9182086,1.0
37.1324168,26.4123844,-0.4113003,-0.4113003,-0.3019904,4.9789419,1.0
37.3157000,26.3324403,-0.4689856,-0.4689856,-0.2886906,5.0403583,1.0
37.4940762,26.2420588,-0.5234046,-0.5234046,-0.2721885,5.1057796,1.0
37.6672815,26.1421035,-0.5740733,-0.5740733,-0.2533164,5.1774666,1.0
37.8352122,26.0334976,-0.6207560,-0.6207560,-0.2333427,5.2564576,1.0
37.9978995,25.9171679,-0.6634824,-0.6634824,-0.2135387,5.3427820,1.0
38.1554730,25.7939927,-0.7024655,-0.7024655,-0.1948023,5.4358535,1.0
38.3081245,25.6647714,-0.7380077,-0.7380077,-0.1775728,5.5348453,1.0
38.4560807,25.5302137,-0.7704302,-0.7704302,-0.1619526,5.6389268,1.0
38.5995853,25.3909420,-0.8000498,-0.8000498,-0.1478906,5.7473544,1.0
38.7389238,25.2474594,-0.8271634,-0.8271634,-0.1353691,5.8597164,1.0
38.8743406,25.1002310,-0.8520416,-0.8520416,-0.1242363,5.9751990,1.0
39.0060577,24.9496743,-0.8749368,-0.8749368,-0.1143592,6.0932121,1.0
39.1342950,24.7961399,-0.8960839,-0.8960839,-0.1056455,6.2133454,2.0
39.2592561,24.6399294,-0.9156966,-0.9156966,-0.0979983,6.3352430,2.0
39.3811271,24.4813016,-0.9339758,-0.9339758,-0.0913417,6.4586018,2.0
39.5000750,24.3204772,-0.9510965,-0.9510965,-0.0855548,6.5831723,2.5
39.6162491,24.1576443,-0.9672286,-0.9672286,-0.0806249,6.7087593,2.5
39.7297809,23.9929592,-0.9824134,-0.9824134,-0.0759392,6.8352270,2.5
39.8407962,23.8265734,-0.9965770,-0.9965770,-0.0708230,6.9625012,3.0
39.9494297,23.6586538,-1.0097612,-1.0097612,-0.0659434,7.0905218,3.0
40.0558303,23.4893319,-1.0218370,-1.0218370,-0.0605300,7.2191375,2.5
40.1601799,23.3187352,-1.0325095,-1.0325095,-0.0534050,7.3481183,2.0
40.2626999,23.1470396,-1.0417215,-1.0417215,-0.0461142,7.4773015,2.0
40.3636284,22.9744163,-1.0494135,-1.0494135,-0.0385134,7.6066381,1.5
40.4632191,22.8010340,-1.0555460,-1.0555460,-0.0307061,7.7362095,1.5
40.5617381,22.6270558,-1.0600828,-1.0600828,-0.0227157,7.8662371,1.0
40.6594635,22.4526383,-1.0630021,-1.0630021,-0.0146130,7.9970676,1.0
40.7566823,22.2779309,-1.0643018,-1.0643018,-0.0064898,8.1291207,1.0
40.8536852,22.1030770,-1.0640114,-1.0640114,0.0014796,8.2627829,1.0
40.9507584,21.9282161,-1.0621942,-1.0621942,0.0091204,8.3982317,1.0
41.0481420,21.7535448,-1.0589201,-1.0589201,0.0163458,8.4999667,1.5
41.1460587,21.5792614,-1.0542062,-1.0542062,0.0235087,8.4999685,1.5
41.2447916,21.4054490,-1.0480926,-1.0480926,0.0307396,8.4999706,1.5
41.3445921,21.2322316,-1.0408593,-1.0408593,0.0362797,8.4999726,1.5
41.4456472,21.0597333,-1.0332851,-1.0332851,0.0388666,8.4999738,1.5
41.5480308,20.8879636,-1.0257426,-1.0257426,0.0357964,8.4999737,1.5
41.6517965,20.7168235,-1.0160376,-1.0160376,0.0486678,8.4999715,1.5
41.7572532,20.5466420,-1.0041872,-1.0041872,0.0595211,8.4999668,1.0
41.8645917,20.3779225,-0.9905935,-0.9905935,0.0684563,8.4999583,1.0
41.9741907,20.2107128,-0.9756247,-0.9756247,0.0745157,8.4989115,1.0
42.0863589,20.0450462,-0.9588345,-0.9588345,0.0835913,8.4166947,1.0
42.2013471,19.8812087,-0.9394100,-0.9394100,0.0969400,8.3229082,1.0
42.3195196,19.7196031,-0.9171130,-0.9171130,0.1112170,8.2361530,1.0
42.4412576,19.5606830,-0.8920887,-0.8920887,0.1248258,8.1549496,1.0
42.5668975,19.4049039,-0.8644636,-0.8644636,0.1379563,8.0779143,1.0
42.6967496,19.2527047,-0.8344696,-0.8344696,0.1500296,8.0038641,1.0
42.8310975,19.1044794,-0.8025361,-0.8025361,0.1600334,7.9316980,1.0
42.9701836,18.9605424,-0.7695660,-0.7695660,0.1654923,7.8599582,1.0
43.1140984,18.8211139,-0.7375597,-0.7375597,0.1612577,7.7854280,1.0
43.2625093,18.6862641,-0.7093985,-0.7093985,0.1419884,7.7040154,1.0
43.4139056,18.5562929,-0.6907592,-0.6907592,0.1007056,7.6140025,1.0
43.5671151,18.4296479,-0.6897836,-0.6897836,-0.0088928,7.5140970,1.0
43.7210930,18.3026204,-0.6931127,-0.6931127,-0.0213998,7.4055443,1.0
43.8748618,18.1749027,-0.6879852,-0.6879852,0.0238344,7.2913418,1.0
44.0286938,18.0484598,-0.6706252,-0.6706252,0.0885400,7.1732748,1.0
44.1854861,17.9240808,-0.6431899,-0.6431899,0.1385550,7.0532150,1.0
44.3459377,17.8038201,-0.6090196,-0.6090196,0.1717491,6.9316507,1.0
44.5103073,17.6891788,-0.5707763,-0.5707763,0.1922120,6.8087515,1.0
44.6787130,17.5810515,-0.5302459,-0.5302459,0.2038045,6.6845198,1.0
44.8512330,17.4799121,-0.4885961,-0.4885961,0.2093624,6.5588862,1.0
45.0277389,17.3860840,-0.4466264,-0.4466264,0.2106794,6.4317111,1.0
45.2080300,17.2997424,-0.4049081,-0.4049081,0.2091182,6.3028163,1.0
45.3917962,17.2209819,-0.3638852,-0.3638852,0.2052864,6.1719676,1.0
45.5786612,17.1498153,-0.3238575,-0.3238575,0.2002768,6.0388700,1.0
45.7682574,17.0861724,-0.2852311,-0.2852311,0.1932546,5.9031732,1.0
45.9601353,17.0299087,-0.2487699,-0.2487699,0.1821998,5.7643764,1.0
46.1538719,16.9806934,-0.2137074,-0.2137074,0.1751581,5.6219586,1.0
46.3493361,16.9382735,-0.1784137,-0.1784137,0.1760354,5.4753328,1.0
46.5463270,16.9027499,-0.1423605,-0.1423605,0.1802831,5.3236920,1.0
46.7444536,16.8743524,-0.1052666,-0.1052666,0.1836567,5.1658888,1.0
46.9432797,16.8533450,-0.0652125,-0.0652125,0.1993195,4.9996012,1.0
47.1428613,16.8403113,-0.0204823,-0.0204823,0.2236021,4.8696340,1.0
47.3428941,16.8362136,0.0292895,0.0292895,0.2485180,4.7656170,1.0
47.5428883,16.8420730,0.0842406,0.0842406,0.2743327,4.6820079,1.0
47.7422087,16.8589037,0.1447804,0.1447804,0.3024035,4.6152546,1.0
47.9400420,16.8877479,0.2113554,0.2113554,0.3329405,4.5632728,1.0
48.1354239,16.9296690,0.2845375,0.2845375,0.3665644,4.5253295,1.0
48.3275733,16.9858676,0.3646370,0.3646370,0.4005502,4.5038901,1.0
48.5146536,17.0572773,0.4515273,0.4515273,0.4339377,4.4955614,1.0
48.6948806,17.1446766,0.5445291,0.5445291,0.4637592,4.4994680,1.0
48.8662675,17.2484690,0.6419634,0.6419634,0.4853605,4.5115028,1.0
49.0267509,17.3684464,0.7406990,0.7406990,0.4933319,4.5249865,1.0
49.1742848,17.5033473,0.8338076,0.8338076,0.4713564,4.5350086,1.0
49.3079053,17.6505741,0.9057485,0.9057485,0.3715865,4.5389859,1.0
49.4316899,17.8084173,0.9188177,0.9188177,0.0499835,4.5325061,1.0
49.5518619,17.9658483,0.9168170,0.9168170,-0.0364103,4.5097984,1.0
49.6728377,18.1236766,0.9688699,0.9688699,0.2799194,4.4886961,1.0
49.7868986,18.2897117,1.0456858,1.0456858,0.3960264,4.5108585,1.0
49.8865141,18.4616500,1.1233943,1.1233943,0.3900474,4.5764913,1.0
49.9730232,18.6419318,1.1986612,1.1986612,0.3752704,4.6547730,1.0
50.0458277,18.8284562,1.2715241,1.2715241,0.3632482,4.7327386,1.0
50.1048526,19.0197607,1.3419134,1.3419134,0.3510449,4.8059640,1.0
50.1502637,19.2146871,1.4097578,1.4097578,0.3384188,4.8736375,1.0
50.1823513,19.4122159,1.4751253,1.4751253,0.3260946,4.9360361,1.0
50.2014672,19.6114145,1.5382016,1.5382016,0.3147015,4.9936841,1.0
50.2079887,19.8114222,1.5992509,1.5992509,0.3046692,5.0471104,1.0
50.2022954,20.0114518,1.6585821,1.6585821,0.2961821,5.0967867,1.0
50.1847537,20.2107622,1.7165257,1.7165257,0.2894909,5.1431278,1.0
50.1557033,20.4086939,1.7731818,1.7731818,0.2832927,5.1872373,1.0
50.1155034,20.6046049,1.8282513,1.8282513,0.2768383,5.2328597,1.0
50.0645879,20.7979807,1.8805623,1.8805623,0.2620517,5.2850850,1.0
50.0036112,20.9884915,1.9293122,1.9293122,0.2441706,5.3489714,1.0
49.9334306,21.1757849,1.9737143,1.9737143,0.2220924,5.4259234,1.0
49.8550081,21.3597729,2.0133804,2.0133804,0.1982587,5.5156522,1.0
49.7693528,21.5405027,2.0483827,2.0483827,0.1749372,5.6166599,1.0
49.6774255,21.7181239,2.0790514,2.0790514,0.1532749,5.7270981,1.0
49.5800946,21.8928432,2.1058058,2.1058058,0.1337042,5.8451787,1.5
49.4781242,22.0648969,2.1290950,2.1290950,0.1163731,5.9692543,1.5
49.3721748,22.2345294,2.1493634,2.1493634,0.1012611,6.0978265,2.0
49.2628094,22.4019795,2.1670266,2.1670266,0.0882266,6.2295887,2.0
49.1505042,22.5674708,2.1824682,2.1824682,0.0771111,6.3634368,2.5
49.0356571,22.7312082,2.1960370,2.1960370,0.0677444,6.4984348,2.5
48.9186011,22.8933692,2.2080485,2.2080485,0.0599575,6.6338115,1.5
48.7995996,23.0541209,2.2187235,2.2187235,0.0533403,6.7689569,1.5
48.6789107,23.2135643,2.2279668,2.2279668,0.0465081,6.9034352,1.5
48.5568070,23.3718156,2.2360930,2.2360930,0.0397315,7.0369219,1.0
48.4333883,23.5291116,2.2443292,2.2443292,0.0414047,7.1687994,1.5
48.3086335,23.6854419,2.2524463,2.2524463,0.0406117,7.2985597,1.0
48.1826250,23.8407407,2.2604163,2.2604163,0.0397882,7.4259930,3.0
48.0553789,23.9950350,2.2683711,2.2683711,0.0397281,7.5507665,3.0
47.9269098,24.1483118,2.2764434,2.2764434,0.0403175,7.6725367,3.0
47.7972069,24.3005474,2.2847499,2.2847499,0.0414954,7.7909775,3.0
47.6662435,24.4517009,2.2933840,2.2933840,0.0431467,7.9057959,3.0
47.5339794,24.6017186,2.3024114,2.3024114,0.0451228,8.0167631,3.0
47.4003660,24.7505367,2.3118555,2.3118555,0.0472236,8.1237606,3.0
47.2653525,24.8980870,2.3216887,2.3216887,0.0491979,8.2268390,3.0
47.1288940,25.0443033,2.3318310,2.3318310,0.0507567,8.3262783,3.0
46.9909587,25.1891290,2.3421277,2.3421277,0.0516085,8.4226209,3.0
46.8515391,25.3325272,2.3525349,2.3525349,0.0517714,8.4999396,3.0
46.7106349,25.4744665,2.3633871,2.3633871,0.0542795,8.4999664,3.0
46.5681980,25.6148690,2.3745718,2.3745718,0.0562174,8.4999665,2.5
46.4241987,25.7536706,2.3856137,2.3856137,0.0554717,8.4999668,2.5
46.2786751,25.8908742,2.3960769,2.3960769,0.0525400,8.4999673,2.0
46.1317242,26.0265474,2.4056199,2.4056199,0.0478891,8.4999678,2.0
45.9834866,26.1608109,2.4140054,2.4140054,0.0420366,8.4999682,1.5
45.8341303,26.2938249,2.4211040,2.4211040,0.0355180,8.4999685,1.5
45.6838352,26.4257739,2.4268917,2.4268917,0.0288805,8.4999688,1.5
45.5327747,26.5568545,2.4314315,2.4314315,0.0225937,8.4999690,1.5
45.3811189,26.6872495,2.4348500,2.4348500,0.0169715,8.4999690,1.5
45.2290172,26.8171262,2.4373067,2.4373067,0.0121801,8.4999690,1.5
45.0765967,26.9466290,2.4389359,2.4389359,0.0081024,8.4999689,1.5
44.9239659,27.0758829,2.4398279,2.4398279,0.0043650,8.4420558,1.5
44.7712208,27.2049998,2.4400536,2.4400536,0.0013340,8.2205575,1.0
44.6184480,27.3340810,2.4393161,2.4393161,-0.0031896,7.9748466,1.0
44.4657706,27.4632747,2.4368187,2.4368187,-0.0117457,7.7269305,1.0
44.3134195,27.5928466,2.4313812,2.4313812,-0.0265076,7.4816106,1.0
44.1617732,27.7232467,2.4218150,2.4218150,-0.0472793,7.2454352,1.0
44.0113946,27.8550798,2.4069654,2.4069654,-0.0728811,7.0259921,1.0
43.8630055,27.9891175,2.3853825,2.3853825,-0.1082113,6.8303300,1.0
43.7175302,28.1263391,2.3572163,2.3572163,-0.1417262,6.6627232,1.0
43.5759687,28.2676116,2.3236227,2.3236227,-0.1688879,6.5226997,1.0
43.4392361,28.4135547,2.2859663,2.2859663,-0.1893513,6.4059873,1.0
43.3081016,28.5645342,2.2456810,2.2456810,-0.2022279,6.3062758,1.0
43.1831508,28.7206767,2.2038761,2.2038761,-0.2092584,6.2169979,1.0
43.0648273,28.8819150,2.1611612,2.1611612,-0.2140836,6.1324245,1.0
42.9535156,29.0480310,2.1179388,2.1179388,-0.2150722,6.0408796,1.0
42.8494967,29.2187832,2.0738967,2.0738967,-0.2226465,5.9398565,1.0
42.7531249,29.3938980,2.0308548,2.0308548,-0.2135109,5.8289510,1.0
42.6644353,29.5728803,1.9877312,1.9877312,-0.2150466,5.7081195,1.0
42.5835064,29.7556048,1.9427190,1.9427190,-0.2256094,5.5775786,1.0
42.5108030,29.9419871,1.8961375,1.8961375,-0.2325475,5.4371345,1.0
42.4468284,30.1316383,1.8485416,1.8485416,-0.2374647,5.2865826,1.0
42.3919474,30.3241257,1.7997998,1.7997998,-0.2432888,5.1257819,1.0
42.3465254,30.5189926,1.7496663,1.7496663,-0.2505245,4.9546169,1.0
42.3109455,30.7157816,1.6972587,1.6972587,-0.2606385,4.7743491,1.0
42.2857235,30.9141599,1.6405526,1.6405526,-0.2819623,4.5922021,1.0
42.2717908,31.1135699,1.5778850,1.5778850,-0.3121198,4.4462176,1.0
42.2703714,31.3138023,1.5061859,1.5061859,-0.3564203,4.3376486,1.0
42.2833360,31.5141811,1.4226163,1.4226163,-0.4128986,4.2608763,1.0
42.3130148,31.7130018,1.3256124,1.3256124,-0.4767589,4.2101910,1.0
42.3618971,31.9083606,1.2138857,1.2138857,-0.5462997,4.1791792,1.0
42.4321803,32.0968481,1.0914108,1.0914108,-0.5942323,4.1593397,1.0
42.5245503,32.2745408,1.1651182,1.1651182,-0.0774652,4.1394792,1.0
42.5991972,32.4483393,1.0711639,1.0711639,-0.5441287,4.1223218,1.0
42.6952117,32.6242463,0.9649968,0.9649968,-0.5162116,4.1710586,1.0
42.8106905,32.7909582,0.8749456,0.8749456,-0.4401497,4.2675524,1.0
42.9400260,32.9458102,0.7965258,0.7965258,-0.3957396,4.3697140,1.0
43.0799361,33.0888692,0.7295284,0.7295284,-0.3304497,4.4660490,1.0
43.2295726,33.2226545,0.6676259,0.6676259,-0.3049185,4.5550739,1.0
43.3867369,33.3465624,0.6039313,0.6039313,-0.3204978,4.6384614,1.0
43.5511697,33.4600085,0.5401255,0.5401255,-0.3196823,4.7163164,1.0
43.7225357,33.5627596,0.4778983,0.4778983,-0.3114889,4.7889848,1.0
43.8999332,33.6546413,0.4163914,0.4163914,-0.3083433,4.8568646,1.0
44.0826904,33.7354659,0.3571523,0.3571523,-0.2970244,4.9228937,1.0
44.2699321,33.8053361,0.3020606,0.3020606,-0.2763865,4.9947158,1.0
44.4607738,33.8648015,0.2532605,0.2532605,-0.2447433,5.0804218,1.0
44.6543207,33.9148949,0.2123128,0.2123128,-0.2050562,5.1849908,1.0
44.8497851,33.9570295,0.1797313,0.1797313,-0.1628185,5.3090450,1.0
45.0465390,33.9927781,0.1551347,0.1551347,-0.1226855,5.4503419,1.5
45.2441260,34.0236790,0.1376873,0.1376873,-0.0868366,5.6056478,2.0
45.4422294,34.0511290,0.1263160,0.1263160,-0.0563662,5.7714717,3.0
45.6406354,34.0763250,0.1197651,0.1197651,-0.0321654,5.9442220,3.0
45.8392028,34.1002208,0.1166329,0.1166329,-0.0150372,6.1203408,3.0
46.0378438,34.1234945,0.1155161,0.1155161,-0.0050000,6.2965563,2.0
46.2365102,34.1465463,0.1152530,0.1152530,-0.0009615,6.4703106,1.5
46.4351824,34.1695458,0.1151947,0.1151947,-0.0002198,6.6400010,1.5
46.6338559,34.1925337,0.1151674,0.1151674,-0.0001314,6.8053201,1.5
46.8325301,34.2155162,0.1151518,0.1151518,-0.0000730,6.9665781,1.0
47.0312047,34.2384956,0.1151372,0.1151372,-0.0000729,7.1240502,1.0
47.2298796,34.2614721,0.1151237,0.1151237,-0.0000674,7.2779815,1.0
47.4285548,34.2844459,0.1151106,0.1151106,-0.0000641,7.4285911,1.0
47.6272303,34.3074171,0.1150990,0.1150990,-0.0000602,7.5760764,1.0
47.8259061,34.3303860,0.1150879,0.1150879,-0.0000564,7.7206152,1.5
48.0245822,34.3533527,0.1150768,0.1150768,-0.0000531,7.8623684,1.5
48.2232586,34.3763172,0.1150667,0.1150667,-0.0000496,8.0014817,1.5
48.4219352,34.3992797,0.1150627,0.1150627,-0.0000353,8.1380852,3.0
48.6206119,34.4222414,0.1150829,0.1150829,0.0000802,8.2722768,3.0
48.8192881,34.4452071,0.1151533,0.1151533,0.0003450,8.4022475,3.0
49.0179628,34.4681868,0.1152897,0.1152897,0.0006756,8.4999676,2.5
49.2166343,34.4911936,0.1154991,0.1154991,0.0010475,8.4999677,2.5
49.4153010,34.5142420,0.1157829,0.1157829,0.0014253,8.4999677,1.5
49.6139612,34.5373468,0.1161308,0.1161308,0.0017480,8.4999677,2.5
49.8126133,34.5605207,0.1165295,0.1165295,0.0020050,8.4999677,2.5
50.0112561,34.5837738,0.1169665,0.1169665,0.0021934,8.4999677,2.5
50.2098888,34.6071137,0.1174281,0.1174281,0.0023175,8.4999677,3.0
50.4085108,34.6305453,0.1179034,0.1179034,0.0023841,8.4999677,3.0
50.6071215,34.6540713,0.1183822,0.1183822,0.0024016,8.4999677,3.0
50.8057210,34.6776924,0.1188571,0.1188571,0.0023787,8.4999677,3.0
51.0043092,34.7014078,0.1193213,0.1193213,0.0023236,8.4999677,3.0
51.2028865,34.7252154,0.1197690,0.1197690,0.0022440,8.4999677,3.0
51.4014531,34.7491119,0.1201981,0.1201981,0.0021467,8.4999677,3.0
51.6000094,34.7730936,0.1206055,0.1206055,0.0020376,8.4999677,3.0
51.7985560,34.7971562,0.1209898,0.1209898,0.0019216,8.4999677,3.0
51.9970934,34.8212951,0.1213500,0.1213500,0.0018027,8.4999677,3.0
52.1956220,34.8455055,0.1216875,0.1216875,0.0016837,8.4999677,3.0
52.3941424,34.8697829,0.1220003,0.1220003,0.0015667,8.4999677,3.0
52.5926552,34.8941224,0.1222909,0.1222909,0.0014532,8.4999677,3.0
52.7911610,34.9185196,0.1225605,0.1225605,0.0013437,8.4999677,3.0
52.9896601,34.9429703,0.1228078,0.1228078,0.0012385,8.4999677,3.0
53.1881532,34.9674701,0.1230356,0.1230356,0.0011374,8.4999677,3.0
53.3866407,34.9920151,0.1232436,0.1232436,0.0010400,8.4999677,3.0
53.5851231,35.0166014,0.1234331,0.1234331,0.0009462,8.4999677,3.0
53.7836008,35.0412253,0.1236044,0.1236044,0.0008563,8.4999677,3.0
53.9820743,35.0658832,0.1237586,0.1237586,0.0007708,8.4999677,3.0
54.1805440,35.0905717,0.1238971,0.1238971,0.0006902,8.4999677,3.0
54.3790103,35.1152877,0.1240201,0.1240201,0.0006151,8.4999677,3.0
54.5774735,35.1400281,0.1241294,0.1241294,0.0005460,8.4999677,3.0
54.7759340,35.1647902,0.1242261,0.1242261,0.0004831,8.4999677,3.0
54.9743922,35.1895715,0.1243118,0.1243118,0.0004265,8.4999677,3.0
55.1728482,35.2143698,0.1243869,0.1243869,0.0003763,8.4999677,3.0
55.3713023,35.2391830,0.1244540,0.1244540,0.0003323,8.4999677,3.0
55.5697547,35.2640095,0.1245123,0.1245123,0.0002946,8.4999677,3.0
55.7682058,35.2888476,0.1245664,0.1245664,0.0002620,8.4999677,2.5
55.9666554,35.3136964,0.1246158,0.1246158,0.0002553,8.4999677,2.5
56.1651036,35.3385550,0.1246611,0.1246611,0.0002224,8.4999677,2.5
56.3635508,35.3634226,0.1246998,0.1246998,0.0001936,8.4999676,1.5
56.5619972,35.3882979,0.1247356,0.1247356,0.0001791,8.4999676,1.5
56.7604427,35.4131803,0.1247693,0.1247693,0.0001676,8.4999676,1.5
56.9588874,35.4380694,0.1248016,0.1248016,0.0001592,8.4999676,1.5
57.1573312,35.4629649,0.1248318,0.1248318,0.0001533,8.4999676,1.5
57.3557743,35.4878664,0.1248621,0.1248621,0.0001495,8.4999676,1.5
57.5542166,35.5127739,0.1248913,0.1248913,0.0001474,8.4999676,1.5
57.7526583,35.5376872,0.1249206,0.1249206,0.0001467,8.4999676,1.5
57.9510991,35.5626063,0.1249502,0.1249502,0.0001471,8.4999676,1.5
58.1495393,35.5875313,0.1249800,0.1249800,0.0001484,8.4999676,1.5
58.3479787,35.6124622,0.1250103,0.1250103,0.0001505,8.4999676,1.5
58.5464173,35.6373991,0.1250405,0.1250405,0.0001531,8.4999676,1.5
58.7448552,35.6623420,0.1250722,0.1250722,0.0001563,8.4999676,1.5
58.9432923,35.6872912,0.1251039,0.1251039,0.0001600,8.4999676,1.0
59.1417287,35.7122467,0.1251367,0.1251367,0.0001642,8.4999676,1.0
59.3401642,35.7372087,0.1251705,0.1251705,0.0001690,8.4999676,1.0
59.5385988,35.7621774,0.1252058,0.1252058,0.0001746,8.4999676,1.0
59.7370326,35.7871531,0.1252415,0.1252415,0.0001809,8.4999676,1.0
59.9354655,35.8121359,0.1252794,0.1252794,0.0001883,8.4999676,1.0
60.1338974,35.8371262,0.1253192,0.1253192,0.0001967,8.4999676,1.0
60.3323283,35.8621244,0.1253599,0.1253599,0.0002064,8.4999676,1.0
60.5307583,35.8871307,0.1254038,0.1254038,0.0002177,8.4999676,1.0
60.7291871,35.9121457,0.1254497,0.1254497,0.0002306,8.4999676,1.0
60.9276147,35.9371698,0.1254990,0.1254990,0.0002456,8.4999676,1.0
61.1260412,35.9622037,0.1255515,0.1255515,0.0002628,8.4999676,1.5
61.3244663,35.9872480,0.1256084,0.1256084,0.0002825,8.4999676,1.5
61.5228900,36.0123036,0.1256689,0.1256689,0.0003052,8.4999676,1.5
61.7213122,36.0373712,0.1257359,0.1257359,0.0003310,8.4999676,1.5
61.9197327,36.0624521,0.1258075,0.1258075,0.0003604,8.4999676,1.5
62.1181514,36.0875472,0.1258866,0.1258866,0.0003936,8.4999676,1.5
62.3165681,36.1126580,0.1259728,0.1259728,0.0004310,8.4999676,1.5
62.5149827,36.1377859,0.1260671,0.1260671,0.0004727,8.4999676,1.5
62.7133949,36.1629325,0.1261714,0.1261714,0.0005190,8.4999676,1.5
62.9118044,36.1880998,0.1262853,0.1262853,0.0005699,8.4999676,1.5
63.1102111,36.2132897,0.1264103,0.1264103,0.0006254,8.4999676,1.5
63.3086147,36.2385044,0.1265479,0.1265479,0.0006856,8.4999676,1.5
63.5070147,36.2637464,0.1266976,0.1266976,0.0007504,8.4999676,1.5
63.7054110,36.2890181,0.1268619,0.1268619,0.0008195,8.4999676,1.5
63.9038032,36.3143224,0.1270404,0.1270404,0.0008929,8.4999676,1.0
64.1021908,36.3396621,0.1272349,0.1272349,0.0009703,8.4999676,1.0
64.3005735,36.3650404,0.1274447,0.1274447,0.0010515,8.4999676,1.0
64.4989508,36.3904603,0.1276724,0.1276724,0.0011367,8.4999676,1.0
64.6973224,36.4159254,0.1279175,0.1279175,0.0012259,8.4999676,1.5
64.8956877,36.4414391,0.1281816,0.1281816,0.0013198,8.4999676,1.5
65.0940463,36.4670052,0.1284655,0.1284655,0.0014197,8.4999676,1.5
65.2923976,36.4926276,0.1287715,0.1287715,0.0015279,8.4999676,1.5
65.4907410,36.5183107,0.1291012,0.1291012,0.0016475,8.4999676,1.5
65.6890760,36.5440592,0.1294577,0.1294577,0.0017818,8.4999676,1.5
65.8874018,36.5698784,0.1298450,0.1298450,0.0019337,8.4999676,1.5
66.0857175,36.5957744,0.1302665,0.1302665,0.0021060,8.4999676,2.0
66.2840224,36.6217540,0.1307270,0.1307270,0.0023006,8.4999676,2.0
66.4823152,36.6478249,0.1312307,0.1312307,0.0025184,8.4999676,2.0
66.6805949,36.6739957,0.1317830,0.1317830,0.0027595,8.4999676,3.0
66.8788601,36.7002760,0.1323878,0.1323878,0.0030225,8.4999676,3.0
67.0771094,36.7266762,0.1330491,0.1330491,0.0033049,8.4999676,2.5
67.2753412,36.7532075,0.1337695,0.1337695,0.0036023,8.4999676,2.5
67.4735538,36.7798816,0.1345510,0.1345510,0.0039091,8.4999676,2.5
67.6717455,36.8067106,0.1353947,0.1353947,0.0042178,8.4999676,2.5
67.8699145,36.8337068,0.1362986,0.1362986,0.0045196,8.4999676,1.5
68.0680590,36.8608821,0.1372590,0.1372590,0.0048042,8.4999676,2.5
68.2661773,36.8882477,0.1382706,0.1382706,0.0050603,8.4999676,2.5
68.4642679,36.9158137,0.1393247,0.1393247,0.0052761,8.4999676,2.5
68.6623293,36.9435885,0.1404130,0.1404130,0.0054429,8.4999676,2.5
68.8603601,36.9715788,0.1415231,0.1415231,0.0055586,8.4999676,2.5
69.0583596,36.9997889,0.1426413,0.1426413,0.0055923,8.4999676,2.5
69.2563276,37.0282204,0.1437536,0.1437536,0.0055656,8.4999676,2.5
69.4542640,37.0568721,0.1448514,0.1448514,0.0054907,8.4999676,2.5
69.6521689,37.0857411,0.1459258,0.1459258,0.0053744,8.4999676,2.5
69.8500426,37.1148227,0.1469716,0.1469716,0.0052292,8.4999676,2.5
70.0478857,37.1441112,0.1479850,0.1479850,0.0050676,8.4999676,2.5
70.2456991,37.1736002,0.1489653,0.1489653,0.0049011,8.4999676,2.5
70.4434835,37.2032831,0.1499134,0.1499134,0.0047394,8.4999676,2.5
70.6412397,37.2331535,0.1508318,0.1508318,0.0045898,8.4999676,2.5
70.8389683,37.2632055,0.1517229,0.1517229,0.0044577,8.4999676,2.5
71.0366701,37.2934337,0.1525930,0.1525930,0.0043457,8.4999676,2.5
71.2343455,37.3238339,0.1534439,0.1534439,0.0042544,8.4999676,2.5
71.4319950,37.3544023,0.1542803,0.1542803,0.0041820,8.4999676,2.5
71.6296188,37.3851360,0.1551052,0.1551052,0.0041246,8.4999676,2.5
71.8272172,37.4160327,0.1559210,0.1559210,0.0040763,8.4999676,2.5
72.0247903,37.4470906,0.1567263,0.1567263,0.0040299,8.4999676,3.0
72.2223384,37.4783076,0.1575221,0.1575221,0.0039774,8.4999676,3.0
72.4198616,37.5096818,0.1583034,0.1583034,0.0039104,8.4999676,3.0
72.6173601,37.5412103,0.1590679,0.1590679,0.0038221,8.4999676,3.0
72.8148346,37.5728898,0.1598089,0.1598089,0.0037081,8.4999676,2.5
73.0122855,37.6047156,0.1605225,0.1605225,0.0035684,8.4999676,2.5
73.2097136,37.6366823,0.1612043,0.1612043,0.0034074,8.4999676,2.5
73.4071199,37.6687836,0.1618497,0.1618497,0.0032314,8.4999676,2.5
73.6045054,37.7010123,0.1624597,0.1624597,0.0030480,8.4999676,1.5
73.8018713,37.7333614,0.1630333,0.1630333,0.0028651,8.4999676,1.5
73.9992185,37.7658237,0.1635709,0.1635709,0.0026905,8.4999676,1.5
74.1965483,37.7983921,0.1640777,0.1640777,0.0025308,8.4999676,1.0
74.3938616,37.8310605,0.1645558,0.1645558,0.0023918,8.4999676,1.5
74.5911591,37.8638232,0.1650123,0.1650123,0.0022784,8.4999676,1.5
74.7884418,37.8966760,0.1654514,0.1654514,0.0021942,8.4999676,1.5
74.9857099,37.9296154,0.1658802,0.1658802,0.0021415,8.4999676,1.5
75.1829640,37.9626394,0.1663046,0.1663046,0.0021218,8.4999676,2.0
75.3802040,37.9957471,0.1667320,0.1667320,0.0021353,8.4999676,2.0
75.5774298,38.0289391,0.1671686,0.1671686,0.0021811,8.4999676,2.0
75.7746411,38.0622172,0.1676203,0.1676203,0.0022569,8.4999676,2.0
75.9718374,38.0955844,0.1680925,0.1680925,0.0023596,8.4999676,2.0
76.1690179,38.1290447,0.1685896,0.1685896,0.0024849,8.4999676,2.0
76.3661817,38.1626030,0.1691155,0.1691155,0.0026274,8.4999676,2.0
76.5633279,38.1962650,0.1696710,0.1696710,0.0027806,8.4999676,2.0
76.7604553,38.2300365,0.1702589,0.1702589,0.0029371,8.4999676,2.0
76.9575629,38.2639239,0.1708760,0.1708760,0.0030890,8.4999676,1.5
77.1546494,38.2979329,0.1715218,0.1715218,0.0032283,8.4999676,1.5
77.3517140,38.3320692,0.1721912,0.1721912,0.0033472,8.4999676,1.5
77.5487557,38.3663374,0.1728784,0.1728784,0.0034397,8.4999676,1.5
77.7457738,38.4007410,0.1735784,0.1735784,0.0035021,8.4999676,1.5
77.9427678,38.4352825,0.1742856,0.1742856,0.0035351,8.4999676,1.5
78.1397373,38.4699633,0.1749938,0.1749938,0.0035433,8.4999676,1.5
78.3366822,38.5047836,0.1757007,0.1757007,0.0035336,8.4999676,1.5
78.5336024,38.5397431,0.1764030,0.1764030,0.0035135,8.4999676,2.0
78.7304980,38.5748409,0.1771020,0.1771020,0.0034909,8.4999676,2.0
78.9273690,38.6100763,0.1777958,0.1777958,0.0034728,8.4999676,2.0
79.1242156,38.6454483,0.1784894,0.1784894,0.0034653,8.4999676,2.0
79.3210375,38.6809568,0.1791843,0.1791843,0.0034728,8.4999676,2.5
79.5178348,38.7166021,0.1798837,0.1798837,0.0034984,8.4999676,2.5
79.7146070,38.7523850,0.1805931,0.1805931,0.0035431,8.4999676,2.5
79.9113539,38.7883075,0.1813140,0.1813140,0.0036067,8.4999676,2.5
80.1080747,38.8243718,0.1820521,0.1820521,0.0036870,8.4999676,2.5
80.3047689,38.8605813,0.1828076,0.1828076,0.0037801,8.4999676,1.5
80.5014357,38.8969394,0.1835841,0.1835841,0.0038809,8.4999676,1.5
80.6980742,38.9334502,0.1843805,0.1843805,0.0039829,8.4999676,2.5
80.8946836,38.9701176,0.1851964,0.1851964,0.0040785,8.4999676,2.5
81.0912630,39.0069454,0.1860277,0.1860277,0.0041597,8.4999676,2.5
81.2878117,39.0439366,0.1868713,0.1868713,0.0042188,8.4999676,2.5
81.4843291,39.0810936,0.1877207,0.1877207,0.0042492,8.4999676,2.5
81.6808149,39.1184175,0.1885697,0.1885697,0.0042465,8.4999676,2.5
81.8772689,39.1559082,0.1894117,0.1894117,0.0042108,8.4999676,2.5
82.0736913,39.1935643,0.1902411,0.1902411,0.0041457,8.4999676,2.5
82.2700824,39.2313833,0.1910517,0.1910517,0.0040571,8.4999676,2.5
82.4664428,39.2693615,0.1918422,0.1918422,0.0039516,8.4999676,2.5
82.6627731,39.3074949,0.1926094,0.1926094,0.0038359,8.4999676,2.5
82.8590740,39.3457789,0.1933526,0.1933526,0.0037159,8.4999676,2.5
83.0553465,39.3842088,0.1940716,0.1940716,0.0035966,8.4999676,2.5
83.2515913,39.4227798,0.1947682,0.1947682,0.0034818,8.4999676,2.5
83.4478092,39.4614875,0.1954435,0.1954435,0.0033739,8.4999676,2.5
83.6440009,39.5003277,0.1960981,0.1960981,0.0032743,8.4999676,2.5
83.8401671,39.5392963,0.1967347,0.1967347,0.0031828,8.4999676,2.5
84.0363085,39.5783898,0.1973543,0.1973543,0.0030981,8.4999676,2.5
84.2324256,39.6176048,0.1979580,0.1979580,0.0030180,8.4999676,1.5
84.4285190,39.6569382,0.1985456,0.1985456,0.0029396,8.4999676,1.5
84.6245892,39.6963868,0.1991178,0.1991178,0.0028599,8.4999676,1.5
84.8206369,39.7359476,0.1996734,0.1996734,0.0027766,8.4999676,1.5
85.0166625,39.7756173,0.2002105,0.2002105,0.0026887,8.4999676,1.0
85.2126668,39.8153923,0.2007304,0.2007304,0.0025978,8.4999676,1.0
85.4086504,39.8552692,0.2012320,0.2012320,0.0025080,8.4999676,1.0
85.6046140,39.8952444,0.2017168,0.2017168,0.0024245,8.4999676,1.0
85.8005582,39.9353146,0.2021880,0.2021880,0.0023534,8.4999676,1.0
85.9964834,39.9754771,0.2026483,0.2026483,0.0023004,8.4999676,1.5
86.1923902,40.0157298,0.2031026,0.2031026,0.0022709,8.4999676,1.5
86.3882787,40.0560715,0.2035565,0.2035565,0.0022694,8.4999676,1.5
86.5841488,40.0965021,0.2040170,0.2040170,0.0022995,8.4999676,1.5
86.7800003,40.1370229,0.2044898,0.2044898,0.0023636,8.4999676,2.0
86.9758326,40.1776363,0.2049827,0.2049827,0.0024631,8.4999676,2.0
87.1716448,40.2183462,0.2055025,0.2055025,0.0025977,8.4999676,2.0
87.3674359,40.2591579,0.2060563,0.2060563,0.0027661,8.4999676,3.0
87.5632043,40.3000780,0.2066493,0.2066493,0.0029653,8.4999676,3.0
87.7589485,40.3411142,0.2072879,0.2072879,0.0031910,8.4999676,2.5
87.9546664,40.3822754,0.2079752,0.2079752,0.0034371,8.4999676,2.5
88.1503560,40.4235711,0.2087143,0.2087143,0.0036961,8.4999676,2.5
88.3460149,40.4650114,0.2095065,0.2095065,0.0039588,8.4999676,2.5
88.5416410,40.5066067,0.2103489,0.2103489,0.0042146,8.4999676,1.5
88.7372320,40.5483668,0.2112391,0.2112391,0.0044521,8.4999676,2.5
88.9327858,40.5903010,0.2121705,0.2121705,0.0046589,8.4999676,2.5
89.1283004,40.6324173,0.2131348,0.2131348,0.0048238,8.4999676,2.5
89.3237742,40.6747221,0.2141221,0.2141221,0.0049373,8.4999676,2.5
89.5192063,40.7172199,0.2151201,0.2151201,0.0049938,8.4999676,2.5
89.7145958,40.7599127,0.2161186,0.2161186,0.0049941,8.4999676,1.5
89.9099426,40.8028006,0.2171073,0.2171073,0.0049455,8.4999676,1.5
90.1052469,40.8458816,0.2180792,0.2180792,0.0048590,8.4999676,1.5
90.3005092,40.8891524,0.2190282,0.2190282,0.0047473,8.4999676,1.5
90.4957304,40.9326085,0.2199530,0.2199530,0.0046234,8.4999676,1.5
90.6909113,40.9762451,0.2208528,0.2208528,0.0044996,8.4999676,2.0
90.8860528,41.0200573,0.2217306,0.2217306,0.0043865,8.4999676,2.5
91.0811559,41.0640408,0.2225892,0.2225892,0.0042932,8.4999676,2.5
91.2762211,41.1081918,0.2234347,0.2234347,0.0042263,8.4999676,2.5
91.4712489,41.1525077,0.2242732,0.2242732,0.0041903,8.4999676,2.5
91.6662394,41.1969871,0.2251111,0.2251111,0.0041874,8.4999676,2.5
91.8611927,41.2416299,0.2259545,0.2259545,0.0042176,8.4999676,2.5
92.0561082,41.2864371,0.2268105,0.2268105,0.0042785,8.4999676,1.5
92.2509852,41.3314111,0.2276837,0.2276837,0.0043654,8.4999676,2.5
92.4458230,41.3765553,0.2285786,0.2285786,0.0044717,8.4999676,2.5
92.6406202,41.4218738,0.2294955,0.2294955,0.0045883,8.4999676,2.5
92.8353758,41.4673709,0.2304368,0.2304368,0.0047045,8.4999676,3.0
93.0300885,41.5130513,0.2313982,0.2313982,0.0048080,8.4999676,3.0
93.2247573,41.5589189,0.2323749,0.2323749,0.0048857,8.4999676,3.0
93.4193811,41.6049766,0.2333596,0.2333596,0.0049248,8.4999676,3.0
93.6139594,41.6512259,0.2343417,0.2343417,0.0049141,8.4999676,3.0
93.8084923,41.6976663,0.2353104,0.2353104,0.0048458,8.4999676,3.0
94.0029800,41.7442951,0.2362538,0.2362538,0.0047184,8.4999676,3.0
94.1974238,41.7911074,0.2371603,0.2371603,0.0045365,8.4999676,3.0
94.3918249,41.8380959,0.2380218,0.2380218,0.0043085,8.4999676,3.0
94.5861856,41.8852519,0.2388308,0.2388308,0.0040449,8.4999676,3.0
94.7805080,41.9325651,0.2395822,0.2395822,0.0037567,8.4999676,3.0
94.9747948,41.9800243,0.2402725,0.2402725,0.0034545,8.4999676,3.0
95.1690488,42.0276176,0.2409026,0.2409026,0.0031480,8.4999676,3.0
95.3632728,42.0753333,0.2414716,0.2414716,0.0028458,8.4999676,3.0
95.5574696,42.1231595,0.2419830,0.2419830,0.0025548,8.4999676,3.0
95.7516419,42.1710850,0.2424387,0.2424387,0.0022807,8.4999676,3.0
95.9457924,42.2190990,0.2428452,0.2428452,0.0020280,8.4999676,3.0
96.1399233,42.2671919,0.2432048,0.2432048,0.0017996,8.4999676,3.0
96.3340369,42.3153546,0.2435247,0.2435247,0.0015976,8.4999676,2.5
96.5281351,42.3635794,0.2438096,0.2438096,0.0014230,8.4999676,2.5
96.7222195,42.4118595,0.2440651,0.2440651,0.0012756,8.4999676,2.5
96.9162916,42.4601892,0.2442960,0.2442960,0.0011547,8.4999676,2.5
97.1103525,42.5085637,0.2445083,0.2445083,0.0010589,8.4999676,2.5
97.3044032,42.5569794,0.2447052,0.2447052,0.0009859,8.4999676,2.5
97.4984443,42.6054333,0.2448922,0.2448922,0.0009330,8.4999676,2.5
97.6924764,42.6539235,0.2450717,0.2450717,0.0008972,8.4999676,2.5
97.8864997,42.7024485,0.2452468,0.2452468,0.0008747,8.4999676,2.5
98.0805146,42.7510075,0.2454191,0.2454191,0.0008618,8.4999676,1.5
98.2745210,42.7995999,0.2455901,0.2455901,0.0008544,8.4999676,1.5
98.4685192,42.8482255,0.2457598,0.2457598,0.0008486,8.4999676,1.5
98.6625091,42.8968840,0.2459277,0.2459277,0.0008406,8.4999676,1.5
98.8564909,42.9455751,0.2460934,0.2460934,0.0008274,8.4999676,1.0
99.0504645,42.9942983,0.2462546,0.2462546,0.0008072,8.4999676,1.0
99.2444303,43.0430528,0.2464108,0.2464108,0.0007798,8.4999676,1.0
99.4383885,43.0918376,0.2465598,0.2465598,0.0007470,8.4999676,1.0
99.6323395,43.1406513,0.2467022,0.2467022,0.0007117,8.4999676,1.0
99.8262834,43.1894926,0.2468377,0.2468377,0.0006779,8.4999676,1.0
100.0202208,43.2383602,0.2469683,0.2469683,0.0006497,8.4999676,1.0
100.2141517,43.2872531,0.2470941,0.2470941,0.0006318,8.4999676,1.0
100.4080765,43.3361704,0.2472203,0.2472203,0.0006289,8.4999676,1.0
100.6019952,43.3851122,0.2473498,0.2473498,0.0006453,8.4999676,1.0
100.7959075,43.4340791,0.2474871,0.2474871,0.0006856,8.4999676,1.0
100.9898130,43.4830726,0.2476381,0.2476381,0.0007538,8.4999676,1.0
101.1837112,43.5320954,0.2478093,0.2478093,0.0008537,8.4999676,1.0
101.3776010,43.5811514,0.2480069,0.2480069,0.0009890,8.4999676,1.5
101.5714811,43.6302457,0.2482405,0.2482405,0.0011626,8.4999676,1.5
101.7653497,43.6793853,0.2485159,0.2485159,0.0013774,8.4999676,1.5
101.9592048,43.7285783,0.2488436,0.2488436,0.0016354,8.4999676,1.5
102.1530437,43.7778348,0.2492314,0.2492314,0.0019382,8.4999676,1.5
102.3468636,43.8271665,0.2496897,0.2496897,0.0022867,8.4999676,2.0
102.5406608,43.8765870,0.2502258,0.2502258,0.0026808,8.4999676,3.0
102.7344315,43.9261114,0.2508504,0.2508504,0.0031192,8.4999676,3.0
102.9281712,43.9757568,0.2515705,0.2515705,0.0035991,8.4999676,3.0
103.1218751,44.0255417,0.2523944,0.2523944,0.0041160,8.4999676,2.5
103.3155380,44.0754862,0.2533266,0.2533266,0.0046633,8.4999676,2.5
103.5091542,44.1256112,0.2543737,0.2543737,0.0052324,8.4999676,2.5
103.7027178,44.1759389,0.2555357,0.2555357,0.0058120,8.4999676,2.5
103.8962228,44.2264915,0.2568135,0.2568135,0.0063882,8.4999676,2.5
104.0896630,44.2772913,0.2582018,0.2582018,0.0069445,8.4999676,2.5
104.2830325,44.3283596,0.2596940,0.2596940,0.0074620,8.4999676,2.5
104.4763256,44.3797164,0.2612769,0.2612769,0.0079194,8.4999676,3.0
104.6695372,44.4313791,0.2629346,0.2629346,0.0082947,8.4999676,3.0
104.8626628,44.4833620,0.2646469,0.2646469,0.0085662,8.4999676,3.0
105.0556991,44.5356755,0.2663884,0.2663884,0.0087152,8.4999676,3.0
105.2486440,44.5883251,0.2681328,0.2681328,0.0087289,8.4999676,3.0
105.4414968,44.6413112,0.2698521,0.2698521,0.0086050,8.4999676,3.0
105.6342582,44.6946288,0.2715213,0.2715213,0.0083532,8.4999676,3.0
105.8269304,44.7482681,0.2731188,0.2731188,0.0079904,8.4999676,3.0
106.0195166,44.8022151,0.2746254,0.2746254,0.0075372,8.4999676,3.0
106.2120213,44.8564522,0.2760282,0.2760282,0.0070154,8.4999676,3.0
106.4044498,44.9109593,0.2773167,0.2773167,0.0064466,8.4999676,3.0
106.5968079,44.9657143,0.2784866,0.2784866,0.0058502,8.4999676,3.0
106.7891018,45.0206943,0.2795357,0.2795357,0.0052434,8.4999676,3.0
106.9813379,45.0758760,0.2804632,0.2804632,0.0046409,8.4999676,3.0
107.1735228,45.1312360,0.2812752,0.2812752,0.0040549,8.4999676,3.0
107.3656626,45.1867520,0.2819741,0.2819741,0.0034949,8.4999676,3.0
107.5577636,45.2424023,0.2825686,0.2825686,0.0029684,8.4999676,3.0
107.7498315,45.2981668,0.2830655,0.2830655,0.0024811,8.4999676,2.5
107.9418716,45.3540267,0.2834726,0.2834726,0.0020368,8.4999676,2.5
108.1338890,45.4099648,0.2838013,0.2838013,0.0016380,8.4999676,2.5
108.3258880,45.4659660,0.2840592,0.2840592,0.0012859,8.4999676,2.0
108.5178725,45.5220167,0.2842555,0.2842555,0.0009808,8.4999676,1.5
108.7098460,45.5781051,0.2844008,0.2844008,0.0007224,8.4999676,1.0
108.9018114,45.6342214,0.2845030,0.2845030,0.0005097,8.4999676,1.0
109.0937710,45.6903573,0.2845717,0.2845717,0.0003413,8.4999676,1.0
109.2857268,45.7465064,0.2846160,0.2846160,0.0002155,8.4999676,1.0
109.4776801,45.8026640,0.2846421,0.2846421,0.0001308,8.4999676,1.0
109.6696319,45.8588266,0.2846598,0.2846598,0.0000850,8.4999676,1.0
109.8615827,45.9149926,0.2846755,0.2846755,0.0000765,8.4999676,1.0
110.0535326,45.9711616,0.2846962,0.2846962,0.0001032,8.4999676,1.5
110.2454814,46.0273346,0.2847296,0.2847296,0.0001631,8.4999676,1.5
110.4374283,46.0835140,0.2847812,0.2847812,0.0002544,8.4999676,1.5
110.6293723,46.1397033,0.2848557,0.2848557,0.0003748,8.4999676,1.5
110.8213121,46.1959069,0.2849614,0.2849614,0.0005225,8.4999676,1.5
111.0132460,46.2521308,0.2851000,0.2851000,0.0006950,8.4999676,1.5
111.2051721,46.3083813,0.2852788,0.2852788,0.0008901,8.4999676,2.0
111.3970881,46.3646661,0.2854996,0.2854996,0.0011050,8.4999676,2.0
111.5889917,46.4209933,0.2857675,0.2857675,0.0013365,8.4999676,2.0
111.7808802,46.4773719,0.2860833,0.2860833,0.0015810,8.4999676,3.0
111.9727509,46.5338111,0.2864508,0.2864508,0.0018344,8.4999676,3.0
112.1646008,46.5903208,0.2868688,0.2868688,0.0020917,8.4999676,3.0
112.3564271,46.6469107,0.2873381,0.2873381,0.0023477,8.4999676,2.5
112.5482268,46.7035906,0.2878579,0.2878579,0.0025963,8.4999676,2.5
112.7399970,46.7603702,0.2884232,0.2884232,0.0028309,8.4999676,2.5
112.9317351,46.8172582,0.2890320,0.2890320,0.0030452,8.4999676,2.5
113.1234385,46.8742629,0.2896782,0.2896782,0.0032330,8.4999676,1.5
113.3151051,46.9313915,0.2903556,0.2903556,0.0033896,8.4999676,2.5
113.5067329,46.9886499,0.2910575,0.2910575,0.0035124,8.4999676,2.5
113.6983205,47.0460428,0.2917774,0.2917774,0.0036019,8.4999676,2.5
113.8898667,47.1035736,0.2925094,0.2925094,0.0036604,8.4999676,2.5
114.0813707,47.1612446,0.2932467,0.2932467,0.0036910,8.4999676,2.5
114.2728322,47.2190568,0.2939860,0.2939860,0.0036970,8.4999676,2.5
114.4642508,47.2770105,0.2947220,0.2947220,0.0036810,8.4999676,2.5
114.6556268,47.3351051,0.2954506,0.2954506,0.0036450,8.4999676,2.5
114.8469604,47.3933391,0.2961688,0.2961688,0.0035905,8.4999676,2.5
115.0382521,47.4517105,0.2968714,0.2968714,0.0035183,8.4999676,2.5
115.2295028,47.5102163,0.2975576,0.2975576,0.0034294,8.4999676,2.5
115.4207132,47.5688533,0.2982222,0.2982222,0.0033257,8.4999676,2.5
115.6118847,47.6276174,0.2988648,0.2988648,0.0032104,8.4999676,2.5
115.8030183,47.6865043,0.2994816,0.2994816,0.0030873,8.4999676,2.5
115.9941156,47.7455091,0.3000736,0.3000736,0.0029601,8.4999676,2.5
116.1851779,47.8046270,0.3006404,0.3006404,0.0028323,8.4999676,2.5
116.3762067,47.8638532,0.3011811,0.3011811,0.0027067,8.4999676,2.5
116.5672035,47.9231827,0.3016990,0.3016990,0.0025855,8.4999676,2.5
116.7581695,47.9826111,0.3021929,0.3021929,0.0024705,8.4999676,2.5
116.9491061,48.0421338,0.3026659,0.3026659,0.0023631,8.4999676,2.5
117.1400145,48.1017468,0.3031190,0.3031190,0.0022642,8.4999676,2.5
117.3308959,48.1614463,0.3035534,0.3035534,0.0021743,8.4999676,2.5
117.5217513,48.2212287,0.3039725,0.3039725,0.0020931,8.4999676,2.5
117.7125817,48.2810911,0.3043770,0.3043770,0.0020200,8.4999676,2.5
117.9033879,48.3410307,0.3047676,0.3047676,0.0019538,8.4999676,1.5
118.0941706,48.4010448,0.3051460,0.3051460,0.0018925,8.4999676,1.5
118.2849306,48.4611311,0.3055124,0.3055124,0.0018339,8.4999676,1.5
118.4756686,48.5212873,0.3058681,0.3058681,0.0017753,8.4999676,1.5
118.6663851,48.5815113,0.3062108,0.3062108,0.0017140,8.4999676,1.0
118.8570811,48.6418007,0.3065398,0.3065398,0.0016480,8.4999676,1.0
119.0477571,48.7021528,0.3068555,0.3068555,0.0015767,8.4999676,1.0
119.2384141,48.7625651,0.3071559,0.3071559,0.0015015,8.4999676,1.0
119.4290530,48.8230347,0.3074410,0.3074410,0.0014275,8.4999676,1.0
119.6196745,48.8835586,0.3077143,0.3077143,0.0013632,8.4999676,1.0
119.8102795,48.9441346,0.3079785,0.3079785,0.0013192,8.4999676,1.0
120.0008686,49.0047610,0.3082353,0.3082353,0.0012811,8.4999676,1.0
120.1914423,49.0654364,0.3084921,0.3084921,0.0012818,8.4999676,1.0
120.3820003,49.1261607,0.3087586,0.3087586,0.0013245,8.4999676,1.0
120.5725422,49.1869358,0.3090421,0.3090421,0.0014146,8.4999676,1.0
120.7630668,49.2477649,0.3093553,0.3093553,0.0015594,8.4999676,1.5
120.9535724,49.3086537,0.3097099,0.3097099,0.0017651,8.4999676,1.5
121.1440563,49.3696100,0.3101188,0.3101188,0.0020370,8.4999676,1.5
121.3345153,49.4306442,0.3105960,0.3105960,0.0023791,8.4999676,3.0
121.5249452,49.4917693,0.3111570,0.3111570,0.0027945,8.4999676,3.0
121.7153407,49.5530012,0.3118151,0.3118151,0.0032842,8.4999676,3.0
121.9056959,49.6143584,0.3125858,0.3125858,0.0038480,8.4999676,3.0
122.0960038,49.6758623,0.3134847,0.3134847,0.0044830,8.4999676,2.5
122.2862562,49.7375372,0.3145223,0.3145223,0.0051843,8.4999676,2.5
122.4764446,49.7994095,0.3157124,0.3157124,0.0059439,8.4999676,2.5
122.6665592,49.8615081,0.3170631,0.3170631,0.0067508,8.4999676,2.5
122.8565897,49.9238634,0.3185816,0.3185816,0.0075901,8.4999676,2.5
123.0465253,49.9865072,0.3202704,0.3202704,0.0084429,8.4999676,1.5
123.2363549,50.0494717,0.3221259,0.3221259,0.0092859,8.4999677,1.5
123.4260673,50.1127883,0.3241435,0.3241435,0.0100903,8.4999677,1.5
123.6156515,50.1764875,0.3263047,0.3263047,0.0108222,8.4999677,1.5
123.8050976,50.2405963,0.3285895,0.3285895,0.0114415,8.4999677,1.5
123.9943968,50.3051378,0.3309656,0.3309656,0.0119021,8.4999677,1.5
124.1835421,50.3701289,0.3333898,0.3333898,0.0121504,8.4999677,1.5
124.3725292,50.4355783,0.3358077,0.3358077,0.0121310,8.4999677,1.0
124.5613576,50.5014845,0.3381536,0.3381536,0.0117645,8.4999677,1.0
124.7500309,50.5678335,0.3403429,0.3403429,0.0110368,8.4999677,1.5
124.9385585,50.6345954,0.3422657,0.3422657,0.0095965,8.4826549,1.0
125.1269574,50.7017197,0.3439695,0.3439695,0.0084228,8.3311982,1.5
125.3152417,50.7691649,0.3455408,0.3455408,0.0079255,8.0960513,1.0
125.5034199,50.8369059,0.3468141,0.3468141,0.0065970,7.8524032,1.0
125.6915118,50.9048865,0.3473595,0.3473595,0.0030538,7.5980663,1.0
125.8795664,50.9729696,0.3464265,0.3464265,-0.0039723,7.3322571,1.0
126.0676877,51.0408784,0.3427400,0.3427400,-0.0176235,7.0649894,1.0
126.2560381,51.1080861,0.3347399,0.3347399,-0.0391506,6.8028149,1.0
126.4448769,51.1737698,0.3205383,0.3205383,-0.0697099,6.5542262,1.0
126.6346485,51.2367715,0.2984280,0.2984280,-0.1106608,6.3277003,1.0
126.8257935,51.2955705,0.2685543,0.2685543,-0.1497497,6.1281825,1.0
127.0186033,51.3486322,0.2318128,0.2318128,-0.1843937,5.9557581,1.0
127.2132471,51.3945791,0.1895866,0.1895866,-0.2119609,5.8071272,1.0
127.4096808,51.4322730,0.1434437,0.1434437,-0.2316164,5.6769781,1.0
127.6076851,51.4608719,0.0948397,0.0948397,-0.2435045,5.5591632,1.0
127.8066684,51.4798002,0.0445344,0.0445344,-0.2513825,5.4471660,1.0
128.0062987,51.4886965,-0.0074562,-0.0074562,-0.2604887,5.3374908,1.0
128.2061023,51.4872067,-0.0605854,-0.0605854,-0.2664537,5.2281833,1.0
128.4054508,51.4751143,-0.1138686,-0.1138686,-0.2655374,5.1175488,1.0
128.6041745,51.4523876,-0.1713218,-0.1713218,-0.2859090,5.0041087,1.0
128.8017408,51.4182051,-0.2362968,-0.2362968,-0.3231075,4.8859940,1.0
128.9965943,51.3712853,-0.3081268,-0.3081268,-0.3590330,4.7608808,1.0
129.1870300,51.3106766,-0.3865656,-0.3865656,-0.3950072,4.6257880,1.0
129.3723541,51.2352412,-0.4718009,-0.4718009,-0.4295602,4.4748776,1.0
129.5510152,51.1440823,-0.5628281,-0.5628281,-0.4534438,4.3031319,1.0
129.7201254,51.0373913,-0.6622276,-0.6622276,-0.4969543,4.1050099,1.0
129.8772731,50.9148663,-0.7648456,-0.7648456,-0.5263541,3.8688223,1.0
130.0216073,50.7763463,-0.8626935,-0.8626935,-0.4710166,3.5820217,1.0
130.1516100,50.6245157,-0.9774012,-0.9774012,-0.5803503,3.2382181,1.0
130.2637460,50.4582612,-1.0871094,-1.0871094,-0.5828020,2.9419569,1.0
130.3561975,50.2822657,-1.1315482,-1.1315482,-0.2616807,3.0483519,1.0
130.4404845,50.1028791,-1.1781317,-1.1781317,-0.2770903,3.2950484,1.0
130.5160584,49.9204098,-1.2674001,-1.2674001,-0.4457238,3.5047452,1.0
130.5763776,49.7277345,-1.3590662,-1.3590662,-0.4662685,3.6821086,1.0
130.6184638,49.5319409,-1.4478084,-1.4478084,-0.4426323,3.8370303,1.0
130.6430948,49.3326800,-1.5318221,-1.5318221,-0.4152548,3.9756329,1.0
130.6509333,49.1316615,-1.6089924,-1.6089924,-0.3815218,4.1016390,1.0
130.6432710,48.9311546,-1.6776401,-1.6776401,-0.3432507,4.2172944,1.0
130.6219729,48.7325750,-1.7411865,-1.7411865,-0.3131064,4.3241034,1.0
130.5881405,48.5359419,-1.8067699,-1.8067699,-0.3322031,4.4231634,1.0
130.5414314,48.3416876,-1.8709539,-1.8709539,-0.3197761,4.5149020,1.0
130.4822718,48.1505474,-1.9331355,-1.9331355,-0.3119732,4.5998731,1.0
130.4113824,47.9635415,-1.9916358,-1.9916358,-0.2934065,4.6860090,1.0
130.3296968,47.7810364,-2.0445590,-2.0445590,-0.2652564,4.7806566,1.0
130.2384757,47.6031164,-2.0904953,-2.0904953,-0.2299349,4.8887357,1.0
130.1391765,47.4295656,-2.1287997,-2.1287997,-0.1914844,5.0120639,1.0
130.0332961,47.2599321,-2.1595865,-2.1595865,-0.1537344,5.1500106,1.0
129.9222364,47.0936265,-2.1834932,-2.1834932,-0.1192522,5.3005281,1.5
129.8072270,46.9300147,-2.2014974,-2.2014974,-0.0897188,5.4608491,2.0
129.6892870,46.7684949,-2.2147412,-2.2147412,-0.0659711,5.6278497,3.0
129.5692164,46.6085487,-2.2243010,-2.2243010,-0.0476156,5.7985869,3.0
129.4476217,46.4497569,-2.2310480,-2.2310480,-0.0335971,5.9707905,2.0
129.3249584,46.2917891,-2.2356653,-2.2356653,-0.0229808,6.1428667,2.0
129.2015673,46.1343897,-2.2386958,-2.2386958,-0.0150674,6.3137040,1.5
129.0777001,45.9773654,-2.2405708,-2.2405708,-0.0093081,6.4825315,1.0
128.9535390,45.8205740,-2.2416379,-2.2416379,-0.0052802,6.6488181,1.0
128.8292110,45.6639156,-2.2421769,-2.2421769,-0.0026483,6.8121999,1.0
128.7047987,45.5073244,-2.2424145,-2.2424145,-0.0011528,6.9724297,1.0
128.5803493,45.3507629,-2.2425252,-2.2425252,-0.0005259,7.1293451,1.0
128.4558826,45.1942152,-2.2426344,-2.2426344,-0.0005219,7.2828758,3.0
128.3313988,45.0376811,-2.2428529,-2.2428529,-0.0010707,7.4329932,3.0
128.2068808,44.8811742,-2.2432893,-2.2432893,-0.0021561,7.5796329,3.0
128.0822944,44.7247215,-2.2440319,-2.2440319,-0.0036969,7.7227223,2.5
127.9575918,44.5683613,-2.2451551,-2.2451551,-0.0056026,7.8621943,2.5
127.8327136,44.4121412,-2.2467075,-2.2467075,-0.0077565,7.9980012,2.5
127.7075930,44.2561151,-2.2487102,-2.2487102,-0.0100130,8.1301346,2.5
127.5821601,44.1003398,-2.2511480,-2.2511480,-0.0121991,8.2586545,2.5
127.4563478,43.9448707,-2.2539661,-2.2539661,-0.0141107,8.3837145,3.0
127.3300979,43.7897568,-2.2571440,-2.2571440,-0.0158676,8.4771718,3.0
127.2033557,43.6350449,-2.2607262,-2.2607262,-0.0179162,8.4999676,3.0
127.0760601,43.4807880,-2.2646569,-2.2646569,-0.0197055,8.4999676,3.0
126.9481591,43.3270326,-2.2687626,-2.2687626,-0.0205875,8.4999676,3.0
126.8196279,43.1738036,-2.2728611,-2.2728611,-0.0205360,8.4999677,3.0
126.6904697,43.0211026,-2.2768164,-2.2768164,-0.0198099,8.4999678,3.0
126.5607085,42.8689136,-2.2805367,-2.2805367,-0.0186219,8.4999678,3.0
126.4303820,42.7172084,-2.2839622,-2.2839622,-0.0171423,8.4999678,3.0
126.2995365,42.5659504,-2.2870611,-2.2870611,-0.0154977,8.4999678,3.0
126.1682229,42.4150986,-2.2898173,-2.2898173,-0.0137832,8.4999678,3.0
126.0364940,42.2646093,-2.2922309,-2.2922309,-0.0120671,8.4999678,3.0
125.9044022,42.1144383,-2.2943121,-2.2943121,-0.0103985,8.4999678,3.0
125.7719982,41.9645426,-2.2960755,-2.2960755,-0.0088122,8.4999678,3.0
125.6393300,41.8148805,-2.2975439,-2.2975439,-0.0073317,8.4999677,3.0
125.5064422,41.6654134,-2.2987398,-2.2987398,-0.0059717,8.4999677,3.0
125.3733758,41.5161054,-2.2996900,-2.2996900,-0.0047406,8.4999677,3.0
125.2401675,41.3669238,-2.3004201,-2.3004201,-0.0036413,8.4999677,2.5
125.1068504,41.2178396,-2.3009563,-2.3009563,-0.0026731,8.4999677,2.0
124.9734534,41.0688269,-2.3013249,-2.3013249,-0.0018320,8.4999677,3.0
124.8400014,40.9198633,-2.3015483,-2.3015483,-0.0011121,8.4999677,3.0
124.7065162,40.7709296,-2.3016517,-2.3016517,-0.0005057,8.4999677,3.0
124.5730156,40.6220097,-2.3016538,-2.3016538,-0.0000042,8.4999677,2.5
124.4395147,40.4730901,-2.3015745,-2.3015745,0.0004019,8.4999677,2.5
124.3060256,40.3241599,-2.3014314,-2.3014314,0.0007222,8.4999677,2.5
124.1725578,40.1752106,-2.3012388,-2.3012388,0.0009663,8.4999677,2.5
124.0391187,40.0262356,-2.3010111,-2.3010111,0.0011439,8.4999677,3.0
123.9057136,39.8772303,-2.3007590,-2.3007590,0.0012640,8.4999676,3.0
123.7723460,39.7281913,-2.3004924,-2.3004924,0.0013353,8.4999676,3.0
123.6390182,39.5791168,-2.3002200,-2.3002200,0.0013658,8.4999676,3.0
123.5057310,39.4300060,-2.2999477,-2.2999477,0.0013629,8.4999676,3.0
123.3724844,39.2808589,-2.2996818,-2.2996818,0.0013333,8.4999676,3.0
123.2392775,39.1316764,-2.2994250,-2.2994250,0.0012830,8.4999676,3.0
123.1061089,38.9824597,-2.2991814,-2.2991814,0.0012175,8.4999676,3.0
122.9729767,38.8332106,-2.2989541,-2.2989541,0.0011409,8.4999676,3.0
122.8398783,38.6839311,-2.2987376,-2.2987376,0.0010725,8.4999676,3.0
122.7068133,38.5346240,-2.2985175,-2.2985175,0.0011008,8.4999676,3.0
122.5737816,38.3852881,-2.2983125,-2.2983125,0.0010503,8.4999676,3.0
122.4407788,38.2359230,-2.2981537,-2.2981537,0.0007786,8.4999676,3.0
122.3077992,38.0865362,-2.2980180,-2.2980180,0.0006774,8.4999676,3.0
122.1748401,37.9371316,-2.2979022,-2.2979022,0.0005788,8.4999676,3.0
122.0418982,37.7877115,-2.2978051,-2.2978051,0.0004848,8.4999676,3.0
121.9089708,37.6382785,-2.2977262,-2.2977262,0.0003942,8.4999677,3.0
121.7760552,37.4888350,-2.2976646,-2.2976646,0.0003077,8.4999677,3.0
121.6431488,37.3393833,-2.2976199,-2.2976199,0.0002255,8.4999677,3.0
121.5102491,37.1899257,-2.2975895,-2.2975895,0.0001477,8.4999677,3.0
121.3773539,37.0404640,-2.2975749,-2.2975749,0.0000744,8.4999677,2.5
121.2444609,36.8910004,-2.2975739,-2.2975739,0.0000055,8.4999677,2.5
121.1115680,36.7415366,-2.2975856,-2.2975856,-0.0000590,8.4999677,2.5
120.9786734,36.5920744,-2.2976090,-2.2976090,-0.0001189,8.4999677,2.5
120.8457753,36.4426153,-2.2976440,-2.2976440,-0.0001742,8.4999677,2.5
120.7128720,36.2931609,-2.2976886,-2.2976886,-0.0002247,8.4999677,2.5
120.5799620,36.1437124,-2.2977428,-2.2977428,-0.0002699,8.4999677,2.5
120.4470439,35.9942711,-2.2978044,-2.2978044,-0.0003094,8.4999677,1.5
120.3141166,35.8448380,-2.2978728,-2.2978728,-0.0003422,8.4999677,2.0
120.1811791,35.6954140,-2.2979461,-2.2979461,-0.0003677,8.4999677,2.0
120.0482307,35.5459998,-2.2980226,-2.2980226,-0.0003845,8.4999677,1.5
119.9152709,35.3965958,-2.2981005,-2.2981005,-0.0003913,8.4999677,1.0
119.7822994,35.2472021,-2.2981780,-2.2981780,-0.0003866,8.4999677,1.0
119.6493164,35.0978188,-2.2982510,-2.2982510,-0.0003684,8.4999677,1.0
119.5163225,34.9484452,-2.2983179,-2.2983179,-0.0003348,8.4999677,1.0
119.3833186,34.7990805,-2.2983735,-2.2983735,-0.0002836,8.4999677,1.0
119.2503064,34.6497232,-2.2984156,-2.2984156,-0.0002123,8.4999677,1.0
119.1172880,34.5003716,-2.2984390,-2.2984390,-0.0001186,8.4999677,1.0
118.9842661,34.3510231,-2.2984379,-2.2984379,0.0000002,8.4999677,1.0
118.8512444,34.2016745,-2.2984078,-2.2984078,0.0001467,8.4999677,1.5
118.7182272,34.0523219,-2.2983422,-2.2983422,0.0003233,8.4999677,1.5
118.5852199,33.9029607,-2.2982346,-2.2982346,0.0005322,8.4999677,1.5
118.4522286,33.7535851,-2.2980787,-2.2980787,0.0007756,8.4999677,1.5
118.3192607,33.6041889,-2.2978663,-2.2978663,0.0010549,8.4999677,3.0
118.1863245,33.4547644,-2.2975911,-2.2975911,0.0013713,8.4999677,3.0
118.0534295,33.3053034,-2.2972443,-2.2972443,0.0017249,8.4999677,3.0
117.9205863,33.1557963,-2.2968208,-2.2968208,0.0021151,8.4999677,2.5
117.7878062,33.0062327,-2.2963115,-2.2963115,0.0025403,8.4999677,2.5
117.6551023,32.8566015,-2.2957116,-2.2957116,0.0029968,8.4999677,2.5
117.5224881,32.7068906,-2.2950148,-2.2950148,0.0034800,8.4999677,2.5
117.3899783,32.5570874,-2.2942178,-2.2942178,0.0039828,8.4999677,2.5
117.2575879,32.4071786,-2.2933187,-2.2933187,0.0044964,8.4999677,2.5
117.1253324,32.2571509,-2.2923172,-2.2923172,0.0050093,8.4999677,2.5
116.9932272,32.1069908,-2.2912168,-2.2912168,0.0055071,8.4999677,2.5
116.8612873,31.9566854,-2.2900238,-2.2900238,0.0059726,8.4999677,1.5
116.7295268,31.8062227,-2.2887492,-2.2887492,0.0063852,8.4999677,2.0
116.5979582,31.6555922,-2.2874079,-2.2874079,0.0067204,8.4999677,2.0
116.4665918,31.5047854,-2.2860218,-2.2860218,0.0069503,8.4999677,1.5
116.3354346,31.3537967,-2.2846182,-2.2846182,0.0070427,8.4999677,1.0
116.2044894,31.2026240,-2.2832318,-2.2832318,0.0069615,8.4999677,1.0
116.0737540,31.0512700,-2.2819055,-2.2819055,0.0066664,8.4999676,1.5
115.9432195,30.8997428,-2.2806912,-2.2806912,0.0061134,8.4999676,1.5
115.8128691,30.7480572,-2.2796495,-2.2796495,0.0052550,8.4999676,1.5
115.6826768,30.5962359,-2.2788527,-2.2788527,0.0040406,8.4999676,1.5
115.5526055,30.4443109,-2.2783813,-2.2783813,0.0024181,8.4999676,1.5
115.4226059,30.2923247,-2.2783285,-2.2783285,0.0003343,8.4999675,2.0
115.2926143,30.1403316,-2.2787963,-2.2787963,-0.0022630,8.4999675,2.0
115.1625516,29.9883993,-2.2798972,-2.2798972,-0.0054233,8.4999675,2.0
115.0323218,29.8366104,-2.2817534,-2.2817534,-0.0091917,8.4999674,2.0
114.9018105,29.6850635,-2.2844936,-2.2844936,-0.0136058,8.4999674,2.0
114.7708845,29.5338749,-2.2882505,-2.2882505,-0.0186943,8.4999674,2.0
114.6393914,29.3831792,-2.2931632,-2.2931632,-0.0244632,8.4999675,1.5
114.5071599,29.2331317,-2.2993632,-2.2993632,-0.0309222,8.4999677,1.5
114.3740003,29.0839065,-2.3069735,-2.3069735,-0.0379548,8.4999680,1.5
114.2397101,28.9357003,-2.3160104,-2.3160104,-0.0456313,8.4999685,1.5
114.1040845,28.7887120,-2.3262763,-2.3262763,-0.0504850,8.4999692,1.5
113.9669549,28.6431214,-2.3384438,-2.3384438,-0.0608673,8.4999701,1.5
113.8280688,28.4992150,-2.3526685,-2.3526685,-0.0715752,8.4999711,1.5
113.6871487,28.3572976,-2.3686090,-2.3686090,-0.0797607,8.4999718,1.5
113.5439727,28.2176331,-2.3861307,-2.3861307,-0.0877920,8.4999719,1.5
113.3983659,28.0804932,-2.4050651,-2.4050651,-0.0948261,8.4999710,1.5
113.2501822,27.9461288,-2.4252099,-2.4252099,-0.1008667,8.4999690,1.5
113.0993164,27.8147717,-2.4463319,-2.4463319,-0.1057259,8.4999659,1.5
112.9457071,27.6866279,-2.4681931,-2.4681931,-0.1093846,8.4999620,1.5
112.7893362,27.5618748,-2.4905551,-2.4905551,-0.1118664,8.4999578,1.5
112.6302261,27.4406579,-2.5131994,-2.5131994,-0.1132745,8.4999546,1.5
112.4684332,27.3230900,-2.5359448,-2.5359448,-0.1137836,8.4999533,1.5
112.3040378,27.2092527,-2.5586685,-2.5586685,-0.1136853,8.4999554,1.5
112.1371258,27.0991983,-2.5813217,-2.5813217,-0.1132817,8.4999598,1.5
111.9677808,26.9929636,-2.6039653,-2.6039653,-0.1132203,8.4999630,1.5
111.7960469,26.8905743,-2.6268433,-2.6268433,-0.1133619,8.4999637,1.5
111.6220511,26.7921604,-2.6509771,-2.6509771,-0.1203044,8.4999632,1.5
111.4458967,26.6980624,-2.6759352,-2.6759352,-0.1261941,8.4999645,1.5
111.2673193,26.6083246,-2.7000189,-2.7000189,-0.1200140,8.4999655,1.5
111.0865108,26.5228556,-2.7236285,-2.7236285,-0.1181719,8.4999663,1.5
110.9037207,26.4416725,-2.7462979,-2.7462979,-0.1134293,8.4999667,1.5
110.7191073,26.3646411,-2.7672781,-2.7672781,-0.1049742,8.4999671,2.0
110.5329139,26.2914978,-2.7857729,-2.7857729,-0.0924917,8.4999673,2.0
110.3453948,26.2218086,-2.8011439,-2.8011439,-0.0767932,8.4999674,2.5
110.1568231,26.1550086,-2.8131644,-2.8131644,-0.0599759,8.4999676,3.0
109.9674568,26.0904783,-2.8220586,-2.8220586,-0.0443160,8.4999677,3.0
109.7775186,26.0276330,-2.8282902,-2.8282902,-0.0310087,8.4999678,3.0
109.5871899,25.9659717,-2.8323435,-2.8323435,-0.0201429,8.4999679,3.0
109.3966142,25.9050828,-2.8346099,-2.8346099,-0.0112412,8.4999680,3.0
109.2059105,25.8446290,-2.8354028,-2.8354028,-0.0038441,8.4999680,2.5
109.0151728,25.7843308,-2.8348644,-2.8348644,0.0025491,8.4999681,2.5
108.8244865,25.7239359,-2.8329181,-2.8329181,0.0099723,8.4999681,2.5
108.6339520,25.6631808,-2.8301375,-2.8301375,0.0148261,8.4999681,2.5
108.4436051,25.6019019,-2.8274035,-2.8274035,0.0131717,8.4999681,2.5
108.2534199,25.5401007,-2.8244532,-2.8244532,0.0148402,8.4999681,3.0
108.0634070,25.4777351,-2.8212614,-2.8212614,0.0159803,8.4999681,3.0
107.8735708,25.4147556,-2.8178713,-2.8178713,0.0169910,8.4999680,2.5
107.6839549,25.3511348,-2.8143271,-2.8143271,0.0177515,8.4999680,2.5
107.4945699,25.2868438,-2.8106749,-2.8106749,0.0182972,8.4999680,2.5
107.3054240,25.2218626,-2.8069610,-2.8069610,0.0186037,8.4999680,2.0
107.1165228,25.1561801,-2.8032403,-2.8032403,0.0186495,8.4999680,2.0
106.9278684,25.0897956,-2.7995704,-2.7995704,0.0183984,8.4999680,1.5
106.7394594,25.0227194,-2.7960217,-2.7960217,0.0178049,8.4999679,1.5
106.5512793,24.9549713,-2.7926739,-2.7926739,0.0168066,8.4999679,1.5
106.3633279,24.8865939,-2.7896196,-2.7896196,0.0153425,8.4999678,1.5
106.1755880,24.8176434,-2.7869674,-2.7869674,0.0133415,8.4999678,1.5
105.9880337,24.7481960,-2.7848373,-2.7848373,0.0107294,8.4999677,1.5
105.8006298,24.6783500,-2.7833674,-2.7833674,0.0074335,8.4999676,1.5
105.6133309,24.6082294,-2.7827060,-2.7827060,0.0033875,8.4999675,1.5
105.4260804,24.5379857,-2.7830138,-2.7830138,-0.0014622,8.4999674,2.0
105.2388101,24.4678003,-2.7844590,-2.7844590,-0.0071520,8.4999673,2.0
105.0514401,24.3978862,-2.7872099,-2.7872099,-0.0136952,8.4999672,2.0
104.8638801,24.3284884,-2.7914353,-2.7914353,-0.0210723,8.4999672,2.0
104.6760301,24.2598843,-2.7972859,-2.7972859,-0.0292176,8.4999674,2.0
104.4877836,24.1923810,-2.8048873,-2.8048873,-0.0379896,8.4999680,2.0
104.2990312,24.1263112,-2.8143377,-2.8143377,-0.0472365,8.4999691,2.0
104.1096649,24.0620288,-2.8257112,-2.8257112,-0.0568903,8.4999709,2.0
103.9195820,23.9999050,-2.8389654,-2.8389654,-0.0663368,8.4999732,2.0
103.7286947,23.9403067,-2.8539197,-2.8539197,-0.0748656,8.4999753,2.0
103.5369394,23.8835701,-2.8703195,-2.8703195,-0.0821070,8.4999764,1.5
103.3442797,23.8299858,-2.8878480,-2.8878480,-0.0877615,8.4999753,1.5
103.1507112,23.7797868,-2.9061668,-2.9061668,-0.0917128,8.4999701,1.5
102.9562433,23.7331390,-2.9249546,-2.9249546,-0.0940337,8.4999578,1.5
102.7609572,23.6901581,-2.9437568,-2.9437568,-0.0943546,8.4999339,1.5
102.5648991,23.6508567,-2.9624589,-2.9624589,-0.0929359,8.4998929,1.5
102.3680323,23.6152091,-2.9818922,-2.9818922,-0.0971303,8.4998461,1.5
102.1704630,23.5833862,-3.0020661,-3.0020661,-0.1009753,8.4998438,1.5
101.9723088,23.5555576,-3.0228564,-3.0228564,-0.1039282,8.4999069,1.5
101.7737822,23.5318739,-3.0443087,-3.0443087,-0.1073132,8.4999873,1.5
101.5747536,23.5124503,-3.0664879,-3.0664879,-0.1108767,8.4985575,1.5
101.3752886,23.4974413,-3.0894473,-3.0894473,-0.1147319,8.4955215,1.5
101.1754923,23.4870134,-3.1132271,-3.1132271,-0.1187886,8.4909992,1.5
100.9754863,23.4813386,-3.1378487,-3.1378487,-0.1229750,8.4851003,1.5
100.7754061,23.4805895,3.1198679,3.1198679,-0.1272169,8.4778985,1.5
100.5753982,23.4849353,3.0935732,3.0935732,-0.1314053,8.4694410,1.5
100.3756162,23.4945361,3.0665018,3.0665018,-0.1353887,8.4597533,1.5
100.1762152,23.5095375,3.0387480,3.0387480,-0.1389429,8.4488406,1.5
99.9773445,23.5300627,3.0104661,3.0104661,-0.1417408,8.4366875,1.5
99.7791412,23.5562024,2.9818997,2.9818997,-0.1432818,8.4232556,1.5
99.5817264,23.5879989,2.9534205,2.9534205,-0.1429663,8.4084843,1.5
99.3852066,23.6254212,2.9255816,2.9255816,-0.1395220,8.3923029,1.5
99.1896888,23.6683246,2.8986710,2.8986710,-0.1339472,8.3747104,1.5
98.9953818,23.7164769,2.8731998,2.8731998,-0.1292242,8.3560826,1.5
98.8025241,23.7695183,2.8513811,2.8513811,-0.1089735,8.3373177,1.5
98.6110006,23.8267155,2.8324200,2.8324200,-0.0946197,8.3189489,1.5
98.4206936,23.8875025,2.8148765,2.8148765,-0.0874209,8.3011129,1.5
98.2314443,23.9516315,2.7977141,2.7977141,-0.0851182,8.2838644,1.5
98.0432510,24.0190248,2.7798854,2.7798854,-0.0888160,8.2673408,1.5
97.8563439,24.0897417,2.7606341,2.7606341,-0.0962785,8.2515467,1.5
97.6707613,24.1640721,2.7395749,2.7395749,-0.1053902,8.2365286,1.5
97.4866617,24.2423464,2.7166826,2.7166826,-0.1145044,8.2223463,1.5
97.3042942,24.3248631,2.6921855,2.6921855,-0.1225800,8.2089982,1.5
97.1241757,24.4117386,2.6664216,2.6664216,-0.1290468,8.1963684,1.5
96.9464689,24.5031667,2.6397592,2.6397592,-0.1335780,8.1840826,1.5
96.7712033,24.5993324,2.6125858,2.6125858,-0.1360286,8.1715226,1.5
96.5985755,24.7002478,2.5854133,2.5854133,-0.1360804,8.1576227,1.5
96.4287281,24.8058317,2.5584013,2.5584013,-0.1349100,8.1426121,1.0
96.2617864,24.9159697,2.5325916,2.5325916,-0.1301877,8.1382035,1.0
96.0977153,25.0303983,2.5127666,2.5127666,-0.1003786,8.0889688,1.0
95.9359065,25.1480848,2.5022745,2.5022745,-0.0520836,7.8972002,1.0
95.7753415,25.2674624,2.5015772,2.5015772,-0.0041839,7.6675262,1.0
95.6148664,25.3869470,2.5114600,2.5114600,0.0501697,7.4602025,1.0
95.4532196,25.5048389,2.5297762,2.5297762,0.0927235,7.2951187,1.0
95.2894479,25.6197454,2.5540230,2.5540230,0.1220223,7.1592808,1.0
95.1229560,25.7306359,2.5826473,2.5826473,0.1436947,7.0425130,1.0
94.9533813,25.8367017,2.6147784,2.6147784,0.1612061,6.9387254,1.0
94.7805030,25.9372556,2.6499290,2.6499290,0.1761556,6.8446065,1.0
94.6041879,26.0316771,2.6879468,2.6879468,0.1904893,6.7600070,1.0
94.4243541,26.1193568,2.7285061,2.7285061,0.2040126,6.7085032,1.0
94.2410006,26.1997217,2.7702978,2.7702978,0.2097693,6.6931604,1.0
94.0543307,26.2724023,2.8119011,2.8119011,0.2081298,6.6771380,1.0
93.8648151,26.3372508,2.8522527,2.8522527,0.2021250,6.6610403,1.0
93.6732315,26.3942841,2.8903122,2.8903122,0.1903304,6.6451744,1.0
93.4802962,26.4438118,2.9279955,2.9279955,0.1869316,6.6297900,1.0
93.2852665,26.4861149,2.9659847,2.9659847,0.1927038,6.6152220,1.0
93.0887051,26.5209919,3.0045490,3.0045490,0.1928853,6.6017880,1.0
92.8901627,26.5483725,3.0458324,3.0458324,0.2066994,6.5896548,1.0
92.6915994,26.5674453,3.0885950,3.0885950,0.2144523,6.5789496,1.0
92.4919682,26.5780352,3.1319643,3.1319643,0.2168820,6.5695058,1.0
92.2918665,26.5799619,-3.1079090,-3.1079090,0.2163672,6.5613399,1.0
92.0918154,26.5732209,-3.0650288,-3.0650288,0.2142109,6.5544707,1.0
91.8922542,26.5579118,-3.0227551,-3.0227551,0.2112708,6.5489261,1.0
91.6935576,26.5341874,-2.9811436,-2.9811436,0.2080599,6.5447482,1.0
91.4960598,26.5022243,-2.9401847,-2.9401847,0.2049186,6.5419945,1.0
91.3000703,26.4622079,-2.8998470,-2.8998470,0.2018522,6.5407357,1.0
91.1058859,26.4143283,-2.8600967,-2.8600967,0.1991980,6.5410547,1.0
90.9137446,26.3587659,-2.8209188,-2.8209188,0.1957252,6.5431232,1.0
90.7239060,26.2957134,-2.7819434,-2.7819434,0.1948505,6.5471135,1.0
90.5367075,26.2253263,-2.7430988,-2.7430988,0.1941865,6.5532324,1.0
90.3523994,26.1477291,-2.7044334,-2.7044334,0.1933026,6.5616994,1.0
90.1712457,26.0630733,-2.6658889,-2.6658889,0.1927872,6.5727404,1.0
89.9934963,25.9715035,-2.6274944,-2.6274944,0.1920605,6.5866164,1.0
89.8193918,25.8731777,-2.5893314,-2.5893314,0.1909158,6.6036861,1.0
89.6491590,25.7682767,-2.5515428,-2.5515428,0.1890486,6.6245086,1.0
89.4830015,25.6570130,-2.5143697,-2.5143697,0.1859916,6.6499719,1.0
89.3210842,25.5396440,-2.4781795,-2.4781795,0.1811298,6.6814101,1.0
89.1635110,25.4164866,-2.4434765,-2.4434765,0.1737616,6.7206212,1.0
89.0102991,25.2879306,-2.4108746,-2.4108746,0.1633059,6.7696523,1.0
88.8613539,25.1544442,-2.3809918,-2.3809918,0.1496835,6.8302777,1.0
88.7164598,25.0165636,-2.3543010,-2.3543010,0.1336135,6.9033777,1.5
88.5752948,24.8748630,-2.3310387,-2.3310387,0.1163567,6.9887020,1.5
88.4374869,24.7299413,-2.3112298,-2.3112298,0.0990184,7.0855211,2.0
88.3025787,24.5823207,-2.2947863,-2.2947863,0.0821689,7.1922133,1.5
88.1701124,24.4324977,-2.2815837,-2.2815837,0.0659573,7.3075078,1.0
88.0396327,24.2809355,-2.2714846,-2.2714846,0.0504294,7.4303086,2.0
87.9106878,24.1280604,-2.2643441,-2.2643441,0.0356365,7.5595412,2.0
87.7828359,23.9742662,-2.2600144,-2.2600144,0.0215853,7.6941214,1.5
87.6556496,23.8199181,-2.2583829,-2.2583829,0.0081462,7.8329896,1.5
87.5287143,23.6653615,-2.2594774,-2.2594774,-0.0053473,7.9730231,1.5
87.4016094,23.5109433,-2.2635483,-2.2635483,-0.0201830,8.1025683,1.5
87.2738767,23.3570435,-2.2708639,-2.2708639,-0.0365335,8.2189568,1.5
87.1450215,23.2040822,-2.2814500,-2.2814500,-0.0530446,8.3196850,1.5
87.0145542,23.0524934,-2.2950284,-2.2950284,-0.0681473,8.4034074,1.5
86.8820405,22.9026899,-2.3111109,-2.3111109,-0.0806853,8.4680863,1.5
86.7471347,22.7550367,-2.3292564,-2.3292564,-0.0908302,8.4983631,1.5
86.6095722,22.6098558,-2.3492352,-2.3492352,-0.1000193,8.4856632,1.5
86.4691366,22.4674518,-2.3707184,-2.3707184,-0.1079177,8.4758991,1.5
86.3256741,22.3280972,-2.3931209,-2.3931209,-0.1121871,8.4887460,1.5
86.1791251,22.1919904,-2.4160866,-2.4160866,-0.1151850,8.4961648,1.5
86.0294951,22.0592900,-2.4392697,-2.4392697,-0.1160042,8.4995674,1.5
85.8768328,21.9300969,-2.4625975,-2.4625975,-0.1165467,8.4999749,1.5
85.7211892,21.8044924,-2.4861974,-2.4861974,-0.1180481,8.4981942,1.5
85.5626173,21.6825898,-2.5100922,-2.5100922,-0.1194796,8.4946949,1.5
85.4011717,21.5645060,-2.5342816,-2.5342816,-0.1209484,8.4898439,1.5
85.2369127,21.4503585,-2.5587661,-2.5587661,-0.1224106,8.4839185,1.5
85.0699061,21.3402651,-2.5835409,-2.5835409,-0.1238568,8.4771312,1.5
84.9002236,21.2343427,-2.6085945,-2.6085945,-0.1252518,8.4696490,1.5
84.7279435,21.1327058,-2.6339057,-2.6339057,-0.1265443,8.4616078,1.5
84.5531519,21.0354647,-2.6594380,-2.6594380,-0.1276645,8.4531215,1.5
84.3759440,20.9427225,-2.6851386,-2.6851386,-0.1285219,8.4442896,1.5
84.1964257,20.8545718,-2.7109295,-2.7109295,-0.1290049,8.4352017,1.5
84.0147155,20.7710898,-2.7367066,-2.7367066,-0.1289797,8.4259417,1.5
83.8309444,20.6923320,-2.7623381,-2.7623381,-0.1283032,8.4165908,1.5
83.6452569,20.6183265,-2.7876743,-2.7876743,-0.1268059,8.4072300,1.5
83.4575978,20.5489911,-2.8126202,-2.8126202,-0.1244745,8.3979521,1.5
83.2682448,20.4843503,-2.8373635,-2.8373635,-0.1237398,8.3888471,1.5
83.0774896,20.4244577,-2.8615194,-2.8615194,-0.1212968,8.3800035,1.5
82.8853678,20.3691970,-2.8847154,-2.8847154,-0.1157885,8.3715291,1.5
82.6919957,20.3184019,-2.9076605,-2.9076605,-0.1147528,8.3635094,1.0
82.4974918,20.2720526,-2.9306000,-2.9306000,-0.1146539,8.3559994,1.0
82.3019184,20.2301646,-2.9537123,-2.9537123,-0.1154470,8.3490270,1.0
82.1054368,20.1928090,-2.9770989,-2.9770989,-0.1168578,8.3426404,1.0
81.9082437,20.1600762,-3.0008323,-3.0008323,-0.1186914,8.3369121,1.5
81.7103100,20.1320295,-3.0249550,-3.0249550,-0.1206618,8.3318589,1.5
81.5117310,20.1087621,-3.0494649,-3.0494649,-0.1225998,8.3275419,1.5
81.3126159,20.0903660,-3.0743316,-3.0743316,-0.1243701,8.3240222,1.5
81.1130854,20.0769251,-3.0995109,-3.0995109,-0.1259295,8.3213526,1.5
80.9132664,20.0685114,-3.1249361,-3.1249361,-0.1271059,8.3195715,1.5
80.7132912,20.0651802,3.1325391,3.1325391,-0.1285258,8.3186945,1.5
80.5132974,20.0669909,3.1064716,3.1064716,-0.1304340,8.3187075,1.5
80.3134172,20.0740138,3.0802914,3.0802914,-0.1308565,8.3195557,1.5
80.1137810,20.0862671,3.0540582,3.0540582,-0.1311380,8.3211337,1.5
79.9145291,20.1037532,3.0277260,3.0277260,-0.1316335,8.3232774,1.5
79.7158028,20.1264798,3.0013698,3.0013698,-0.1317458,8.3257609,1.5
79.5177400,20.1544362,2.9750497,2.9750497,-0.1315520,8.3283011,1.5
79.3204777,20.1875960,2.9488193,2.9488193,-0.1311018,8.3305694,1.5
79.1241507,20.2259185,2.9227175,2.9227175,-0.1304562,8.3322119,1.5
78.9288910,20.2693518,2.8967779,2.8967779,-0.1296529,8.3328749,1.5
78.7348262,20.3178342,2.8710280,2.8710280,-0.1287162,8.3322335,1.5
78.5420795,20.3712956,2.8454945,2.8454945,-0.1276528,8.3300214,1.5
78.3507682,20.4296582,2.8202039,2.8202039,-0.1264566,8.3260607,1.5
78.1610030,20.4928370,2.7951878,2.7951878,-0.1251095,8.3202959,1.5
77.9728872,20.5607392,2.7704817,2.7704817,-0.1235806,8.3128385,1.5
77.7865153,20.6332643,2.7461351,2.7461351,-0.1218173,8.3040380,1.5
77.6019622,20.7103058,2.7222170,2.7222170,-0.1197060,8.2946259,1.5
77.4192813,20.7917493,2.6988517,2.6988517,-0.1169934,8.2861860,1.5
77.2385526,20.8774388,2.6762960,2.6762960,-0.1131129,8.2817719,1.5
77.0598039,20.9671819,2.6551949,2.6551949,-0.1064684,8.2880630,1.5
76.8829905,21.0606755,2.6374724,2.6374724,-0.0911538,8.3207329,1.5
76.7078607,21.1572884,2.6274858,2.6274858,-0.0502616,8.4010990,1.5
76.5336993,21.2556483,2.6271870,2.6271870,-0.0003321,8.4800785,1.5
76.3595656,21.3540612,2.6345240,2.6345240,0.0373081,8.4999797,1.5
76.1847166,21.4511927,2.6470639,2.6470639,0.0630955,8.4999795,1.5
76.0086664,21.5461224,2.6632485,2.6632485,0.0811974,8.4999724,1.5
75.8311058,21.6381890,2.6819667,2.6819667,0.0937378,8.4999337,1.5
75.6518562,21.7269145,2.7025140,2.7025140,0.1027961,8.4913119,1.5
75.4708252,21.8119367,2.7245120,2.7245120,0.1101367,8.4809862,1.5
75.2879731,21.8929540,2.7475185,2.7475185,0.1151826,8.4853247,1.5
75.1033132,21.9697403,2.7710571,2.7710571,0.1177516,8.4926886,1.5
74.9169072,22.0421552,2.7948804,2.7948804,0.1191753,8.4969749,1.5
74.7288464,22.1101029,2.8188785,2.8188785,0.1200106,8.4991359,1.5
74.5392218,22.1735142,2.8431259,2.8431259,0.1208754,8.4999297,1.5
74.3481461,22.2323000,2.8677576,2.8677576,0.1242227,8.4999973,1.5
74.1555866,22.2863883,2.8919937,2.8919937,0.1206151,8.4997967,1.5
73.9617732,22.3357942,2.9160684,2.9160684,0.1203635,8.4995531,1.5
73.7668447,22.3805161,2.9401190,2.9401190,0.1202493,8.4993675,1.5
73.5709028,22.4205362,2.9641554,2.9641554,0.1201996,8.4992540,1.5
73.3740609,22.4558345,2.9881776,2.9881776,0.1201262,8.4991807,1.5
73.1764286,22.4863944,3.0121937,3.0121937,0.1200937,8.4991041,1.5
72.9781170,22.5121999,3.0362142,3.0362142,0.1201100,8.4989892,1.5
72.7792378,22.5332354,3.0602518,3.0602518,0.1201851,8.4988150,1.5
72.5799031,22.5494853,3.0843176,3.0843176,0.1203196,8.4985687,1.5
72.3802267,22.5609343,3.1084150,3.1084150,0.1204829,8.4982406,1.5
72.1803552,22.5675680,3.1325415,3.1325415,0.1206367,8.4978424,1.5
71.9803869,22.5693780,-3.1264880,-3.1264880,0.1207891,8.4974262,1.5
71.7804310,22.5663575,-3.1023000,-3.1023000,0.1209488,8.4970411,1.5
71.5806032,22.5585017,-3.0780817,-3.0780817,0.1211004,8.4967327,1.5
71.3810199,22.5458089,-3.0538362,-3.0538362,0.1212318,8.4965370,1.5
71.1817984,22.5282809,-3.0295700,-3.0295700,0.1213346,8.4964758,1.5
70.9830565,22.5059237,-3.0052887,-3.0052887,0.1214054,8.4965548,1.5
70.7849119,22.4787473,-2.9809992,-2.9809992,0.1214440,8.4967647,1.5
70.5874824,22.4467660,-2.9567080,-2.9567080,0.1214520,8.4970837,1.5
70.3908852,22.4099983,-2.9324208,-2.9324208,0.1214325,8.4974810,1.5
70.1952369,22.3684667,-2.9081419,-2.9081419,0.1213886,8.4979210,1.5
70.0006533,22.3221974,-2.8838778,-2.8838778,0.1213232,8.4983674,1.5
69.8072489,22.2712206,-2.8596308,-2.8596308,0.1212395,8.4987874,1.5
69.6151584,22.2155759,-2.8354073,-2.8354073,0.1211343,8.4991520,1.5
69.4244759,22.1552961,-2.8112070,-2.8112070,0.1210147,8.4994452,1.5
69.2353052,22.0904189,-2.7870320,-2.7870320,0.1208825,8.4996618,1.5
69.0477556,22.0209870,-2.7628845,-2.7628845,0.1207426,8.4998058,1.5
68.8619355,21.9470463,-2.7387662,-2.7387662,0.1205968,8.4998886,1.5
68.6779501,21.8686448,-2.7147158,-2.7147158,0.1202835,8.4999268,1.5
68.4958906,21.7858357,-2.6907532,-2.6907532,0.1197183,8.4999378,1.5
68.3158626,21.6986858,-2.6667484,-2.6667484,0.1200094,8.4999362,1.5
68.1379851,21.6072434,-2.6427014,-2.6427014,0.1202369,8.4999318,1.5
67.9623577,21.5115504,-2.6186490,-2.6186490,0.1202408,8.4999295,1.5
67.7890816,21.4116607,-2.5945817,-2.5945817,0.1203201,8.4999307,1.5
67.6182601,21.3076304,-2.5704954,-2.5704954,0.1204113,8.4999348,1.5
67.4499939,21.1995164,-2.5463861,-2.5463861,0.1205284,8.4999402,1.5
67.2843839,21.0873781,-2.5222514,-2.5222514,0.1206579,8.4999454,1.5
67.1215297,20.9712769,-2.4980896,-2.4980896,0.1207950,8.4999495,1.5
66.9615298,20.8512765,-2.4739016,-2.4739016,0.1209312,8.4999518,1.5
66.8044814,20.7274434,-2.4496893,-2.4496893,0.1210584,8.4999521,1.5
66.6504801,20.5998470,-2.4254557,-2.4254557,0.1211681,8.4999506,1.5
66.4996196,20.4685597,-2.4012065,-2.4012065,0.1212520,8.4999483,1.5
66.3519910,20.3336570,-2.3769489,-2.3769489,0.1213037,8.4999469,1.5
66.2076828,20.1952179,-2.3526899,-2.3526899,0.1213190,8.4999486,1.5
66.0667803,20.0533243,-2.3284329,-2.3284329,0.1212973,8.4999539,1.5
65.9293331,19.9080256,-2.3041833,-2.3041833,0.1212392,8.4999613,1.5
65.7954412,19.7594278,-2.2799495,-2.2799495,0.1211585,8.4999698,1.5
65.6651941,19.6076348,-2.2557360,-2.2557360,0.1210634,8.4999800,1.5
65.5386661,19.4527400,-2.2315451,-2.2315451,0.1209556,8.4999821,1.5
65.4159281,19.2948381,-2.2073806,-2.2073806,0.1208366,8.4999410,1.5
65.2970471,19.1340247,-2.1832484,-2.1832484,0.1206831,8.4998367,1.5
65.1820858,18.9703962,-2.1591606,-2.1591606,0.1204641,8.4997428,1.5
65.0711010,18.8040494,-2.1351423,-2.1351423,0.1201257,8.4998499,1.5
64.9641419,18.6350831,-2.1112269,-2.1112269,0.1196039,8.4999476,1.5
64.8612482,18.4635979,-2.0874668,-2.0874668,0.1188232,8.4999604,1.5
64.7624578,18.2897168,-2.0639471,-2.0639471,0.1176846,8.4999622,1.5
64.6677980,18.1135866,-2.0408051,-2.0408051,0.1157990,8.4999632,1.5
64.5772440,17.9353226,-2.0182836,-2.0182836,0.1127966,8.4999638,1.5
64.4907288,17.7550675,-1.9966190,-1.9966190,0.1083690,8.4999643,1.5
64.4081772,17.5730653,-1.9758657,-1.9758657,0.1043171,8.4999647,2.0
64.3294261,17.3894028,-1.9573335,-1.9573335,0.0928932,8.4999651,2.0
64.2540348,17.2041720,-1.9419681,-1.9419681,0.0766289,8.4999655,2.5
64.1814838,17.0177671,-1.9294023,-1.9294023,0.0627042,8.4999659,2.5
64.1112847,16.8304757,-1.9193409,-1.9193409,0.0501596,8.4999663,2.0
64.0429705,16.6424791,-1.9114355,-1.9114355,0.0394071,8.4999666,1.5
63.9761437,16.4539458,-1.9053479,-1.9053479,0.0303460,8.4999670,1.5
63.9104629,16.2650007,-1.9008318,-1.9008318,0.0225181,8.4999672,1.5
63.8456327,16.0757511,-1.8977248,-1.8977248,0.0154884,8.4999675,1.5
63.7813874,15.8862909,-1.8959396,-1.8959396,0.0088998,8.4999677,1.5
63.7174780,15.6967091,-1.8954380,-1.8954380,0.0024962,8.4999679,1.5
63.6536633,15.5070941,-1.8962212,-1.8962212,-0.0039070,8.4999680,1.5
63.5897026,15.3175365,-1.8983149,-1.8983149,-0.0104424,8.4999682,2.0
63.5253512,15.1281310,-1.9017639,-1.9017639,-0.0172084,8.4999683,1.5
63.4603569,14.9389776,-1.9066285,-1.9066285,-0.0242787,8.4999684,1.5
63.3944416,14.7501380,-1.9129771,-1.9129771,-0.0317085,8.4999686,1.5
63.3273180,14.5616904,-1.9208840,-1.9208840,-0.0394977,8.4999688,1.5
63.2586996,14.3737606,-1.9304207,-1.9304207,-0.0476423,8.4999691,1.5
63.1882886,14.1864844,-1.9416575,-1.9416575,-0.0561175,8.4999695,1.5
63.1157770,14.0000094,-1.9546703,-1.9546703,-0.0649923,8.4999700,1.5
63.0408463,13.8144968,-1.9694978,-1.9694978,-0.0740650,8.4999707,1.5
62.9631753,13.6301205,-1.9861039,-1.9861039,-0.0829556,8.4999713,1.5
62.8824553,13.4470637,-2.0043849,-2.0043849,-0.0913357,8.4999715,1.5
62.7984041,13.2655165,-2.0241597,-2.0241597,-0.0988284,8.4999713,1.5
62.7107823,13.0856725,-2.0451477,-2.0451477,-0.1049351,8.4999702,1.5
62.6194142,12.9077239,-2.0669526,-2.0669526,-0.1090986,8.4999680,1.5
62.5242128,12.7318556,-2.0890443,-2.0890443,-0.1106756,8.4999646,1.5
62.4252071,12.5582338,-2.1107485,-2.1107485,-0.1089550,8.4999602,1.5
62.3225653,12.3869828,-2.1312982,-2.1312982,-0.1031958,8.4999552,1.5
62.2161542,12.2174436,-2.1498441,-2.1498441,-0.0929841,8.4999505,1.5
62.1065937,12.0498708,-2.1657073,-2.1657073,-0.0794269,8.4999472,1.5
61.9946190,11.8843971,-2.1794411,-2.1794411,-0.0669434,8.4999454,1.5
61.8805140,11.7206657,-2.1935689,-2.1935689,-0.0719423,8.4999457,1.5
61.7641386,11.5586062,-2.2087897,-2.2087897,-0.0752660,8.4999510,1.5
61.6450261,11.3979537,-2.2270264,-2.2270264,-0.0913375,8.4999610,1.5
61.5227572,11.2391798,-2.2483968,-2.2483968,-0.1071377,8.4999860,1.5
61.3974981,11.0835205,-2.2721066,-2.2721066,-0.1190128,8.4999399,1.5
61.2686060,10.9309007,-2.2974000,-2.2974000,-0.1267891,8.4994072,1.0
61.1357823,10.7814624,-2.3235997,-2.3235997,-0.1311405,8.4986859,1.0
60.9990312,10.6354928,-2.3501447,-2.3501447,-0.1327516,8.4982904,1.0
60.8584292,10.4931792,-2.3765654,-2.3765654,-0.1320777,8.4990396,1.0
60.7141083,10.3546216,-2.4024436,-2.4024436,-0.1293430,8.4999481,1.0
60.5662486,10.2198430,-2.4274075,-2.4274075,-0.1247726,8.4999652,1.5
60.4150711,10.0887975,-2.4510430,-2.4510430,-0.1181693,8.4999665,1.5
60.2608407,9.9613630,-2.4728068,-2.4728068,-0.1088664,8.4999673,1.5
60.1038772,9.8373179,-2.4919971,-2.4919971,-0.0960801,8.4999678,2.0
59.9445671,9.7163113,-2.5078689,-2.5078689,-0.0795175,8.4999680,1.5
59.7833619,9.5978523,-2.5199221,-2.5199221,-0.0603040,8.4999681,1.5
59.6207472,9.4813496,-2.5281415,-2.5281415,-0.0409087,8.4999682,1.5
59.4571909,9.3661948,-2.5329101,-2.5329101,-0.0235081,8.4999681,1.5
59.2931038,9.2518327,-2.5347313,-2.5347313,-0.0087452,8.4999681,1.5
59.1288124,9.1377722,-2.5340371,-2.5340371,0.0037195,8.4999681,2.0
58.9645778,9.0235821,-2.5311354,-2.5311354,0.0146376,8.4999680,2.0
58.8006615,8.9089063,-2.5262274,-2.5262274,0.0246015,8.4999680,2.0
58.6373018,8.7934216,-2.5194366,-2.5194366,0.0339673,8.4999681,2.0
58.4747270,8.6768280,-2.5108421,-2.5108421,0.0429602,8.4999682,2.0
58.3131614,8.5588423,-2.5004893,-2.5004893,0.0517431,8.4999684,2.0
58.1528302,8.4391935,-2.4884318,-2.4884318,0.0602686,8.4999686,2.0
57.9939600,8.3176254,-2.4747636,-2.4747636,0.0683291,8.4999689,1.5
57.8367762,8.1939051,-2.4596258,-2.4596258,0.0756988,8.4999690,1.5
57.6814985,8.0678321,-2.4432168,-2.4432168,0.0821011,8.4999688,1.5
57.5283358,7.9392496,-2.4258043,-2.4258043,0.0871802,8.4999681,1.5
57.3774745,7.8080540,-2.4077275,-2.4077275,0.0906110,8.4999667,1.5
57.2290702,7.6742078,-2.3893953,-2.3893953,0.0919293,8.4999645,1.5
57.0831380,7.5376577,-2.3710337,-2.3710337,0.0913078,8.4999617,1.5
56.9395284,7.3982482,-2.3522715,-2.3522715,0.0939705,8.4999591,1.5
56.7988139,7.2564253,-2.3339536,-2.3339536,0.0923785,8.4999587,1.5
56.6606858,7.1120122,-2.3166523,-2.3166523,0.0862182,8.4999599,1.5
56.5249838,6.9651304,-2.2993044,-2.2993044,0.0868032,8.4999614,2.0
56.3917931,6.8158527,-2.2819468,-2.2819468,0.0868940,8.4999629,2.0
56.2611893,6.6642577,-2.2648367,-2.2648367,0.0858005,8.4999641,2.5
56.1333611,6.5106460,-2.2483444,-2.2483444,0.0827192,8.4999650,2.5
56.0080476,6.3549024,-2.2328528,-2.2328528,0.0776198,8.4999658,2.5
55.8851321,6.1971982,-2.2186920,-2.2186920,0.0708665,8.4999664,3.0
55.7644411,6.0377416,-2.2060708,-2.2060708,0.0631037,8.4999669,3.0
55.6457585,5.8767559,-2.1950535,-2.1950535,0.0550384,8.4999673,3.0
55.5288481,5.7144605,-2.1855976,-2.1855976,0.0472209,8.4999676,2.5
55.4134720,5.5510590,-2.1775941,-2.1775941,0.0399557,8.4999678,2.5
55.2994036,5.3867339,-2.1709154,-2.1709154,0.0333351,8.4999680,2.0
55.1864323,5.2216464,-2.1654418,-2.1654418,0.0273232,8.4999682,1.5
55.0743642,5.0559399,-2.1610684,-2.1610684,0.0218275,8.4999683,1.5
54.9630207,4.8897431,-2.1577146,-2.1577146,0.0167430,8.4999684,1.5
54.8522352,4.7231738,-2.1553160,-2.1553160,0.0119715,8.4999684,1.5
54.7418509,4.5563413,-2.1538280,-2.1538280,0.0074277,8.4999684,1.5
54.6317178,4.3893490,-2.1532184,-2.1532184,0.0030402,8.4999684,1.5
54.5216906,4.2222958,-2.1534682,-2.1534682,-0.0012514,8.4999683,1.5
54.4116265,4.0552774,-2.1545678,-2.1545678,-0.0054970,8.4999682,1.5
54.3013836,3.8883874,-2.1565152,-2.1565152,-0.0097383,8.4999681,1.5
54.1908199,3.7217184,-2.1593173,-2.1593173,-0.0140084,8.4999680,1.5
54.0797917,3.5553630,-2.1629825,-2.1629825,-0.0183320,8.4999678,1.5
53.9681542,3.3894152,-2.1675272,-2.1675272,-0.0227248,8.4999676,1.5
53.8557605,3.2239718,-2.1729640,-2.1729640,-0.0271910,8.4999673,2.0
53.7424637,3.0591342,-2.1793094,-2.1793094,-0.0317300,8.4999671,2.0
53.6281166,2.8950093,-2.1865735,-2.1865735,-0.0363141,8.4999669,2.0
53.5125763,2.7317137,-2.1947636,-2.1947636,-0.0409672,8.4999668,2.0
53.3956979,2.5693635,-2.2039708,-2.2039708,-0.0458425,8.4999667,2.0
53.2773529,2.4081279,-2.2146751,-2.2146751,-0.0534367,8.4999668,2.0
53.1573673,2.2482729,-2.2265219,-2.2265219,-0.0597430,8.4999671,2.0
53.0354842,2.0898347,-2.2388999,-2.2388999,-0.0617043,8.4999674,1.5
52.9116073,1.9328640,-2.2524249,-2.2524249,-0.0676607,8.4999677,1.5
52.7856185,1.7775827,-2.2671261,-2.2671261,-0.0735649,8.4999676,1.5
52.6573477,1.6241549,-2.2829162,-2.2829162,-0.0790175,8.4999671,1.5
52.5266577,1.4727569,-2.2996402,-2.2996402,-0.0837124,8.4999660,1.5
52.3934423,1.3235524,-2.3171048,-2.3171048,-0.0874479,8.4999643,1.5
52.2576522,1.1767086,-2.3350819,-2.3350819,-0.0900563,8.4999626,1.5
52.1192758,1.0323623,-2.3533274,-2.3533274,-0.0913946,8.4999623,2.0
51.9782838,0.8905595,-2.3715787,-2.3715787,-0.0914011,8.4999632,2.0
51.8347217,0.7513480,-2.3895515,-2.3895515,-0.0899903,8.4999641,2.0
51.6886756,0.6147341,-2.4069464,-2.4069464,-0.0870811,8.4999649,2.0
51.5402707,0.4806770,-2.4234696,-2.4234696,-0.0826963,8.4999656,2.5
51.3896673,0.3490869,-2.4388461,-2.4388461,-0.0769401,8.4999661,2.5
51.2370553,0.2198254,-2.4528464,-2.4528464,-0.0700359,8.4999664,3.0
51.0826463,0.0927112,-2.4653216,-2.4653216,-0.0623774,8.4999667,3.0
50.9266618,-0.0324683,-2.4762123,-2.4762123,-0.0544376,8.4999669,3.0
50.7693218,-0.1559428,-2.4855495,-2.4855495,-0.0466541,8.4999670,3.0
50.6108345,-0.2779438,-2.4934270,-2.4934270,-0.0393472,8.4999671,3.0
50.4513902,-0.3986932,-2.4999736,-2.4999736,-0.0326944,8.4999672,3.0
50.2911579,-0.5183969,-2.5053326,-2.5053326,-0.0267552,8.4999673,3.0
50.1302856,-0.6372408,-2.5096419,-2.5096419,-0.0215141,8.4999674,3.0
49.9689019,-0.7553909,-2.5130314,-2.5130314,-0.0169183,8.4999674,3.0
49.8071180,-0.8729938,-2.5156177,-2.5156177,-0.0129030,8.4999675,3.0
49.6450299,-0.9901783,-2.5175032,-2.5175032,-0.0094045,8.4999675,3.0
49.4827207,-1.1070573,-2.5187805,-2.5187805,-0.0063672,8.4999676,3.0
49.3202619,-1.2237292,-2.5195322,-2.5195322,-0.0037405,8.4999676,2.5
49.1577155,-1.3402789,-2.5198344,-2.5198344,-0.0014921,8.4999677,2.5
48.9951333,-1.4567799,-2.5197511,-2.5197511,0.0004319,8.4999677,2.5
48.8325624,-1.5732933,-2.5193527,-2.5193527,0.0020083,8.4999677,3.0
48.6700362,-1.6898727,-2.5186235,-2.5186235,0.0035970,8.4999678,3.0
48.5075896,-1.8065745,-2.5175668,-2.5175668,0.0053879,8.4999678,3.0
48.3452761,-1.9234409,-2.5164704,-2.5164704,0.0055431,8.4999678,3.0
48.1831033,-2.0404762,-2.5154335,-2.5154335,0.0051345,8.4999678,3.0
48.0210518,-2.1576797,-2.5143772,-2.5143772,0.0052972,8.4999678,3.0
47.8591231,-2.2750551,-2.5133231,-2.5133231,0.0052754,8.4999678,3.0
47.6973184,-2.3926010,-2.5122968,-2.5122968,0.0051405,8.4999678,3.0
47.5356340,-2.5103132,-2.5113180,-2.5113180,0.0048990,8.4999678,2.5
47.3740649,-2.6281836,-2.5104058,-2.5104058,0.0045675,8.4999678,2.5
47.2126033,-2.7462014,-2.5095747,-2.5095747,0.0041597,8.4999678,2.0
47.0512399,-2.8643533,-2.5088381,-2.5088381,0.0036875,8.4999678,1.5
46.8899636,-2.9826240,-2.5082061,-2.5082061,0.0031615,8.4999678,1.5
46.7287621,-3.1009966,-2.5076887,-2.5076887,0.0025905,8.4999678,1.5
46.5676221,-3.2194524,-2.5072925,-2.5072925,0.0019822,8.4999678,1.5
46.4065291,-3.3379720,-2.5070244,-2.5070244,0.0013429,8.4999678,3.0
46.2454680,-3.4565347,-2.5068890,-2.5068890,0.0006782,8.4999678,3.0
46.0844231,-3.5751191,-2.5068905,-2.5068905,-0.0000071,8.4999678,3.0
45.9233781,-3.6937032,-2.5070322,-2.5070322,-0.0007081,8.4999678,3.0
45.7623164,-3.8122644,-2.5073163,-2.5073163,-0.0014202,8.4999678,2.5
45.6012211,-3.9307798,-2.5077441,-2.5077441,-0.0021381,8.4999678,2.0
45.4400752,-4.0492262,-2.5083149,-2.5083149,-0.0028559,8.4999678,2.5
45.2788617,-4.1675806,-2.5090279,-2.5090279,-0.0035664,8.4999678,2.5
45.1175639,-4.2858200,-2.5098801,-2.5098801,-0.0042612,8.4999678,3.0
44.9561654,-4.4039219,-2.5108655,-2.5108655,-0.0049298,8.4999678,2.5
44.7946506,-4.5218647,-2.5119766,-2.5119766,-0.0055600,8.4999678,2.5
44.6330048,-4.6396280,-2.5132037,-2.5132037,-0.0061374,8.4999678,2.5
44.4712147,-4.7571928,-2.5145318,-2.5145318,-0.0066452,8.4999678,2.0
44.3092685,-4.8745427,-2.5159436,-2.5159436,-0.0070644,8.4999678,2.0
44.1471567,-4.9916639,-2.5174171,-2.5174171,-0.0073737,8.4999678,2.0
43.9848725,-5.1085461,-2.5189253,-2.5189253,-0.0075486,8.4999678,1.5
43.8224118,-5.2251837,-2.5204372,-2.5204372,-0.0075685,8.4999678,1.5
43.6597750,-5.3415755,-2.5219133,-2.5219133,-0.0073844,8.4999678,1.5
43.4969670,-5.4577268,-2.5233652,-2.5233652,-0.0072459,8.4999678,1.5
43.3339804,-5.5736488,-2.5248031,-2.5248031,-0.0072248,8.4999678,1.5
43.1708128,-5.6893466,-2.5259810,-2.5259810,-0.0059953,8.4999677,1.5
43.0075129,-5.8048494,-2.5266921,-2.5266921,-0.0035011,8.4999677,2.0
42.8441369,-5.9202318,-2.5269973,-2.5269973,-0.0015633,8.4999676,2.0
42.6807246,-6.0355651,-2.5268122,-2.5268122,0.0009012,8.4999676,2.0
42.5173360,-6.1509270,-2.5260575,-2.5260575,0.0037390,8.4999675,2.0
42.3540359,-6.2664112,-2.5246406,-2.5246406,0.0070451,8.4999674,2.0
42.1909015,-6.3821253,-2.5224667,-2.5224667,0.0108227,8.4999673,2.0
42.0280208,-6.4981925,-2.5194359,-2.5194359,0.0151021,8.4999673,2.0
41.8654945,-6.6147515,-2.5154449,-2.5154449,0.0198995,8.4999672,2.0
41.7034362,-6.7319571,-2.5103877,-2.5103877,0.0252262,8.4999673,2.0
41.5419740,-6.8499798,-2.5041605,-2.5041605,0.0310794,8.4999673,2.0
41.3812508,-6.9690050,-2.4966620,-2.4966620,0.0374402,8.4999675,1.5
41.2214249,-7.0892318,-2.4877990,-2.4877990,0.0442673,8.4999678,1.5
41.0626707,-7.2108705,-2.4774794,-2.4774794,0.0515409,8.4999683,1.5
40.9051794,-7.3341416,-2.4656152,-2.4656152,0.0593203,8.4999690,1.5
40.7491604,-7.4592735,-2.4521795,-2.4521795,0.0672276,8.4999697,1.5
40.5948347,-7.5864919,-2.4372043,-2.4372043,0.0749373,8.4999703,1.5
40.4424290,-7.7160090,-2.4207575,-2.4207575,0.0823262,8.4999705,1.5
40.2921714,-7.8480173,-2.4029462,-2.4029462,0.0891563,8.4999700,1.5
40.1442860,-7.9826833,-2.3839095,-2.3839095,0.0952817,8.4999686,1.5
39.9989884,-8.1201423,-2.3638055,-2.3638055,0.1006045,8.4999663,1.5
39.8564817,-8.2604961,-2.3428028,-2.3428028,0.1050866,8.4999631,1.5
39.7169534,-8.4038124,-2.3210648,-2.3210648,0.1087380,8.4999594,1.5
39.5805743,-8.5501265,-2.2987528,-2.2987528,0.1116013,8.4999558,1.5
39.4474965,-8.6994434,-2.2760119,-2.2760119,0.1137313,8.4999532,1.5
39.3178538,-8.8517414,-2.2529712,-2.2529712,0.1152316,8.4999525,1.5
39.1917618,-9.0069765,-2.2297324,-2.2297324,0.1162220,8.4999546,1.5
39.0693204,-9.1650875,-2.2063866,-2.2063866,0.1167701,8.4999591,1.5
38.9506123,-9.3260014,-2.1830042,-2.1830042,0.1169450,8.4999626,1.5
38.8357085,-9.4896330,-2.1596166,-2.1596166,0.1169422,8.4999645,1.5
38.7246634,-9.6559059,-2.1360989,-2.1360989,0.1171713,8.4999658,1.5
38.6175497,-9.8247588,-2.1122895,-2.1122895,0.1197441,8.4999666,1.5
38.5144927,-9.9961032,-2.0887249,-2.0887249,0.1175114,8.4999671,1.5
38.4154922,-10.1698448,-2.0651694,-2.0651694,0.1177890,8.4999674,1.5
38.3206113,-10.3458701,-2.0415131,-2.0415131,0.1182987,8.4999676,1.5
38.2299143,-10.5241030,-2.0177539,-2.0177539,0.1188075,8.4999676,1.5
38.1434715,-10.7044521,-1.9939056,-1.9939056,0.1192464,8.4999676,1.5
38.0613486,-10.8868230,-1.9699795,-1.9699795,0.1196251,8.4999675,1.5
37.9836081,-11.0711161,-1.9459900,-1.9459900,0.1199402,8.4999673,1.5
37.9103078,-11.2572282,-1.9219488,-1.9219488,0.1201940,8.4999671,1.5
37.8415011,-11.4450527,-1.8978728,-1.8978728,0.1203904,8.4999668,1.5
37.7772536,-11.6344272,-1.8737736,-1.8737736,0.1205236,8.4999664,1.5
37.7175898,-11.8252894,-1.8496577,-1.8496577,0.1206033,8.4999659,1.5
37.6625434,-12.0175429,-1.8255328,-1.8255328,0.1206373,8.4999653,1.5
37.6121489,-12.2110751,-1.8014075,-1.8014075,0.1206306,8.4999648,1.5
37.5664363,-12.4057723,-1.7772892,-1.7772892,0.1205885,8.4999642,1.5
37.5254314,-12.6015196,-1.7531848,-1.7531848,0.1205167,8.4999636,1.5
37.4891557,-12.7982018,-1.7290980,-1.7290980,0.1204220,8.4999632,1.5
37.4576271,-12.9957032,-1.7050324,-1.7050324,0.1203121,8.4999631,1.5
37.4308599,-13.1939080,-1.6809897,-1.6809897,0.1201969,8.4999633,1.5
37.4088652,-13.3927003,-1.6569682,-1.6569682,0.1200880,8.4999635,1.5
37.3916516,-13.5919645,-1.6329642,-1.6329642,0.1199996,8.4999635,1.5
37.3792256,-13.7915851,-1.6089702,-1.6089702,0.1199470,8.4999650,1.5
37.3715924,-13.9914466,-1.5849768,-1.5849768,0.1199453,8.4999721,1.5
37.3687563,-14.1914337,-1.5609735,-1.5609735,0.1199958,8.4999848,1.5
37.3707209,-14.3914310,-1.5369500,-1.5369500,0.1200969,8.4999827,1.5
37.3774891,-14.5913229,-1.5128971,-1.5128971,0.1202444,8.4999096,1.5
37.3890628,-14.7909933,-1.4888138,-1.4888138,0.1204061,8.4997343,1.5
37.4054413,-14.9903259,-1.4647074,-1.4647074,0.1205250,8.4995138,1.5
37.4266195,-15.1892032,-1.4405963,-1.4405963,0.1205662,8.4994398,1.5
37.4525860,-15.3875104,-1.4165202,-1.4165202,0.1203628,8.4998267,1.5
37.4833181,-15.5851294,-1.3924949,-1.3924949,0.1202454,8.4999588,1.5
37.5187858,-15.7819368,-1.3687182,-1.3687182,0.1190183,8.4999638,1.5
37.5589216,-15.9778412,-1.3454605,-1.3454605,0.1164290,8.4999651,1.5
37.6036036,-16.1727643,-1.3229918,-1.3229918,0.1126831,8.4999659,1.5
37.6526561,-16.3666442,-1.3017779,-1.3017779,0.1065386,8.4999663,2.0
37.7058135,-16.5594519,-1.2824692,-1.2824692,0.0970173,8.4999665,2.0
37.7626825,-16.7511935,-1.2657818,-1.2657818,0.0837458,8.4999666,2.5
37.8227422,-16.9419566,-1.2522174,-1.2522174,0.0678762,8.4999667,3.0
37.8853830,-17.1318848,-1.2418121,-1.2418121,0.0518970,8.4999666,3.0
37.9499957,-17.3211482,-1.2341749,-1.2341749,0.0380118,8.4999666,3.0
38.0160512,-17.5099105,-1.2287324,-1.2287324,0.0270646,8.4999666,3.0
38.0831327,-17.6983095,-1.2249385,-1.2249385,0.0188629,8.4999666,3.0
38.1509286,-17.8864530,-1.2223548,-1.2223548,0.0128429,8.4999666,3.0
38.2192110,-18.0744224,-1.2206541,-1.2206541,0.0084467,8.4999666,3.0
38.2878139,-18.2622779,-1.2195978,-1.2195978,0.0052382,8.4999666,2.0
38.3566163,-18.4500639,-1.2190096,-1.2190096,0.0029048,8.4999667,2.5
38.4255303,-18.6378125,-1.2187572,-1.2187572,0.0012281,8.4999667,3.0
38.4944927,-18.8255465,-1.2187415,-1.2187415,0.0000546,8.4999668,3.0
38.5634589,-19.0132817,-1.2188817,-1.2188817,-0.0007264,8.4999669,3.0
38.6323993,-19.2010280,-1.2191167,-1.2191167,-0.0011975,8.4999669,3.0
38.7012958,-19.3887911,-1.2193978,-1.2193978,-0.0014230,8.4999670,3.0
38.7701395,-19.5765735,-1.2196852,-1.2196852,-0.0014544,8.4999671,3.0
38.8389289,-19.7643748,-1.2199501,-1.2199501,-0.0013343,8.4999672,3.0
38.9076680,-19.9521928,-1.2201674,-1.2201674,-0.0010986,8.4999672,3.0
38.9763656,-20.1400239,-1.2203220,-1.2203220,-0.0007778,8.4999673,3.0
39.0450334,-20.3278635,-1.2204003,-1.2204003,-0.0003981,8.4999674,3.0
39.1136857,-20.5157063,-1.2203968,-1.2203968,0.0000170,8.4999675,2.5
39.1823379,-20.7035468,-1.2203071,-1.2203071,0.0004495,8.4999675,2.0
39.2510063,-20.8913794,-1.2201315,-1.2201315,0.0008761,8.4999676,2.0
39.3197071,-21.0791983,-1.2198734,-1.2198734,0.0012990,8.4999676,2.0
39.3884562,-21.2669990,-1.2195404,-1.2195404,0.0016538,8.4999677,2.0
39.4572674,-21.4547756,-1.2191218,-1.2191218,0.0021026,8.4999677,2.0
39.5261565,-21.6425215,-1.2186320,-1.2186320,0.0024924,8.4999678,2.0
39.5951419,-21.8302455,-1.2181716,-1.2181716,0.0022961,8.4999678,1.5
39.6642192,-22.0179526,-1.2177664,-1.2177664,0.0020236,8.4999679,1.5
39.7333741,-22.2056359,-1.2174018,-1.2174018,0.0018215,8.4999679,1.5
39.8025981,-22.3932958,-1.2170852,-1.2170852,0.0015869,8.4999680,1.5
39.8718820,-22.5809351,-1.2168214,-1.2168214,0.0013184,8.4999680,1.5
39.9412151,-22.7685553,-1.2166184,-1.2166184,0.0010181,8.4999680,1.5
40.0105854,-22.9561590,-1.2164808,-1.2164808,0.0006866,8.4999681,1.5
40.0799800,-23.1437491,-1.2164172,-1.2164172,0.0003220,8.4999681,1.5
40.1493845,-23.3313293,-1.2164319,-1.2164319,-0.0000740,8.4999681,1.5
40.2187839,-23.5189042,-1.2165336,-1.2165336,-0.0004804,8.4999678,1.5
40.2881617,-23.7064793,-1.2167402,-1.2167402,-0.0010959,8.4842332,1.5
40.3574983,-23.8940621,-1.2169829,-1.2169829,-0.0012754,8.2594469,1.5
40.4267977,-24.0816843,-1.2172138,-1.2172138,-0.0010814,8.0263251,1.5
40.4960554,-24.2693269,-1.2174998,-1.2174998,-0.0013645,7.7845793,1.0
40.5652591,-24.4569884,-1.2180003,-1.2180003,-0.0021848,7.5327418,1.0
40.6343681,-24.6446824,-1.2192643,-1.2192643,-0.0058069,7.2724965,1.0
40.7032391,-24.8324617,-1.2223861,-1.2223861,-0.0149780,7.0070491,1.0
40.7715234,-25.0204547,-1.2289769,-1.2289769,-0.0323096,6.7415626,1.0
40.8385679,-25.2088956,-1.2410033,-1.2410033,-0.0596200,6.4833053,1.0
40.9033421,-25.3981314,-1.2603284,-1.2603284,-0.0963283,6.2402294,1.0
40.9644471,-25.5885825,-1.2881658,-1.2881658,-0.1390838,6.0186523,1.0
41.0202253,-25.7806532,-1.3248244,-1.3248244,-0.1833379,5.8213855,1.0
41.0689234,-25.9746266,-1.3697993,-1.3697993,-0.2250154,5.6474288,1.0
41.1088483,-26.1705787,-1.4220812,-1.4220812,-0.2616642,5.4927159,1.0
41.1384766,-26.3683364,-1.4802672,-1.4802672,-0.2910338,5.3508945,1.0
41.1565537,-26.5674734,-1.5435471,-1.5435471,-0.3163445,5.2135985,1.0
41.1620014,-26.7673453,-1.6120172,-1.6120172,-0.3423096,5.0745988,1.0
41.1537622,-26.9671113,-1.6858362,-1.6858362,-0.3690432,4.9303001,1.0
41.1308137,-27.1657135,-1.7652038,-1.7652038,-0.3967859,4.7769140,1.0
41.0921939,-27.3618584,-1.8504914,-1.8504914,-0.4263856,4.6100269,1.0
41.0370129,-27.5539766,-1.9421648,-1.9421648,-0.4582798,4.4239915,1.0
40.9644793,-27.7402284,-2.0410320,-2.0410320,-0.4950221,4.2111855,1.0
40.8739564,-27.9183311,-2.1462003,-2.1462003,-0.5245240,3.9607649,1.0
40.7651116,-28.0861411,-2.2637039,-2.2637039,-0.5818673,3.6565107,1.0
40.6371362,-28.2402845,-2.4069187,-2.4069187,-0.7158051,3.2679259,1.0
40.4881666,-28.3748592,-2.5668293,-2.5668293,-0.7981151,2.8068061,1.0
40.3194973,-28.4841079,-2.7118059,-2.7118059,-0.7233426,2.5137255,1.0
40.1367070,-28.5678922,-2.7037397,-2.7037397,-0.4080916,2.3474022,1.0
39.9623385,-28.6495246,-2.4860912,-2.4860912,2.0458728,2.5511146,1.0
39.8079665,-28.7682246,-2.6413108,-2.6413108,-0.8294687,2.8809879,1.0
39.6305173,-28.8652305,-2.7700499,-2.7700499,-0.6128096,3.1182462,1.0
39.4419225,-28.9387144,-2.8790773,-2.8790773,-0.5326350,3.3148902,1.0
39.2470336,-28.9910843,-2.9740778,-2.9740778,-0.4722114,3.4856632,1.0
39.0489798,-29.0245751,-3.0558430,-3.0558430,-0.4095828,3.6360819,1.0
38.8499766,-29.0416815,-3.1270577,-3.1270577,-0.3543628,3.7664599,1.0
38.6494054,-29.0445970,3.0934509,3.0934509,-0.3116235,3.8868183,1.0
38.4494073,-29.0349613,3.0381694,3.0381694,-0.2762379,3.9985210,1.0
38.2506676,-29.0143334,2.9885182,2.9885182,-0.2437483,4.1019261,1.0
38.0523125,-28.9837309,2.9396332,2.9396332,-0.2440367,4.1989095,1.0
37.8563914,-28.9436159,2.8901511,2.8901511,-0.2478828,4.2919620,1.0
37.6630004,-28.8939380,2.8410089,2.8410089,-0.2468710,4.3843977,1.0
37.4723908,-28.8348536,2.7939163,2.7939163,-0.2363356,4.4812546,1.0
37.2845658,-28.7667863,2.7499115,2.7499115,-0.2204976,4.5877386,1.0
37.0994740,-28.6903394,2.7100460,2.7100460,-0.1992239,4.7076112,1.0
36.9177176,-28.6066416,2.6748432,2.6748432,-0.1760028,4.8394714,1.0
36.7390969,-28.5166376,2.6442820,2.6442820,-0.1528890,4.9822200,1.0
36.5633481,-28.4212384,2.6180847,2.6180847,-0.1310940,5.1340749,1.5
36.3901765,-28.3212787,2.5959009,2.5959009,-0.1109991,5.2931586,1.5
36.2192704,-28.2175057,2.5773558,2.5773558,-0.0927674,5.4577511,2.0
36.0503178,-28.1105811,2.5620399,2.5620399,-0.0765825,5.6262870,2.5
35.8830199,-28.0010797,2.5495224,2.5495224,-0.0625589,5.7973491,3.0
35.7171034,-27.8894912,2.5393648,2.5393648,-0.0507420,5.9696652,3.0
35.5523275,-27.7762222,2.5311367,2.5311367,-0.0410845,6.1421063,3.0
35.3884905,-27.6616022,2.5244393,2.5244393,-0.0334354,6.3136821,3.0
35.2254244,-27.5458872,2.5189113,2.5189113,-0.0276187,6.4835320,3.0
35.0630022,-27.4292738,2.5143746,2.5143746,-0.0226863,6.6509427,3.0
34.9011428,-27.3119480,2.5107295,2.5107295,-0.0181080,6.8153473,3.0
34.7396986,-27.1940231,2.5074840,2.5074840,-0.0162455,6.9762275,3.0
34.5785797,-27.0755320,2.5044599,2.5044599,-0.0151036,7.1333049,3.0
34.4178111,-26.9565477,2.5017102,2.5017102,-0.0137231,7.2866164,3.0
34.2573750,-26.8371253,2.4991280,2.4991280,-0.0128863,7.4362304,3.0
34.0972463,-26.7172879,2.4966336,2.4966336,-0.0124540,7.5822043,3.0
33.9374179,-26.5970521,2.4941704,2.4941704,-0.0123080,7.7246245,3.0
33.7778863,-26.4764231,2.4917069,2.4917069,-0.0123178,7.8636124,3.0
33.6186528,-26.3554018,2.4892392,2.4892392,-0.0123500,7.9993342,3.0
33.4597188,-26.2339882,2.4867901,2.4867901,-0.0122635,8.1320129,3.0
33.3010830,-26.1121860,2.4844111,2.4844111,-0.0119274,8.2619351,3.0
33.1427376,-25.9900069,2.4821740,2.4821740,-0.0112019,8.3894397,3.0
32.9846662,-25.8674741,2.4801299,2.4801299,-0.0101994,8.4807829,3.0
32.8268458,-25.7446186,2.4782601,2.4782601,-0.0093755,8.4999676,3.0
32.6692555,-25.6214683,2.4766030,2.4766030,-0.0083289,8.4999677,2.0
32.5118696,-25.4980571,2.4752604,2.4752604,-0.0067326,8.4999678,3.0
32.3546495,-25.3744347,2.4742927,2.4742927,-0.0048342,8.4999678,2.5
32.1975491,-25.2506602,2.4737124,2.4737124,-0.0028912,8.4999678,3.0
32.0405206,-25.1267946,2.4734959,2.4734959,-0.0010673,8.4999678,3.0
31.8835188,-25.0028949,2.4736015,2.4736015,0.0005444,8.4999677,3.0
31.7265038,-24.8790117,2.4739785,2.4739785,0.0019030,8.4999677,3.0
31.5694421,-24.7551877,2.4745758,2.4745758,0.0030007,8.4999677,3.0
31.4123063,-24.6314574,2.4753430,2.4753430,0.0038484,8.4999677,3.0
31.2550755,-24.5078476,2.4762347,2.4762347,0.0044672,8.4999677,3.0
31.0977345,-24.3843780,2.4772089,2.4772089,0.0048829,8.4999677,3.0
30.9402731,-24.2610616,2.4782325,2.4782325,0.0051230,8.4999677,3.0
30.7826855,-24.1379064,2.4792740,2.4792740,0.0052145,8.4999677,3.0
30.6249696,-24.0149153,2.4803100,2.4803100,0.0051831,8.4999677,3.0
30.4671263,-23.8920876,2.4813200,2.4813200,0.0050527,8.4999677,3.0
30.3091589,-23.7694193,2.4822879,2.4822879,0.0048444,8.4999677,3.0
30.1510729,-23.6469040,2.4832036,2.4832036,0.0045776,8.4999676,3.0
29.9928744,-23.5245332,2.4840587,2.4840587,0.0042743,8.4999676,3.0
29.8345723,-23.4022985,2.4848573,2.4848573,0.0039974,8.4999676,3.0
29.6761758,-23.2801927,2.4855845,2.4855845,0.0036376,8.4999676,3.0
29.5176908,-23.1582023,2.4862271,2.4862271,0.0032118,8.4999676,3.0
29.3591263,-23.0363129,2.4867943,2.4867943,0.0028363,8.4999676,3.0
29.2004930,-22.9145137,2.4872907,2.4872907,0.0024796,8.4999676,3.0
29.0417992,-22.7927932,2.4877187,2.4877187,0.0021383,8.4999676,3.0
28.8830534,-22.6711407,2.4880820,2.4880820,0.0018171,8.4999676,3.0
28.7242633,-22.5495458,2.4883856,2.4883856,0.0015188,8.4999676,3.0
28.5654364,-22.4279992,2.4886353,2.4886353,0.0012457,8.4999676,3.0
28.4065791,-22.3064922,2.4888354,2.4888354,0.0009986,8.4999676,3.0
28.2476975,-22.1850170,2.4889913,2.4889913,0.0007781,8.4999676,3.0
28.0887970,-22.0635666,2.4891079,2.4891079,0.0005839,8.4999676,3.0
27.9298823,-21.9421347,2.4891914,2.4891914,0.0004150,8.4999676,3.0
27.7709575,-21.8207161,2.4892459,2.4892459,0.0002704,8.4999676,3.0
27.6120260,-21.6993061,2.4892756,2.4892756,0.0001486,8.4999676,2.5
27.4530910,-21.5779009,2.4892852,2.4892852,0.0000478,8.4999676,2.5
27.2941548,-21.4564972,2.4892787,2.4892787,-0.0000338,8.4999676,2.5
27.1352193,-21.3350924,2.4892595,2.4892595,-0.0000980,8.4999676,2.5
26.9762862,-21.2136846,2.4892299,2.4892299,-0.0001469,8.4999676,3.0
26.8173567,-21.0922721,2.4891935,2.4891935,-0.0001822,8.4999676,3.0
26.6584316,-20.9708538,2.4891528,2.4891528,-0.0002058,8.4999676,3.0
26.4995114,-20.8494290,2.4891086,2.4891086,-0.0002195,8.4999676,3.0
26.3405966,-20.7279972,2.4890640,2.4890640,-0.0002248,8.4999676,3.0
26.1816872,-20.6065583,2.4890194,2.4890194,-0.0002233,8.4999676,3.0
26.0227832,-20.4851123,2.4889763,2.4889763,-0.0002162,8.4999676,3.0
25.8638845,-20.3636595,2.4889352,2.4889352,-0.0002049,8.4999676,3.0
25.7049907,-20.2422001,2.4888974,2.4888974,-0.0001903,8.4999676,3.0
25.5461015,-20.1207347,2.4888625,2.4888625,-0.0001735,8.4999676,3.0
25.3872166,-19.9992638,2.4888314,2.4888314,-0.0001552,8.4999676,3.0
25.2283354,-19.8777879,2.4888043,2.4888043,-0.0001361,8.4999677,3.0
25.0694575,-19.7563077,2.4887808,2.4887808,-0.0001169,8.4999677,3.0
24.9105825,-19.6348238,2.4887612,2.4887612,-0.0000979,8.4999677,2.5
24.7517099,-19.5133368,2.4887458,2.4887458,-0.0000795,8.4999677,2.0
24.5928391,-19.3918473,2.4887330,2.4887330,-0.0000620,8.4999677,2.0
24.4339699,-19.2703558,2.4887237,2.4887237,-0.0000456,8.4999677,2.0
24.2751018,-19.1488628,2.4887180,2.4887180,-0.0000304,8.4999677,2.0
24.1162344,-19.0273689,2.4887141,2.4887141,-0.0000165,8.4999677,2.0
23.9573675,-18.9058744,2.4887137,2.4887137,-0.0000039,8.4999677,2.0
23.7985006,-18.7843798,2.4887155,2.4887155,0.0000074,8.4999677,2.0
23.6396335,-18.6628855,2.4887184,2.4887184,0.0000174,8.4999677,3.0
23.4807661,-18.5413917,2.4887240,2.4887240,0.0000262,8.4999677,3.0
23.3218979,-18.4198987,2.4887305,2.4887305,0.0000338,8.4999677,2.5
23.1630290,-18.2984068,2.4887387,2.4887387,0.0000403,8.4999677,2.5
23.0041591,-18.1769162,2.4887476,2.4887476,0.0000458,8.4999677,2.5
22.8452881,-18.0554270,2.4887583,2.4887583,0.0000504,8.4999677,2.5
22.6864158,-17.9339395,2.4887683,2.4887683,0.0000541,8.4999677,1.5
22.5275423,-17.8124536,2.4887801,2.4887801,0.0000571,8.4999677,2.5
22.3686674,-17.6909696,2.4887922,2.4887922,0.0000593,8.4999677,2.5
22.2097910,-17.5694875,2.4888043,2.4888043,0.0000609,8.4999677,2.5
22.0509131,-17.4480073,2.4888161,2.4888161,0.0000620,8.4999677,2.5
21.8920338,-17.3265290,2.4888293,2.4888293,0.0000625,8.4999677,2.5
21.7331529,-17.2050528,2.4888414,2.4888414,0.0000625,8.4999677,2.5
21.5742705,-17.0835785,2.4888539,2.4888539,0.0000622,8.4999677,2.5
21.4153866,-16.9621062,2.4888664,2.4888664,0.0000614,8.4999677,2.5
21.2565012,-16.8406359,2.4888781,2.4888781,0.0000604,8.4999677,2.5
21.0976143,-16.7191674,2.4888903,2.4888903,0.0000591,8.4999677,2.5
20.9387260,-16.5977009,2.4889017,2.4889017,0.0000576,8.4999677,2.5
20.7798363,-16.4762362,2.4889127,2.4889127,0.0000560,8.4999677,2.5
20.6209452,-16.3547732,2.4889235,2.4889235,0.0000543,8.4999677,2.5
20.4620529,-16.2333120,2.4889345,2.4889345,0.0000525,8.4999677,2.5
20.3031592,-16.1118525,2.4889441,2.4889441,0.0000508,8.4999677,2.5
20.1442643,-15.9903945,2.4889545,2.4889545,0.0000491,8.4999677,2.5
19.9853682,-15.8689382,2.4889634,2.4889634,0.0000474,8.4999677,2.5
19.8264710,-15.7474833,2.4889727,2.4889727,0.0000460,8.4999677,1.5
19.6675727,-15.6260299,2.4889814,2.4889814,0.0000425,8.4999677,1.5
19.5086731,-15.5045777,2.4889883,2.4889883,0.0000346,8.4999677,1.5
19.3497724,-15.3831264,2.4889951,2.4889951,0.0000338,8.4999677,1.5
19.1908709,-15.2616762,2.4890031,2.4890031,0.0000405,8.4999677,1.5
19.0319686,-15.1402274,2.4890112,2.4890112,0.0000391,8.4999677,1.5
18.8730652,-15.0187798,2.4890184,2.4890184,0.0000384,8.4999677,1.5
18.7141610,-14.8973334,2.4890262,2.4890262,0.0000376,8.4999677,1.5
18.5552558,-14.7758882,2.4890333,2.4890333,0.0000369,8.4999677,1.5
18.3963497,-14.6544441,2.4890412,2.4890412,0.0000364,8.4999677,1.5
18.2374427,-14.5330013,2.4890476,2.4890476,0.0000360,8.4999677,1.5
18.0785349,-14.4115595,2.4890551,2.4890551,0.0000356,8.4999677,1.5
17.9196262,-14.2901189,2.4890626,2.4890626,0.0000353,8.4999677,1.5
17.7607166,-14.1686795,2.4890690,2.4890690,0.0000351,8.4999677,1.5
17.6018062,-14.0472411,2.4890765,2.4890765,0.0000349,8.4999677,1.5
17.4428949,-13.9258039,2.4890829,2.4890829,0.0000348,8.4999677,1.5
17.2839828,-13.8043677,2.4890904,2.4890904,0.0000346,8.4999677,1.5
17.1250698,-13.6829327,2.4890965,2.4890965,0.0000345,8.4999677,1.5
16.9661561,-13.5614987,2.4891043,2.4891043,0.0000343,8.4999677,2.5
16.8072414,-13.4400659,2.4891104,2.4891104,0.0000342,8.4999677,1.5
16.6483260,-13.3186341,2.4891175,2.4891175,0.0000340,8.4999677,2.5
16.4894097,-13.1972034,2.4891243,2.4891243,0.0000338,8.4999677,2.5
16.3304926,-13.0757738,2.4891307,2.4891307,0.0000336,8.4999677,2.5
16.1715747,-12.9543452,2.4891382,2.4891382,0.0000334,8.4999677,2.5
16.0126559,-12.8329178,2.4891439,2.4891439,0.0000333,8.4999677,1.5
15.8537364,-12.7114913,2.4891511,2.4891511,0.0000331,8.4999677,2.5
15.6948161,-12.5900660,2.4891574,2.4891574,0.0000330,8.4999677,2.5
15.5358949,-12.4686416,2.4891643,2.4891643,0.0000329,8.4999677,2.5
15.3769730,-12.3472184,2.4891706,2.4891706,0.0000329,8.4999677,2.5
15.2180502,-12.2257961,2.4891775,2.4891775,0.0000328,8.4999677,2.5
15.0591267,-12.1043750,2.4891835,2.4891835,0.0000329,8.4999677,2.5
14.9002024,-11.9829548,2.4891903,2.4891903,0.0000330,8.4999677,2.5
14.7412773,-11.8615357,2.4891974,2.4891974,0.0000331,8.4999677,2.0
14.5823513,-11.7401177,2.4892035,2.4892035,0.0000333,8.4999677,2.5
14.4234246,-11.6187007,2.4892106,2.4892106,0.0000335,8.4999677,2.0
14.2644970,-11.4972848,2.4892171,2.4892171,0.0000337,8.4999677,2.5
14.1055687,-11.3758700,2.4892238,2.4892238,0.0000339,8.4999677,2.5
13.9466395,-11.2544562,2.4892310,2.4892310,0.0000342,8.4999677,2.0
13.7877095,-11.1330436,2.4892374,2.4892374,0.0000344,8.4999677,2.5
13.6287787,-11.0116320,2.4892445,2.4892445,0.0000347,8.4999677,2.5
13.4698470,-10.8902215,2.4892520,2.4892520,0.0000350,8.4999677,2.5
13.3109144,-10.7688122,2.4892585,2.4892585,0.0000352,8.4999677,2.5
13.1519811,-10.6474040,2.4892659,2.4892659,0.0000354,8.4999677,2.5
12.9930468,-10.5259969,2.4892727,2.4892727,0.0000357,8.4999677,2.5
12.8341117,-10.4045909,2.4892799,2.4892799,0.0000359,8.4999677,2.5
12.6751758,-10.2831861,2.4892873,2.4892873,0.0000361,8.4999677,2.5
12.5162389,-10.1617824,2.4892945,2.4892945,0.0000363,8.4999677,2.5
12.3573012,-10.0403799,2.4893020,2.4893020,0.0000366,8.4999677,2.5
12.1983626,-9.9189786,2.4893091,2.4893091,0.0000368,8.4999677,2.5
12.0394231,-9.7975784,2.4893163,2.4893163,0.0000370,8.4999677,2.5
11.8804828,-9.6761794,2.4893241,2.4893241,0.0000372,8.4999677,1.5
11.7215415,-9.5547816,2.4893316,2.4893316,0.0000375,8.4999677,1.5
11.5625993,-9.4333850,2.4893391,2.4893391,0.0000377,8.4999677,1.5
11.4036562,-9.3119896,2.4893466,2.4893466,0.0000378,8.4999677,1.5
11.2447122,-9.1905954,2.4893541,2.4893541,0.0000380,8.4999677,1.5
11.0857673,-9.0692024,2.4893619,2.4893619,0.0000382,8.4999677,1.5
10.9268214,-8.9478106,2.4893698,2.4893698,0.0000383,8.4999677,1.5
10.7678746,-8.8264201,2.4893769,2.4893769,0.0000384,8.4999677,1.5
10.6089269,-8.7050307,2.4893848,2.4893848,0.0000385,8.4999677,1.5
10.4499783,-8.5836426,2.4893927,2.4893927,0.0000385,8.4999677,1.5
10.2910288,-8.4622558,2.4894001,2.4894001,0.0000386,8.4999677,1.5
10.1320783,-8.3408701,2.4894080,2.4894080,0.0000388,8.4999677,1.5
9.9731269,-8.2194857,2.4894162,2.4894162,0.0000389,8.4999677,1.5
9.8141745,-8.0981026,2.4894237,2.4894237,0.0000392,8.4999677,1.5
9.6552212,-7.9767207,2.4894318,2.4894318,0.0000395,8.4999677,1.5
9.4962668,-7.8553400,2.4894393,2.4894393,0.0000400,8.4999677,1.5
9.3373115,-7.7339605,2.4894479,2.4894479,0.0000406,8.4999677,1.5
9.1783552,-7.6125824,2.4894557,2.4894557,0.0000413,8.4999677,1.5
9.0193979,-7.4912055,2.4894646,2.4894646,0.0000422,8.4999677,3.0
8.8604395,-7.3698300,2.4894732,2.4894732,0.0000433,8.4999677,3.0
8.7014801,-7.2484559,2.4894821,2.4894821,0.0000445,8.4999677,3.0
8.5425196,-7.1270832,2.4894910,2.4894910,0.0000459,8.4999677,2.5
8.3835580,-7.0057119,2.4895010,2.4895010,0.0000475,8.4999677,2.5
8.2245952,-6.8843422,2.4895103,2.4895103,0.0000491,8.4999677,2.5
8.0656313,-6.7629740,2.4895206,2.4895206,0.0000509,8.4999677,2.5
7.9066661,-6.6416074,2.4895313,2.4895313,0.0000528,8.4999677,2.5
7.7476996,-6.5202425,2.4895424,2.4895424,0.0000548,8.4999677,1.5
7.5887318,-6.3988794,2.4895534,2.4895534,0.0000568,8.4999677,2.5
7.4297626,-6.2775180,2.4895652,2.4895652,0.0000587,8.4999677,2.5
7.2707920,-6.1561585,2.4895777,2.4895777,0.0000605,8.4999677,3.0
7.1118199,-6.0348010,2.4895898,2.4895898,0.0000622,8.4999677,3.0
6.9528463,-5.9134454,2.4896026,2.4896026,0.0000636,8.4999677,2.5
6.7938711,-5.7920918,2.4896155,2.4896155,0.0000647,8.4999677,2.5
6.6348944,-5.6707403,2.4896287,2.4896287,0.0000654,8.4999677,2.5
6.4759161,-5.5493909,2.4896415,2.4896415,0.0000654,8.4999677,2.5
6.3169362,-5.4280435,2.4896544,2.4896544,0.0000648,8.4999677,2.0
6.1579548,-5.3066982,2.4896672,2.4896672,0.0000634,8.4999677,2.0
5.9989718,-5.1853549,2.4896797,2.4896797,0.0000609,8.4999677,1.5
5.8399873,-5.0640136,2.4896904,2.4896904,0.0000572,8.4999677,1.0
5.6810015,-4.9426740,2.4897014,2.4897014,0.0000522,8.4999677,1.0
5.5220143,-4.8213361,2.4897104,2.4897104,0.0000456,8.4999677,1.0
5.3630261,-4.6999997,2.4897175,2.4897175,0.0000373,8.4999677,1.0
5.2040370,-4.5786644,2.4897229,2.4897229,0.0000270,8.4999677,1.0
5.0450473,-4.4573300,2.4897261,2.4897261,0.0000146,8.4999677,1.5
4.8860572,-4.3359961,2.4897257,2.4897257,-0.0000000,8.4999677,1.5
4.7270671,-4.2146621,2.4897225,2.4897225,-0.0000171,8.4999677,3.0
4.5680774,-4.0933276,2.4897150,2.4897150,-0.0000367,8.4999677,3.0
4.4090886,-3.9719919,2.4897033,2.4897033,-0.0000589,8.4999677,3.0
4.2501013,-3.8506544,2.4896861,2.4896861,-0.0000837,8.4999677,3.0
4.0911160,-3.7293141,2.4896644,2.4896644,-0.0001110,8.4999677,2.5
3.9321334,-3.6079704,2.4896355,2.4896355,-0.0001408,8.4999676,2.5
3.7731543,-3.4866221,2.4896016,2.4896016,-0.0001727,8.4999676,2.5
3.6141793,-3.3652684,2.4895599,2.4895599,-0.0002065,8.4999676,2.5
3.4552094,-3.2439081,2.4895117,2.4895117,-0.0002416,8.4999676,2.5
3.2962453,-3.1225401,2.4894561,2.4894561,-0.0002775,8.4999676,2.5
3.1372880,-3.0011633,2.4893933,2.4893933,-0.0003133,8.4999676,2.5
2.9783383,-2.8797765,2.4893241,2.4893241,-0.0003480,8.4999676,2.5
2.8193970,-2.7583787,2.4892478,2.4892478,-0.0003805,8.4999676,1.5
2.6604650,-2.6369688,2.4891661,2.4891661,-0.0004092,8.4999676,2.0
2.5015429,-2.5155459,2.4890801,2.4890801,-0.0004325,8.4999676,2.0
2.3426312,-2.3941093,2.4889903,2.4889903,-0.0004485,8.4999676,1.5
2.1837305,-2.2726585,2.4888997,2.4888997,-0.0004549,8.4999676,1.0
2.0248408,-2.1511933,2.4888102,2.4888102,-0.0004491,8.4999676,1.0
1.8659620,-2.0297139,2.4887249,2.4887249,-0.0004285,8.4999676,1.0
1.7070935,-1.9082209,2.4886476,2.4886476,-0.0003899,8.4999676,1.0
1.5482345,-1.7867157,2.4885819,2.4885819,-0.0003301,8.4999676,1.0
1.3893834,-1.6652000,2.4885334,2.4885334,-0.0002456,8.4999676,1.0
1.2305382,-1.5436766,2.4885078,2.4885078,-0.0001327,8.4999676,1.0
1.0716962,-1.4221492,2.4885110,2.4885110,0.0000123,8.4999676,1.0
0.9128538,-1.3006223,2.4885506,2.4885506,0.0001933,8.4999676,1.0
0.7540066,-1.1791017,2.4886344,2.4886344,0.0004140,8.4999676,1.5
0.5951492,-1.0575944,2.4887714,2.4887714,0.0006779,8.4999676,1.5
0.4362752,-0.9361089,2.4889697,2.4889697,0.0009882,8.4999676,1.5
0.2773771,-0.8146549,2.4892412,2.4892412,0.0013474,8.4999676,3.0
0.1184461,-0.6932441,2.4895936,2.4895936,0.0017576,8.4999676,3.0
-0.0405277,-0.5718893,2.4900391,2.4900391,0.0022197,8.4999676,3.0
-0.1995556,-0.4506053,2.4905872,2.4905872,0.0027334,8.4999676,3.0
-0.3586498,-0.3294086,2.4912477,2.4912477,0.0032970,8.4999676,2.5
-0.5178240,-0.2083170,2.4920305,2.4920305,0.0039068,8.4999676,2.5
-0.6770930,-0.0873500,2.4929427,2.4929427,0.0045573,8.4999676,2.5
-0.8364722,0.0334716,2.4939913,2.4939913,0.0052389,8.4999677,2.5
-0.9959780,0.1541260,2.4951861,2.4951861,0.0059591,8.4999677,2.5
-1.1556278,0.2745897,0.0000000,0.0000000,0.0067607,8.4999348,1.0
