x_m,y_m,heading,theta_rad,kappa_1pm,v_mps,ld_m
-11.7710031,-14.7499748,-1.9405307,-1.9405307,0.1208645,8.3325496,1.249882
-11.8432634,-14.9364253,-1.9167590,-1.9167590,0.1187115,8.3116622,1.246749
-11.9110729,-15.1245447,-1.8930211,-1.8930211,0.1178267,8.2485608,1.237284
-11.9743993,-15.3142240,-1.8684515,-1.8684515,0.1229438,8.1862609,1.227939
-12.0330476,-15.5054047,-1.8429471,-1.8429471,0.1279816,8.1639297,1.224589
-12.0868025,-15.6980228,-1.8169586,-1.8169586,0.1299683,8.1460700,1.221910
-12.1355348,-15.8919761,-1.7906178,-1.7906178,0.1317623,8.1285455,1.219282
-12.1791424,-16.0871478,-1.7639493,-1.7639493,0.1333629,8.1110633,1.216659
-12.2175303,-16.2834136,-1.7369598,-1.7369598,0.1349736,8.0935561,1.214033
-12.2506075,-16.4806424,-1.7096405,-1.7096405,0.1366183,8.0759994,1.211400
-12.2782843,-16.6786969,-1.6819849,-1.6819849,0.1383083,8.0583959,1.208759
-12.3004730,-16.8774330,-1.6539897,-1.6539897,0.1400291,8.0407772,1.206117
-12.3170889,-17.0766983,-1.6256555,-1.6256555,0.1417488,8.0232019,1.203480
-12.3280516,-17.2763314,-1.5969988,-1.5969988,0.1434147,8.0057451,1.200862
-12.3332888,-17.4761602,-1.5680342,-1.5680342,0.1449506,7.9884826,1.198272
-12.3327362,-17.6762258,-1.5388065,-1.5388065,0.1461673,7.9714993,1.195725
-12.3263359,-17.8762307,-1.5094082,-1.5094082,0.1469738,7.9548414,1.193226
-12.3140592,-18.0759645,-1.4799650,-1.4799650,0.1471934,7.9385497,1.190782
-12.2959113,-18.2752125,-1.4506542,-1.4506542,0.1465859,7.9226589,1.188399
-12.2719445,-18.4737388,-1.4217212,-1.4217212,0.1448442,7.9072020,1.186080
-12.2422744,-18.6712901,-1.3934664,-1.3934664,0.1415814,7.8922136,1.183832
-12.2070240,-18.8679863,-1.3662464,-1.3662464,0.1362788,7.8777629,1.181664
-12.1663373,-19.0641128,-1.3405887,-1.3405887,0.1284850,7.8639456,1.179592
-12.1207408,-19.2586683,-1.3170525,-1.3170525,0.1179797,7.8507559,1.177613
-12.0705826,-19.4520801,-1.2960342,-1.2960342,0.1051923,7.8383189,1.175748
-12.0163081,-19.6446167,-1.2776644,-1.2776644,0.0921432,7.8267588,1.174014
-11.9586057,-19.8357939,-1.2608758,-1.2608758,0.0802147,7.8160635,1.172410
-11.8977368,-20.0258667,-1.2424584,-1.2424584,0.0929017,7.8063688,1.170955
-11.8331917,-20.2153325,-1.2221415,-1.2221415,0.0997882,7.7976401,1.169646
-11.7650653,-20.4027479,-1.1986271,-1.1986271,0.1180790,7.7900502,1.168508
-11.6922835,-20.5891954,-1.1721592,-1.1721592,0.1324733,7.7834625,1.167519
-11.6144821,-20.7739145,-1.1434969,-1.1434969,0.1435852,7.7779499,1.166692
-11.5318013,-20.9554883,-1.1132975,-1.1132975,0.1514547,7.7736897,1.166053
-11.4435473,-21.1347434,-1.0820277,-1.0820277,0.1565543,7.7705757,1.165586
-11.3496627,-21.3112821,-1.0501339,-1.0501339,0.1595257,7.7686486,1.165297
-11.2501662,-21.4847897,-1.0179554,-1.0179554,0.1608702,7.7679433,1.165191
-11.1451303,-21.6550204,-0.9857495,-0.9857495,0.1609762,7.7684899,1.165273
-11.0346674,-21.8217806,-0.9537072,-0.9537072,0.1601409,7.7703157,1.165547
-10.9189201,-21.9849144,-0.9219726,-0.9219726,0.1585923,7.7734468,1.166017
-10.7980548,-22.1442937,-0.8906549,-0.8906549,0.1565058,7.7779107,1.166687
-10.6722562,-22.2998127,-0.8598339,-0.8598339,0.1540164,7.7837372,1.167561
-10.5417222,-22.4513843,-0.8295732,-0.8295732,0.1512287,7.7909597,1.168644
-10.4066604,-22.5989388,-0.7999177,-0.7999177,0.1482241,7.7996155,1.169942
-10.2672838,-22.7424227,-0.7709000,-0.7709000,0.1450676,7.8097447,1.171462
-10.1238079,-22.8817975,-0.7425397,-0.7425397,0.1418123,7.8213886,1.173208
-9.9764475,-23.0170386,-0.7148517,-0.7148517,0.1385033,7.8345863,1.175188
-9.8254268,-23.1481246,-0.6878370,-0.6878370,0.1351549,7.8494310,1.177415
-9.6709346,-23.2750718,-0.6614841,-0.6614841,0.1317909,7.8660074,1.179901
-9.5131317,-23.3979191,-0.6357751,-0.6357751,0.1285371,7.8841857,1.182628
-9.3522104,-23.5166786,-0.6106896,-0.6106896,0.1253905,7.9039288,1.185589
-9.1883567,-23.6313673,-0.5861852,-0.5861852,0.1224908,7.9251748,1.188776
-9.0217399,-23.7420083,-0.5622556,-0.5622556,0.1196204,7.9478438,1.192177
-8.8525354,-23.8486234,-0.5389141,-0.5389141,0.1166939,7.9718541,1.195778
-8.6809252,-23.9512385,-0.5159702,-0.5159702,0.1146668,7.9971402,1.199571
-8.5070203,-24.0498814,-0.4931765,-0.4931765,0.1140317,8.0236723,1.203551
-8.3309017,-24.1445408,-0.4706078,-0.4706078,0.1129120,8.0514939,1.207724
-8.1526931,-24.2352010,-0.4483430,-0.4483430,0.1113823,8.0807878,1.212118
-7.9725111,-24.3218709,-0.4264484,-0.4264484,0.1095873,8.1119289,1.216789
-7.7904595,-24.4045823,-0.4050475,-0.4050475,0.1071506,8.1456280,1.221844
-7.6066551,-24.4833895,-0.3843141,-0.3843141,0.1038301,8.1830136,1.227452
-7.4212614,-24.5583671,-0.3644837,-0.3644837,0.0993180,8.2252561,1.233788
-7.2344213,-24.6296523,-0.3458465,-0.3458465,0.0933499,8.2738616,1.241079
-7.0462878,-24.6974422,-0.3287359,-0.3287359,0.0856502,8.3303217,1.249548
-6.8570236,-24.7620027,-0.3134347,-0.3134347,0.0766501,8.3957691,1.259365
-6.6667946,-24.8236595,-0.3002724,-0.3002724,0.0656564,8.4706473,1.270597
-6.4757708,-24.8828071,-0.2889243,-0.2889243,0.0566538,8.4998681,1.274980
-6.2840887,-24.9397830,-0.2788426,-0.2788426,0.0504298,8.4999685,1.274995
-6.0918425,-24.9948234,-0.2699958,-0.2699958,0.0442780,8.4999690,1.274995
-5.8991173,-25.0481608,-0.2625551,-0.2625551,0.0372254,8.4999689,1.274995
-5.7060010,-25.1000626,-0.2565759,-0.2565759,0.0298996,8.4999688,1.274995
-5.5125782,-25.1508087,-0.2520223,-0.2520223,0.0227522,8.4999686,1.274995
-5.3189268,-25.2006734,-0.2487827,-0.2487827,0.0161669,8.4999685,1.274995
-5.1251152,-25.2499104,-0.2467080,-0.2467080,0.0103337,8.4999684,1.274995
-4.9312022,-25.2987451,-0.2456336,-0.2456336,0.0053224,8.4999683,1.274995
-4.7372370,-25.3473714,-0.2453986,-0.2453986,0.0011228,8.4999682,1.274995
-4.5432604,-25.3959521,-0.2458511,-0.2458511,-0.0023151,8.4999681,1.274995
-4.3493057,-25.4446206,-0.2468522,-0.2468522,-0.0050593,8.4999681,1.274995
-4.1553996,-25.4934833,-0.2482791,-0.2482791,-0.0071831,8.4999680,1.274995
-3.9615632,-25.5426227,-0.2500208,-0.2500208,-0.0087599,8.4999680,1.274995
-3.7678124,-25.5920997,-0.2519842,-0.2519842,-0.0098596,8.4999680,1.274995
-3.5741588,-25.6419571,-0.2540856,-0.2540856,-0.0105487,8.4999679,1.274995
-3.3806101,-25.6922214,-0.2562564,-0.2562564,-0.0108889,8.4999679,1.274995
-3.1871707,-25.7429058,-0.2584377,-0.2584377,-0.0109372,8.4999679,1.274995
-2.9938421,-25.7940121,-0.2605819,-0.2605819,-0.0107461,8.4999679,1.274995
-2.8006232,-25.8455329,-0.2626497,-0.2626497,-0.0103632,8.4999678,1.274995
-2.6075110,-25.8974532,-0.2646126,-0.2646126,-0.0098309,8.4999678,1.274995
-2.4145009,-25.9497525,-0.2664479,-0.2664479,-0.0091871,8.4999678,1.274995
-2.2215869,-26.0024060,-0.2681389,-0.2681389,-0.0084644,8.4999678,1.274995
-2.0287620,-26.0553857,-0.2696765,-0.2696765,-0.0076910,8.4999678,1.274995
-1.8360185,-26.1086619,-0.2710540,-0.2710540,-0.0068904,8.4999677,1.274995
-1.6433484,-26.1622036,-0.2722704,-0.2722704,-0.0060821,8.4999677,1.274995
-1.4507433,-26.2159797,-0.2733272,-0.2733272,-0.0052814,8.4999677,1.274995
-1.2581949,-26.2699594,-0.2742285,-0.2742285,-0.0045004,8.4999676,1.274995
-1.0656949,-26.3241127,-0.2749788,-0.2749788,-0.0037482,8.4999676,1.274995
-0.8732353,-26.3784105,-0.2755858,-0.2755858,-0.0030308,8.4999676,1.274995
-0.6808084,-26.4328252,-0.2760578,-0.2760578,-0.0023525,8.4999675,1.274995
-0.4884069,-26.4873308,-0.2764020,-0.2764020,-0.0017153,8.4999675,1.274995
-0.2960239,-26.5419027,-0.2766273,-0.2766273,-0.0011201,8.4999674,1.274995
-0.1036530,-26.5965180,-0.2767413,-0.2767413,-0.0005666,8.4999674,1.274995
0.0887119,-26.6511553,-0.2767535,-0.2767535,-0.0000537,8.4999673,1.274995
0.2810763,-26.7057950,-0.2766703,-0.2766703,0.0004199,8.4999673,1.274995
0.4734453,-26.7604187,-0.2764999,-0.2764999,0.0008557,8.4999672,1.274995
0.6658235,-26.8150096,-0.2762495,-0.2762495,0.0012550,8.4999672,1.274995
0.8582153,-26.8695523,-0.2759265,-0.2759265,0.0016185,8.4999671,1.274995
1.0506245,-26.9240328,-0.2755383,-0.2755383,0.0019461,8.4999671,1.274995
1.2430545,-26.9784385,-0.2750916,-0.2750916,0.0022369,8.4999670,1.274995
1.4355079,-27.0327580,-0.2745943,-0.2745943,0.0024883,8.4999670,1.274995
1.6279894,-27.0869821,-0.2740610,-0.2740610,0.0026763,8.4999669,1.274995
1.8204929,-27.1411016,-0.2735379,-0.2735379,0.0026379,8.4999669,1.274995
2.0130083,-27.1951158,-0.2730157,-0.2730157,0.0025754,8.4999669,1.274995
2.2055617,-27.2490322,-0.2724376,-0.2724376,0.0029108,8.4999669,1.274995
2.3981581,-27.3028406,-0.2718601,-0.2718601,0.0028935,8.4999669,1.274995
2.5907828,-27.3565370,-0.2713131,-0.2713131,0.0027408,8.4999669,1.274995
2.7834375,-27.4101282,-0.2708172,-0.2708172,0.0024857,8.4999669,1.274995
2.9761189,-27.4636239,-0.2703962,-0.2703962,0.0021101,8.4999669,1.274995
3.1688229,-27.5170385,-0.2700791,-0.2700791,0.0015945,8.4999669,1.274995
3.3615442,-27.5703921,-0.2698971,-0.2698971,0.0009185,8.4999669,1.274995
3.5542755,-27.6237107,-0.2698867,-0.2698867,0.0000610,8.4999670,1.274995
3.7470077,-27.6770274,-0.2700892,-0.2700892,-0.0009986,8.4999670,1.274995
3.9397294,-27.7303832,-0.2705478,-0.2705478,-0.0022804,8.4999670,1.274995
4.1324270,-27.7838275,-0.2713114,-0.2713114,-0.0038024,8.4999670,1.274995
4.3250840,-27.8374190,-0.2724308,-0.2724308,-0.0055806,8.4999670,1.274995
4.5176812,-27.8912262,-0.2739602,-0.2739602,-0.0076268,8.4999671,1.274995
4.7101962,-27.9453280,-0.2759542,-0.2759542,-0.0099488,8.4999671,1.274995
4.9026031,-27.9998136,-0.2784684,-0.2784684,-0.0125480,8.4999671,1.274995
5.0948725,-28.0547828,-0.2815564,-0.2815564,-0.0154188,8.4999672,1.274995
5.2869713,-28.1103455,-0.2852700,-0.2852700,-0.0185470,8.4999672,1.274995
5.4788625,-28.1666212,-0.2896553,-0.2896553,-0.0219085,8.4999673,1.274995
5.6705049,-28.2237378,-0.2947521,-0.2947521,-0.0254679,8.4999674,1.274995
5.8618536,-28.2818304,-0.3005888,-0.3005888,-0.0291782,8.4999675,1.274995
6.0528598,-28.3410388,-0.3071849,-0.3071849,-0.0329820,8.4999676,1.274995
6.2434710,-28.4015057,-0.3145450,-0.3145450,-0.0368121,8.4999677,1.274995
6.4336318,-28.4633738,-0.3226551,-0.3226551,-0.0405862,8.4999678,1.274995
6.6232844,-28.5267820,-0.3314801,-0.3314801,-0.0441854,8.4999679,1.274995
6.8123686,-28.5918609,-0.3409496,-0.3409496,-0.0474334,8.4999679,1.274995
7.0008278,-28.6587273,-0.3509629,-0.3509629,-0.0501688,8.4999677,1.274995
7.1886080,-28.7274774,-0.3613912,-0.3613912,-0.0522565,8.4999673,1.274995
7.3756609,-28.7981819,-0.3720829,-0.3720829,-0.0535792,8.4999667,1.274995
7.5619471,-28.8708822,-0.3828664,-0.3828664,-0.0540410,8.4999664,1.274995
7.7474384,-28.9455870,-0.3935562,-0.3935562,-0.0535685,8.4999666,1.274995
7.9321206,-29.0222704,-0.4039713,-0.4039713,-0.0521767,8.4999667,1.274995
8.1159942,-29.1008731,-0.4139503,-0.4139503,-0.0499775,8.4999668,1.274995
8.2990744,-29.1813068,-0.4233613,-0.4233613,-0.0471154,8.4999670,1.274995
8.4813898,-29.2634600,-0.4321020,-0.4321020,-0.0437455,8.4999671,1.274995
8.6629804,-29.3472037,-0.4401022,-0.4401022,-0.0400295,8.4999672,1.274995
8.8438955,-29.4323976,-0.4473252,-0.4473252,-0.0361226,8.4999672,1.274995
9.0241907,-29.5188961,-0.4537568,-0.4537568,-0.0321622,8.4999673,1.274995
9.2039261,-29.6065525,-0.4594110,-0.4594110,-0.0282637,8.4999673,1.274995
9.3831631,-29.6952238,-0.4643174,-0.4643174,-0.0245177,8.4999674,1.274995
9.5619630,-29.7847735,-0.4685189,-0.4685189,-0.0209912,8.4999674,1.274995
9.7403852,-29.8750737,-0.4720681,-0.4720681,-0.0177297,8.4999674,1.274995
9.9184858,-29.9660066,-0.4750250,-0.4750250,-0.0147608,8.4999674,1.274995
10.0963167,-30.0574657,-0.4774479,-0.4774479,-0.0120979,8.4999674,1.274995
10.2739255,-30.1493554,-0.4794005,-0.4794005,-0.0097435,8.4999674,1.274995
10.4513545,-30.2415917,-0.4809427,-0.4809427,-0.0076922,8.4999674,1.274995
10.6286410,-30.3341015,-0.4821326,-0.4821326,-0.0059326,8.4999674,1.274995
10.8058173,-30.4268222,-0.4830253,-0.4830253,-0.0044494,8.4999674,1.274995
10.9829107,-30.5197010,-0.4836734,-0.4836734,-0.0032238,8.4999674,1.274995
11.1599438,-30.6126945,-0.4841223,-0.4841223,-0.0022354,8.4999674,1.274995
11.3369352,-30.7057675,-0.4844171,-0.4844171,-0.0014618,8.4999674,1.274995
11.5138990,-30.7988926,-0.4845954,-0.4845954,-0.0008799,8.4999674,1.274995
11.6908463,-30.8920493,-0.4846898,-0.4846898,-0.0004660,8.4999674,1.274995
11.8677848,-30.9852227,-0.4847305,-0.4847305,-0.0001961,8.4999674,1.274995
12.0447195,-31.0784033,-0.4847406,-0.4847406,-0.0000463,8.4999674,1.274995
12.2216533,-31.1715857,-0.4847406,-0.4847406,0.0000070,8.4999674,1.274995
12.3985871,-31.2647681,-0.4847435,-0.4847435,-0.0000133,8.4999674,1.274995
12.5755206,-31.3579510,-0.4847607,-0.4847607,-0.0000851,8.4999674,1.274995
12.7524526,-31.4511370,-0.4847987,-0.4847987,-0.0001881,8.4999674,1.274995
12.9293810,-31.5443297,-0.4848593,-0.4848593,-0.0003043,8.4999674,1.274995
13.1063039,-31.6375332,-0.4849432,-0.4849432,-0.0004188,8.4999674,1.274995
13.2832189,-31.7307515,-0.4850474,-0.4850474,-0.0005213,8.4999674,1.274995
13.4601243,-31.8239883,-0.4851680,-0.4851680,-0.0006062,8.4999674,1.274995
13.6370184,-31.9172464,-0.4853024,-0.4853024,-0.0006711,8.4999674,1.274995
13.8139000,-32.0105283,-0.4854454,-0.4854454,-0.0007159,8.4999674,1.274995
13.9907683,-32.1038355,-0.4855935,-0.4855935,-0.0007419,8.4999674,1.274995
14.1676228,-32.1971689,-0.4857433,-0.4857433,-0.0007512,8.4999675,1.274995
14.3444633,-32.2905288,-0.4858925,-0.4858925,-0.0007462,8.4999675,1.274995
14.5212899,-32.3839151,-0.4860384,-0.4860384,-0.0007293,8.4999675,1.274995
14.6981029,-32.4773272,-0.4861786,-0.4861786,-0.0007029,8.4999675,1.274995
14.8749028,-32.5707641,-0.4863124,-0.4863124,-0.0006691,8.4999675,1.274995
15.0516903,-32.6642247,-0.4864388,-0.4864388,-0.0006300,8.4999675,1.274995
15.2284659,-32.7577076,-0.4865558,-0.4865558,-0.0005873,8.4999675,1.274995
15.4052306,-32.8512112,-0.4866643,-0.4866643,-0.0005425,8.4999675,1.274995
15.5819852,-32.9447340,-0.4867640,-0.4867640,-0.0004968,8.4999675,1.274995
15.7587304,-33.0382744,-0.4868537,-0.4868537,-0.0004513,8.4999675,1.274995
15.9354673,-33.1318307,-0.4869354,-0.4869354,-0.0004068,8.4999675,1.274995
16.1121965,-33.2254014,-0.4870081,-0.4870081,-0.0003639,8.4999675,1.274995
16.2889190,-33.3189850,-0.4870727,-0.4870727,-0.0003232,8.4999675,1.274995
16.4656354,-33.4125800,-0.4871300,-0.4871300,-0.0002850,8.4999676,1.274995
16.6423464,-33.5061851,-0.4871797,-0.4871797,-0.0002495,8.4999676,1.274995
16.8190528,-33.5997990,-0.4872231,-0.4872231,-0.0002169,8.4999676,1.274995
16.9957552,-33.6934206,-0.4872606,-0.4872606,-0.0001871,8.4999676,1.274995
17.1724540,-33.7870488,-0.4872929,-0.4872929,-0.0001602,8.4999676,1.274995
17.3491498,-33.8806827,-0.4873199,-0.4873199,-0.0001361,8.4999676,1.274995
17.5258431,-33.9743214,-0.4873425,-0.4873425,-0.0001146,8.4999676,1.274995
17.7025343,-34.0679641,-0.4873624,-0.4873624,-0.0000956,8.4999676,1.274995
17.8792236,-34.1616103,-0.4873776,-0.4873776,-0.0000789,8.4999676,1.274995
18.0559115,-34.2552592,-0.4873908,-0.4873908,-0.0000644,8.4999676,1.274995
18.2325981,-34.3489104,-0.4874009,-0.4874009,-0.0000517,8.4999676,1.274995
18.4092838,-34.4425634,-0.4874094,-0.4874094,-0.0000407,8.4999676,1.274995
18.5859687,-34.5362179,-0.4874154,-0.4874154,-0.0000313,8.4999676,1.274995
18.7626531,-34.6298735,-0.4874204,-0.4874204,-0.0000232,8.4999676,1.274995
18.9393369,-34.7235299,-0.4874235,-0.4874235,-0.0000163,8.4999677,1.274995
19.1160205,-34.8171869,-0.4874253,-0.4874253,-0.0000105,8.4999677,1.274995
19.2927039,-34.9108442,-0.4874271,-0.4874271,-0.0000055,8.4999677,1.274995
19.4693871,-35.0045018,-0.4874266,-0.4874266,-0.0000013,8.4999677,1.274995
19.6460703,-35.0981593,-0.4874266,-0.4874266,0.0000022,8.4999677,1.274995
19.8227535,-35.1918168,-0.4874255,-0.4874255,0.0000051,8.4999677,1.274995
19.9994368,-35.2854741,-0.4874242,-0.4874242,0.0000076,8.4999677,1.274995
20.1761203,-35.3791312,-0.4874222,-0.4874222,0.0000095,8.4999677,1.274995
20.3528039,-35.4727879,-0.4874199,-0.4874199,0.0000111,8.4999677,1.274995
20.5294877,-35.5664442,-0.4874173,-0.4874173,0.0000123,8.4999677,1.274995
20.7061717,-35.6601000,-0.4874148,-0.4874148,0.0000132,8.4999677,1.274995
20.8828560,-35.7537554,-0.4874121,-0.4874121,0.0000137,8.4999677,1.274995
21.0595405,-35.8474103,-0.4874094,-0.4874094,0.0000137,8.4999677,1.274995
21.2362252,-35.9410647,-0.4874068,-0.4874068,0.0000146,8.4999677,1.274995
21.4129101,-36.0347186,-0.4874017,-0.4874017,0.0000158,8.4999677,1.274995
21.5895964,-36.1283721,-0.4873887,-0.4873887,0.0000718,8.4999677,1.274995
21.7662843,-36.2220235,-0.4873752,-0.4873752,0.0000788,8.4999677,1.274995
21.9429721,-36.3156718,-0.4873726,-0.4873726,0.0000022,8.4999677,1.274995
22.1196597,-36.4093194,-0.4873728,-0.4873728,0.0000008,8.4999677,1.274995
22.2963476,-36.5029672,-0.4873735,-0.4873735,-0.0000049,8.4999677,1.274995
22.4730354,-36.5966151,-0.4873752,-0.4873752,-0.0000086,8.4999677,1.274995
22.6497230,-36.6902633,-0.4873779,-0.4873779,-0.0000125,8.4999677,1.274995
22.8264104,-36.7839120,-0.4873813,-0.4873813,-0.0000161,8.4999677,1.274995
23.0030975,-36.8775613,-0.4873849,-0.4873849,-0.0000195,8.4999677,1.274995
23.1797842,-36.9712112,-0.4873895,-0.4873895,-0.0000227,8.4999677,1.274995
23.3564706,-37.0648620,-0.4873945,-0.4873945,-0.0000256,8.4999677,1.274995
23.5331564,-37.1585136,-0.4874003,-0.4874003,-0.0000284,8.4999677,1.274995
23.7098418,-37.2521663,-0.4874063,-0.4874063,-0.0000309,8.4999677,1.274995
23.8865265,-37.3458200,-0.4874133,-0.4874133,-0.0000333,8.4999677,1.274995
24.0632107,-37.4394750,-0.4874202,-0.4874202,-0.0000356,8.4999677,1.274995
24.2398942,-37.5331312,-0.4874276,-0.4874276,-0.0000376,8.4999677,1.274995
24.4165770,-37.6267887,-0.4874361,-0.4874361,-0.0000396,8.4999677,1.274995
24.5932590,-37.7204477,-0.4874439,-0.4874439,-0.0000413,8.4999677,1.274995
24.7699403,-37.8141081,-0.4874524,-0.4874524,-0.0000429,8.4999677,1.274995
24.9466208,-37.9077700,-0.4874613,-0.4874613,-0.0000444,8.4999677,1.274995
25.1233005,-38.0014335,-0.4874703,-0.4874703,-0.0000457,8.4999677,1.274995
25.2999794,-38.0950986,-0.4874797,-0.4874797,-0.0000468,8.4999677,1.274995
25.4766573,-38.1887653,-0.4874895,-0.4874895,-0.0000478,8.4999677,1.274995
25.6533344,-38.2824338,-0.4874994,-0.4874994,-0.0000487,8.4999677,1.274995
25.8300105,-38.3761040,-0.4875088,-0.4875088,-0.0000493,8.4999677,1.274995
26.0066858,-38.4697759,-0.4875191,-0.4875191,-0.0000498,8.4999677,1.274995
26.1833601,-38.5634496,-0.4875287,-0.4875287,-0.0000501,8.4999677,1.274995
26.3600335,-38.6571250,-0.4875394,-0.4875394,-0.0000503,8.4999677,1.274995
26.5367059,-38.7508023,-0.4875490,-0.4875490,-0.0000503,8.4999677,1.274995
26.7133774,-38.8444813,-0.4875591,-0.4875591,-0.0000501,8.4999677,1.274995
26.8900480,-38.9381621,-0.4875690,-0.4875690,-0.0000498,8.4999677,1.274995
27.0667176,-39.0318446,-0.4875790,-0.4875790,-0.0000493,8.4999677,1.274995
27.2433863,-39.1255289,-0.4875884,-0.4875884,-0.0000486,8.4999677,1.274995
27.4200542,-39.2192149,-0.4875983,-0.4875983,-0.0000478,8.4999677,1.274995
27.5967211,-39.3129026,-0.4876074,-0.4876074,-0.0000469,8.4999677,1.274995
27.7733871,-39.4065919,-0.4876168,-0.4876168,-0.0000459,8.4999677,1.274995
27.9500523,-39.5002829,-0.4876255,-0.4876255,-0.0000448,8.4999677,1.274995
28.1267166,-39.5939754,-0.4876345,-0.4876345,-0.0000438,8.4999677,1.274995
28.3033801,-39.6876695,-0.4876432,-0.4876432,-0.0000427,8.4999677,1.274995
28.4800429,-39.7813652,-0.4876511,-0.4876511,-0.0000418,8.4999677,1.274995
28.6567048,-39.8750622,-0.4876598,-0.4876598,-0.0000410,8.4999677,1.274995
28.8333660,-39.9687608,-0.4876678,-0.4876678,-0.0000405,8.4999677,1.274995
29.0100264,-40.0624608,-0.4876759,-0.4876759,-0.0000404,8.4999677,1.274995
29.1866860,-40.1561622,-0.4876837,-0.4876837,-0.0000407,8.4999677,1.274995
29.3633449,-40.2498650,-0.4876922,-0.4876922,-0.0000417,8.4999677,1.274995
29.5400030,-40.3435693,-0.4877011,-0.4877011,-0.0000434,8.4999677,1.274995
29.7166603,-40.4372752,-0.4877103,-0.4877103,-0.0000460,8.4999677,1.274995
29.8933167,-40.5309827,-0.4877202,-0.4877202,-0.0000498,8.4999677,1.274995
30.0699721,-40.6246919,-0.4877311,-0.4877311,-0.0000547,8.4999677,1.274995
30.2466266,-40.7184031,-0.4877437,-0.4877437,-0.0000611,8.4999677,1.274995
30.4232799,-40.8121165,-0.4877573,-0.4877573,-0.0000692,8.4999677,1.274995
30.5999319,-40.9058323,-0.4877732,-0.4877732,-0.0000791,8.4999677,1.274995
30.7765824,-40.9995509,-0.4877918,-0.4877918,-0.0000911,8.4999677,1.274995
30.9532312,-41.0932728,-0.4878128,-0.4878128,-0.0001054,8.4999677,1.274995
31.1298780,-41.1869984,-0.4878372,-0.4878372,-0.0001221,8.4999677,1.274995
31.3065225,-41.2807283,-0.4878656,-0.4878656,-0.0001415,8.4999677,1.274995
31.4831643,-41.3744632,-0.4878982,-0.4878982,-0.0001638,8.4999677,1.274995
31.6598031,-41.4682039,-0.4879363,-0.4879363,-0.0001889,8.4999677,1.274995
31.8364383,-41.5619513,-0.4879799,-0.4879799,-0.0002171,8.4999677,1.274995
32.0130694,-41.6557064,-0.4880296,-0.4880296,-0.0002482,8.4999677,1.274995
32.1896959,-41.7494703,-0.4880857,-0.4880857,-0.0002821,8.4999677,1.274995
32.3663171,-41.8432441,-0.4881501,-0.4881501,-0.0003186,8.4999677,1.274995
32.5429323,-41.9370293,-0.4882213,-0.4882213,-0.0003574,8.4999676,1.274995
32.7195407,-42.0308270,-0.4883007,-0.4883007,-0.0003980,8.4999676,1.274995
32.8961418,-42.1246388,-0.4883888,-0.4883888,-0.0004396,8.4999676,1.274995
33.0727345,-42.2184661,-0.4884852,-0.4884852,-0.0004814,8.4999676,1.274995
33.2493183,-42.3123105,-0.4885893,-0.4885893,-0.0005224,8.4999676,1.274995
33.4258922,-42.4061732,-0.4887018,-0.4887018,-0.0005614,8.4999676,1.274995
33.6024556,-42.5000558,-0.4888208,-0.4888208,-0.0005970,8.4999676,1.274995
33.7790078,-42.5939594,-0.4889461,-0.4889461,-0.0006278,8.4999676,1.274995
33.9555482,-42.6878851,-0.4890767,-0.4890767,-0.0006523,8.4999676,1.274995
34.1320764,-42.7818339,-0.4892101,-0.4892101,-0.0006693,8.4999676,1.274995
34.3085920,-42.8758062,-0.4893452,-0.4893452,-0.0006778,8.4999676,1.274995
34.4850950,-42.9698024,-0.4894808,-0.4894808,-0.0006776,8.4999676,1.274995
34.6615852,-43.0638225,-0.4896145,-0.4896145,-0.0006697,8.4999676,1.274995
34.8380628,-43.1578662,-0.4897461,-0.4897461,-0.0006566,8.4999676,1.274995
35.0145280,-43.2519331,-0.4898740,-0.4898740,-0.0006420,8.4999676,1.274995
35.1909812,-43.3460226,-0.4900002,-0.4900002,-0.0006301,8.4999676,1.274995
35.3674226,-43.4401344,-0.4901257,-0.4901257,-0.0006254,8.4999676,1.274995
35.5438521,-43.5342683,-0.4902528,-0.4902528,-0.0006326,8.4999676,1.274995
35.7202696,-43.6284246,-0.4903846,-0.4903846,-0.0006562,8.4999676,1.274995
35.8966748,-43.7226042,-0.4905248,-0.4905248,-0.0007004,8.4999676,1.274995
36.0730667,-43.8168085,-0.4906794,-0.4906794,-0.0007693,8.4999676,1.274995
36.2494441,-43.9110401,-0.4908542,-0.4908542,-0.0008666,8.4999676,1.274995
36.4258050,-44.0053025,-0.4910533,-0.4910533,-0.0009952,8.4999676,1.274995
36.6021471,-44.0996000,-0.4912862,-0.4912862,-0.0011580,8.4999676,1.274995
36.7784673,-44.1939386,-0.4915584,-0.4915584,-0.0013568,8.4999676,1.274995
36.9547618,-44.2883252,-0.4918779,-0.4918779,-0.0015929,8.4999676,1.274995
37.1310261,-44.3827681,-0.4922518,-0.4922518,-0.0018668,8.4999676,1.274995
37.3072551,-44.4772769,-0.4926890,-0.4926890,-0.0021779,8.4999676,1.274995
37.4834427,-44.5718627,-0.4931944,-0.4931944,-0.0025245,8.4999676,1.274995
37.6595826,-44.6665376,-0.4937754,-0.4937754,-0.0029034,8.4999676,1.274995
37.8356674,-44.7613148,-0.4944384,-0.4944384,-0.0033103,8.4999676,1.274995
38.0116893,-44.8562087,-0.4951863,-0.4951863,-0.0037390,8.4999676,1.274995
38.1876403,-44.9512343,-0.4960225,-0.4960225,-0.0041814,8.4999676,1.274995
38.3635116,-45.0464069,-0.4969475,-0.4969475,-0.0046276,8.4999676,1.274995
38.5392949,-45.1417422,-0.4979603,-0.4979603,-0.0050654,8.4999676,1.274995
38.7149816,-45.2372555,-0.4990548,-0.4990548,-0.0054806,8.4999676,1.274995
38.8905636,-45.3329610,-0.5002249,-0.5002249,-0.0058569,8.4999676,1.274995
39.0660335,-45.4288719,-0.5014580,-0.5014580,-0.0061760,8.4999676,1.274995
39.2413850,-45.5249991,-0.5027386,-0.5027386,-0.0064188,8.4999676,1.274995
39.4166133,-45.6213508,-0.5040484,-0.5040484,-0.0065656,8.4999676,1.274995
39.5917152,-45.7179319,-0.5053645,-0.5053645,-0.0065990,8.4999676,1.274995
39.7666899,-45.8147434,-0.5066617,-0.5066617,-0.0065062,8.4999676,1.274995
39.9415389,-45.9117818,-0.5079141,-0.5079141,-0.0062825,8.4999675,1.274995
40.1162662,-46.0090391,-0.5090990,-0.5090990,-0.0059364,8.4999675,1.274995
40.2908782,-46.1065034,-0.5101958,-0.5101958,-0.0054953,8.4999676,1.274995
40.4653831,-46.2041591,-0.5111952,-0.5111952,-0.0049996,8.4999676,1.274995
40.6397904,-46.3019892,-0.5120962,-0.5120962,-0.0044968,8.4999676,1.274995
40.8141095,-46.3999764,-0.5129074,-0.5129074,-0.0040427,8.4999676,1.274995
40.9883491,-46.4981050,-0.5136492,-0.5136492,-0.0036759,8.4999676,1.274995
41.1625158,-46.5963628,-0.5143327,-0.5143327,-0.0035193,8.4999675,1.274995
41.3366156,-46.6947398,-0.5149123,-0.5149123,-0.0027429,8.4999675,1.274995
41.5106584,-46.7932177,-0.5155456,-0.5155456,-0.0029237,8.4999675,1.274995
41.6846400,-46.8918065,-0.5164356,-0.5164356,-0.0045732,8.4999674,1.274995
41.8585324,-46.9905493,-0.5175539,-0.5175539,-0.0055032,8.4999672,1.274995
42.0323132,-47.0894859,-0.5189661,-0.5189661,-0.0069994,8.4999671,1.274995
42.2059534,-47.1886674,-0.5207588,-0.5207588,-0.0088872,8.4999670,1.274995
42.3794207,-47.2881630,-0.5230306,-0.5230306,-0.0112828,8.4999668,1.274995
42.5526630,-47.3880533,-0.5258844,-0.5258844,-0.0141946,8.4999667,1.274995
42.7256211,-47.4884385,-0.5294308,-0.5294308,-0.0176567,8.4999666,1.274995
42.8982234,-47.5894372,-0.5337813,-0.5337813,-0.0216863,8.4999665,1.274995
43.0703858,-47.6911865,-0.5390524,-0.5390524,-0.0262931,8.4999664,1.274995
43.2420102,-47.7938423,-0.5453578,-0.5453578,-0.0314726,8.4999663,1.274995
43.4129842,-47.8975784,-0.5528081,-0.5528081,-0.0372054,8.4999663,1.274995
43.5831801,-48.0025851,-0.5615058,-0.5615058,-0.0434533,8.4999665,1.274995
43.7524551,-48.1090674,-0.5715451,-0.5715451,-0.0501667,8.4999668,1.274995
43.9206507,-48.2172425,-0.5830204,-0.5830204,-0.0573480,8.4999674,1.274995
44.0875913,-48.3273388,-0.5960119,-0.5960119,-0.0649539,8.4999681,1.274995
44.2530842,-48.4395923,-0.6105256,-0.6105256,-0.0725852,8.4999689,1.274995
44.4169265,-48.5542330,-0.6265144,-0.6265144,-0.0799717,8.4999694,1.274995
44.5789107,-48.6714755,-0.6438927,-0.6438927,-0.0869370,8.4999695,1.274995
44.7388286,-48.7915118,-0.6625352,-0.6625352,-0.0932780,8.4999687,1.274995
44.8964773,-48.9145054,-0.6822940,-0.6822940,-0.0988721,8.4999671,1.274995
45.0516623,-49.0405874,-0.7030074,-0.7030074,-0.1036620,8.4999646,1.274995
45.2042015,-49.1698556,-0.7245179,-0.7245179,-0.1076641,8.4999613,1.274994
45.3539269,-49.3023765,-0.7466823,-0.7466823,-0.1109081,8.4999578,1.274994
45.5006979,-49.4382011,-0.7693785,-0.7693785,-0.1135432,8.4999546,1.274993
45.6443328,-49.5773062,-0.7926077,-0.7926077,-0.1161160,8.4999524,1.274993
45.7846648,-49.7196764,-0.8162617,-0.8162617,-0.1185798,8.4999513,1.274993
45.9216131,-49.8653502,-0.8399419,-0.8399419,-0.1183268,8.4999506,1.274993
46.0550992,-50.0142542,-0.8637374,-0.8637374,-0.1189916,8.4999503,1.274993
46.1850028,-50.1662900,-0.8876390,-0.8876390,-0.1195193,8.4999505,1.274993
46.3112395,-50.3213916,-0.9116156,-0.9116156,-0.1198884,8.4999523,1.274993
46.4337221,-50.4794759,-0.9356377,-0.9356377,-0.1201172,8.4999595,1.274994
46.5523723,-50.6404567,-0.9596871,-0.9596871,-0.1202595,8.4999787,1.274997
46.6671162,-50.8042429,-0.9837530,-0.9837530,-0.1203452,8.4999898,1.274998
46.7778841,-50.9707406,-1.0078326,-1.0078326,-0.1204215,8.4999691,1.274995
46.8846090,-51.1398537,-1.0319242,-1.0319242,-0.1204962,8.4999404,1.274991
46.9872264,-51.3114841,-1.0560231,-1.0560231,-0.1205318,8.4999294,1.274989
47.0856800,-51.4855404,-1.0801282,-1.0801282,-0.1205457,8.4999355,1.274990
47.1799116,-51.6619226,-1.1042370,-1.1042370,-0.1205569,8.4999470,1.274992
47.2698651,-51.8405276,-1.1283510,-1.1283510,-0.1205768,8.4999543,1.274993
47.3554867,-52.0212511,-1.1524730,-1.1524730,-0.1206122,8.4999544,1.274993
47.4367245,-52.2039874,-1.1766066,-1.1766066,-0.1206650,8.4999502,1.274993
47.5135285,-52.3886297,-1.2007532,-1.2007532,-0.1207335,8.4999476,1.274992
47.5858510,-52.5750698,-1.2249156,-1.2249156,-0.1208141,8.4999494,1.274992
47.6536463,-52.7631981,-1.2490921,-1.2490921,-0.1208929,8.4999512,1.274993
47.7168716,-52.9529033,-1.2732773,-1.2732773,-0.1209459,8.4999476,1.274992
47.7754879,-53.1440725,-1.2974635,-1.2974635,-0.1209623,8.4999411,1.274991
47.8294602,-53.3365904,-1.3216443,-1.3216443,-0.1209580,8.4999351,1.274990
47.8787601,-53.5303497,-1.3458165,-1.3458165,-0.1208821,8.4999313,1.274990
47.9233814,-53.7253267,-1.3699666,-1.3699666,-0.1207644,8.4999298,1.274989
47.9632798,-53.9213164,-1.3941460,-1.3941460,-0.1208209,8.4999289,1.274989
47.9984186,-54.1181603,-1.4184049,-1.4184049,-0.1214938,8.4999268,1.274989
48.0287675,-54.3157672,-1.4425273,-1.4425273,-0.1206400,8.4999230,1.274988
48.0543441,-54.5140705,-1.4665761,-1.4665761,-0.1202628,8.4999200,1.274988
48.0751451,-54.7129344,-1.4906434,-1.4906434,-0.1203578,8.4999223,1.274988
48.0911551,-54.9122496,-1.5147425,-1.5147425,-0.1205022,8.4999344,1.274990
48.1023581,-55.1119016,-1.5388877,-1.5388877,-0.1207242,8.4999556,1.274993
48.1087370,-55.3117455,-1.5630886,-1.5630886,-0.1210268,8.4999771,1.274997
48.1102781,-55.5116838,-1.5873518,-1.5873518,-0.1213481,8.4999849,1.274998
48.1069680,-55.7116049,-1.6116776,-1.6116776,-0.1216651,8.4999423,1.274991
48.0987958,-55.9113944,-1.6360539,-1.6360539,-0.1219140,8.4998032,1.274970
48.0857557,-56.1109358,-1.6604505,-1.6604505,-0.1220124,8.4996006,1.274940
48.0678508,-56.3101112,-1.6848213,-1.6848213,-0.1218941,8.4995046,1.274926
48.0450963,-56.5088028,-1.7090915,-1.7090915,-0.1214101,8.4998635,1.274980
48.0175252,-56.7068944,-1.7331551,-1.7331551,-0.1204241,8.4999598,1.274994
47.9852061,-56.9042020,-1.7568742,-1.7568742,-0.1187484,8.4999628,1.274994
47.9482167,-57.1006869,-1.7800528,-1.7800528,-0.1160514,8.4999642,1.274995
47.9066817,-57.2962697,-1.8023834,-1.8023834,-0.1118233,8.4999651,1.274995
47.8607881,-57.4908841,-1.8234116,-1.8234116,-0.1053253,8.4999656,1.274995
47.8108107,-57.6844977,-1.8425291,-1.8425291,-0.0957576,8.4999660,1.274995
47.7571394,-57.8771272,-1.8590807,-1.8590807,-0.0828582,8.4999661,1.274995
47.7002857,-58.0688473,-1.8726272,-1.8726272,-0.0677106,8.4999662,1.274995
47.6408390,-58.2597834,-1.8831666,-1.8831666,-0.0525696,8.4999663,1.274995
47.5793826,-58.4500845,-1.8910910,-1.8910910,-0.0394433,8.4999663,1.274995
47.5164197,-58.6398939,-1.8969492,-1.8969492,-0.0291142,8.4999663,1.274995
47.4523457,-58.8293319,-1.9012553,-1.9012553,-0.0213833,8.4999663,1.274995
47.3874564,-59.0184927,-1.9044182,-1.9044182,-0.0156890,8.4999664,1.274995
47.3219691,-59.2074474,-1.9067328,-1.9067328,-0.0114782,8.4999664,1.274995
47.2560447,-59.3962498,-1.9084127,-1.9084127,-0.0083232,8.4999665,1.274995
47.1898035,-59.5849404,-1.9096094,-1.9096094,-0.0059227,8.4999665,1.274995
47.1233369,-59.7735506,-1.9104336,-1.9104336,-0.0040714,8.4999666,1.274995
47.0567153,-59.9621047,-1.9109674,-1.9109674,-0.0026299,8.4999667,1.274995
46.9899936,-60.1506217,-1.9112740,-1.9112740,-0.0015020,8.4999667,1.274995
46.9232146,-60.3391168,-1.9114031,-1.9114031,-0.0006193,8.4999668,1.274995
46.8564118,-60.5276018,-1.9113939,-1.9113939,0.0000685,8.4999669,1.274995
46.7896112,-60.7160861,-1.9112773,-1.9112773,0.0005999,8.4999670,1.274995
46.7228329,-60.9045773,-1.9110793,-1.9110793,0.0010051,8.4999670,1.274995
46.6560922,-61.0930809,-1.9108196,-1.9108196,0.0013086,8.4999671,1.274995
46.5894006,-61.2816014,-1.9105152,-1.9105152,0.0015306,8.4999672,1.274995
46.5227664,-61.4701422,-1.9101791,-1.9101791,0.0016879,8.4999673,1.274995
46.4561955,-61.6587056,-1.9098216,-1.9098216,0.0017943,8.4999673,1.274995
46.3896918,-61.8472934,-1.9094495,-1.9094495,0.0018616,8.4999674,1.274995
46.3232580,-62.0359067,-1.9090703,-1.9090703,0.0018992,8.4999675,1.274995
46.2568954,-62.2245461,-1.9086876,-1.9086876,0.0019148,8.4999675,1.274995
46.1906046,-62.4132120,-1.9083047,-1.9083047,0.0019144,8.4999676,1.274995
46.1243857,-62.6019043,-1.9079247,-1.9079247,0.0019028,8.4999676,1.274995
46.0582381,-62.7906229,-1.9075482,-1.9075482,0.0018831,8.4999677,1.274995
45.9921612,-62.9793674,-1.9071768,-1.9071768,0.0018579,8.4999677,1.274995
45.9261541,-63.1681373,-1.9068112,-1.9068112,0.0018268,8.4999678,1.274995
45.8602157,-63.3569322,-1.9064526,-1.9064526,0.0017945,8.4999678,1.274995
45.7943450,-63.5457508,-1.9061030,-1.9061030,0.0017467,8.4999679,1.274995
45.7285398,-63.7345939,-1.9057594,-1.9057594,0.0017231,8.4999679,1.274995
45.6628006,-63.9234564,-1.9054317,-1.9054317,0.0016136,8.4999679,1.274995
45.5971202,-64.1123493,-1.9050403,-1.9050403,0.0019765,8.4999679,1.274995
45.5315101,-64.3012784,-1.9046484,-1.9046484,0.0019871,8.4999680,1.274995
45.4659798,-64.4902166,-1.9043765,-1.9043765,0.0013478,8.4999679,1.274995
45.4005052,-64.6791601,-1.9041849,-1.9041849,0.0009499,8.4999679,1.274995
45.3350661,-64.8681182,-1.9040347,-1.9040347,0.0007513,8.4999679,1.274995
45.2696555,-65.0570858,-1.9039219,-1.9039219,0.0005632,8.4999679,1.274995
45.2042662,-65.2460608,-1.9038414,-1.9038414,0.0004013,8.4999679,1.274995
45.1388921,-65.4350411,-1.9037887,-1.9037887,0.0002639,8.4999679,1.274995
45.0735279,-65.6240250,-1.9037574,-1.9037574,0.0001522,8.4999679,1.274995
45.0081696,-65.8130110,-1.9037440,-1.9037440,0.0000675,8.4999678,1.274995
44.9428138,-66.0019980,-1.9037416,-1.9037416,0.0000110,8.4999678,1.274995
44.8774584,-66.1909853,-1.9037446,-1.9037446,-0.0000158,8.4999678,1.274995
44.8121024,-66.3799725,-1.9037460,-1.9037460,-0.0000113,8.4999678,1.274995
44.7467461,-66.5689597,-1.9037411,-1.9037411,0.0000262,8.4999678,1.274995
44.6813907,-66.7579473,-1.9037204,-1.9037204,0.0000986,8.4999678,1.274995
44.6160392,-66.9469363,-1.9036789,-1.9036789,0.0002077,8.4999678,1.274995
44.5506955,-67.1359281,-1.9036070,-1.9036070,0.0003552,8.4999678,1.274995
44.4853654,-67.3249246,-1.9034985,-1.9034985,0.0005429,8.4999678,1.274995
44.4200558,-67.5139282,-1.9033435,-1.9033435,0.0007721,8.4999677,1.274995
44.3547755,-67.7029419,-1.9031344,-1.9031344,0.0010437,8.4999677,1.274995
44.2895347,-67.8919693,-1.9028621,-1.9028621,0.0013580,8.4999677,1.274995
44.2243454,-68.0810144,-1.9025194,-1.9025194,0.0017146,8.4999677,1.274995
44.1592209,-68.2700818,-1.9020965,-1.9020965,0.0021120,8.4999677,1.274995
44.0941764,-68.4591766,-1.9015867,-1.9015867,0.0025475,8.4999677,1.274995
44.0292283,-68.6483046,-1.9009830,-1.9009830,0.0030167,8.4999677,1.274995
43.9643944,-68.8374717,-1.9002806,-1.9002806,0.0035138,8.4999677,1.274995
43.8996934,-69.0266843,-1.8994743,-1.8994743,0.0040306,8.4999677,1.274995
43.8351450,-69.2159489,-1.8985631,-1.8985631,0.0045567,8.4999677,1.274995
43.7707691,-69.4052722,-1.8975476,-1.8975476,0.0050790,8.4999677,1.274995
43.7065855,-69.5946608,-1.8964317,-1.8964317,0.0055816,8.4999677,1.274995
43.6426133,-69.7841208,-1.8952237,-1.8952237,0.0060454,8.4999677,1.274995
43.5788700,-69.9736580,-1.8939350,-1.8939350,0.0064478,8.4999677,1.274995
43.5153710,-70.1632772,-1.8925833,-1.8925833,0.0067629,8.4999677,1.274995
43.4521284,-70.3529820,-1.8911934,-1.8911934,0.0069610,8.4999677,1.274995
43.3891495,-70.5427746,-1.8897932,-1.8897932,0.0070088,8.4999677,1.274995
43.3264364,-70.7326552,-1.8884215,-1.8884215,0.0068694,8.4999677,1.274995
43.2639838,-70.9226217,-1.8871235,-1.8871235,0.0065025,8.4999677,1.274995
43.2017778,-71.1126692,-1.8859537,-1.8859537,0.0058650,8.4999677,1.274995
43.1397941,-71.3027895,-1.8849750,-1.8849750,0.0049115,8.4999677,1.274995
43.0779965,-71.4929704,-1.8842600,-1.8842600,0.0035950,8.4999677,1.274995
43.0163348,-71.6831957,-1.8838909,-1.8838909,0.0018685,8.4999677,1.274995
42.9547433,-71.8734438,-1.8839578,-1.8839578,-0.0003140,8.4999677,1.274995
42.8931390,-72.0636880,-1.8845620,-1.8845620,-0.0029954,8.4999676,1.274995
42.8314197,-72.2538952,-1.8858097,-1.8858097,-0.0062141,8.4999676,1.274995
42.7694631,-72.4440253,-1.8878154,-1.8878154,-0.0100018,8.4999676,1.274995
42.7071252,-72.6340310,-1.8906965,-1.8906965,-0.0143809,8.4999676,1.274995
42.6442401,-72.8238564,-1.8945733,-1.8945733,-0.0193614,8.4999676,1.274995
42.5806196,-73.0134365,-1.8995649,-1.8995649,-0.0249374,8.4999677,1.274995
42.5160536,-73.2026966,-1.9057840,-1.9057840,-0.0310787,8.4999678,1.274995
42.4503119,-73.3915513,-1.9133331,-1.9133331,-0.0377361,8.4999681,1.274995
42.3831466,-73.5799038,-1.9222974,-1.9222974,-0.0448097,8.4999686,1.274995
42.3142958,-73.7676460,-1.9327632,-1.9327632,-0.0523300,8.4999693,1.274995
42.2434843,-73.9546564,-1.9447897,-1.9447897,-0.0601545,8.4999701,1.274996
42.1704294,-74.1408004,-1.9583565,-1.9583565,-0.0678660,8.4999711,1.274996
42.0948564,-74.3259350,-1.9733861,-1.9733861,-0.0751898,8.4999718,1.274996
42.0165103,-74.5099111,-1.9897586,-1.9897586,-0.0819135,8.4999720,1.274996
41.9351629,-74.6925794,-2.0073277,-2.0073277,-0.0879255,8.4999715,1.274996
41.8506203,-74.8737874,-2.0257988,-2.0257988,-0.0924206,8.4999701,1.274996
41.7627432,-75.0534071,-2.0450360,-2.0450360,-0.0961585,8.4999678,1.274995
41.6714189,-75.2313193,-2.0651812,-2.0651812,-0.1007191,8.4999647,1.274995
41.5765246,-75.4073645,-2.0861512,-2.0861512,-0.1048972,8.4999613,1.274994
41.4779600,-75.5813808,-2.1077615,-2.1077615,-0.1080467,8.4999580,1.274994
41.3756581,-75.7532267,-2.1299520,-2.1299520,-0.1109590,8.4999555,1.274993
41.2695689,-75.9227595,-2.1526709,-2.1526709,-0.1135930,8.4999542,1.274993
41.1596568,-76.0898370,-2.1758783,-2.1758783,-0.1160458,8.4999535,1.274993
41.0458985,-76.2543171,-2.1995421,-2.1995421,-0.1183285,8.4999531,1.274993
40.9282816,-76.4160575,-2.2236255,-2.2236255,-0.1204396,8.4999531,1.274993
40.8068049,-76.5749174,-2.2480960,-2.2480960,-0.1223809,8.4999540,1.274993
40.6814776,-76.7307574,-2.2729170,-2.2729170,-0.1241365,8.4999582,1.274994
40.5523194,-76.8834411,-2.2980436,-2.2980436,-0.1256753,8.4999714,1.274996
40.4193617,-77.0328364,-2.3234244,-2.3234244,-0.1269440,8.4999901,1.274999
40.2826485,-77.1788168,-2.3489970,-2.3489970,-0.1278919,8.4999818,1.274997
40.1422380,-77.3212632,-2.3746788,-2.3746788,-0.1284336,8.4999493,1.274992
39.9982063,-77.4600663,-2.4003596,-2.4003596,-0.1284214,8.4999286,1.274989
39.8506519,-77.5951307,-2.4258975,-2.4258975,-0.1277062,8.4999273,1.274989
39.6997016,-77.7263790,-2.4511199,-2.4511199,-0.1261461,8.4999361,1.274990
39.5455146,-77.8537577,-2.4758222,-2.4758222,-0.1235926,8.4999446,1.274992
39.3882855,-77.9772443,-2.4997701,-2.4997701,-0.1199061,8.4999489,1.274992
39.2282420,-78.0968577,-2.5227263,-2.5227263,-0.1149888,8.4999511,1.274993
39.0655452,-78.2127302,-2.5444978,-2.5444978,-0.1088825,8.4999530,1.274993
38.8999599,-78.3253084,-2.5649191,-2.5649191,-0.1020800,8.4999500,1.274992
38.7323143,-78.4343492,-2.5839545,-2.5839545,-0.0952294,8.4999438,1.274992
38.5627984,-78.5400702,-2.6019826,-2.6019826,-0.0895945,8.4999377,1.274991
38.3913747,-78.6427358,-2.6203121,-2.6203121,-0.0908132,8.4999321,1.274990
38.2182707,-78.7421431,-2.6396773,-2.6396773,-0.0973130,8.4999277,1.274989
38.0429941,-78.8383335,-2.6601014,-2.6601014,-0.1018420,8.4999232,1.274988
37.8654620,-78.9310954,-2.6822407,-2.6822407,-0.1108317,8.4999177,1.274988
37.6864792,-79.0196278,-2.7058028,-2.7058028,-0.1181275,8.4999122,1.274987
37.5053690,-79.1039613,-2.7304275,-2.7304275,-0.1233359,8.4999110,1.274987
37.3221051,-79.1838675,-2.7557363,-2.7557363,-0.1266402,8.4999193,1.274988
37.1368072,-79.2591391,-2.7814055,-2.7814055,-0.1283784,8.4999390,1.274991
36.9496112,-79.3296402,-2.8071816,-2.8071816,-0.1288887,8.4999644,1.274995
36.7606593,-79.3952936,-2.8328747,-2.8328747,-0.1284627,8.4999845,1.274998
36.5700935,-79.4560678,-2.8583438,-2.8583438,-0.1273504,8.4999821,1.274997
36.3780544,-79.5119656,-2.8834914,-2.8834914,-0.1257403,8.4999062,1.274986
36.1846808,-79.5630142,-2.9082411,-2.9082411,-0.1237524,8.4997265,1.274959
35.9901090,-79.6092603,-2.9325371,-2.9325371,-0.1214730,8.4994927,1.274924
35.7944731,-79.6507655,-2.9563345,-2.9563345,-0.1189778,8.4993791,1.274907
35.5979042,-79.6876039,-2.9795861,-2.9795861,-0.1162478,8.4997188,1.274958
35.4005296,-79.7198626,-3.0022415,-3.0022415,-0.1132597,8.4999438,1.274992
35.2024727,-79.7476421,-3.0242413,-3.0242413,-0.1099890,8.4999640,1.274995
35.0038511,-79.7710582,-3.0454993,-3.0454993,-0.1062882,8.4999656,1.274995
34.8047769,-79.7902470,-3.0658685,-3.0658685,-0.1018673,8.4999666,1.274995
34.6053549,-79.8053770,-3.0851144,-3.0851144,-0.0962871,8.4999672,1.274995
34.4056818,-79.8166662,-3.1028857,-3.1028857,-0.0889685,8.4999676,1.274995
34.2058434,-79.8244052,-3.1187302,-3.1187302,-0.0793971,8.4999679,1.274995
34.0059128,-79.8289769,-3.1322195,-3.1322195,-0.0675901,8.4999680,1.274995
33.8059439,-79.8308513,3.1400524,3.1400524,-0.0545353,8.4999681,1.274995
33.6059757,-79.8305433,3.1316176,3.1316176,-0.0419449,8.4999681,1.274995
33.4060245,-79.8285487,3.1254333,3.1254333,-0.0309984,8.4999682,1.274995
33.2060644,-79.8253172,3.1212643,3.1212643,-0.0195960,8.4999682,1.274995
33.0060951,-79.8212516,3.1179497,3.1179497,-0.0166029,8.4999682,1.274995
32.8061488,-79.8165234,3.1151755,3.1151755,-0.0138453,8.4999682,1.274995
32.6062302,-79.8112409,3.1129079,3.1129079,-0.0112463,8.4999681,1.274995
32.4063251,-79.8055051,3.1109825,3.1109825,-0.0095769,8.4999681,1.274995
32.2064341,-79.7993845,3.1092327,3.1092327,-0.0087009,8.4999680,1.274995
32.0065562,-79.7929142,3.1075173,3.1075173,-0.0085396,8.4999679,1.274995
31.8066914,-79.7861011,3.1056997,3.1056997,-0.0090506,8.4999679,1.274995
31.6068410,-79.7789248,3.1036493,3.1036493,-0.0102158,8.4999678,1.274995
31.4070076,-79.7713388,3.1012342,3.1012342,-0.0120368,8.4999677,1.274995
31.2071951,-79.7632703,3.0983228,3.0983228,-0.0145210,8.4999676,1.274995
31.0074095,-79.7546202,3.0947795,3.0947795,-0.0176769,8.4999675,1.274995
30.8076589,-79.7452624,3.0904701,3.0904701,-0.0215062,8.4999674,1.274995
30.6079546,-79.7350441,3.0852621,3.0852621,-0.0259987,8.4999674,1.274995
30.4083118,-79.7237862,3.0790301,3.0790301,-0.0311242,8.4999674,1.274995
30.2087502,-79.7112848,3.0716570,3.0716570,-0.0368326,8.4999674,1.274995
30.0092951,-79.6973130,3.0630430,3.0630430,-0.0430406,8.4999676,1.274995
29.8099788,-79.6816245,3.0530912,3.0530912,-0.0497517,8.4999679,1.274995
29.6108414,-79.6639544,3.0417371,3.0417371,-0.0568164,8.4999683,1.274995
29.4118481,-79.6440175,3.0289941,3.0289941,-0.0637773,8.4999686,1.274995
29.2130938,-79.6215430,3.0149389,3.0149389,-0.0703347,8.4999687,1.274995
29.0146893,-79.5962791,2.9997002,2.9997002,-0.0762574,8.4999683,1.274995
28.8167116,-79.5679975,2.9834511,2.9834511,-0.0813162,8.4999673,1.274995
28.6192389,-79.5365059,2.9663939,2.9663939,-0.0853639,8.4999655,1.274995
28.4223569,-79.5016551,2.9487538,2.9487538,-0.0882855,8.4999632,1.274994
28.2261264,-79.4633381,2.9306714,2.9306714,-0.0902799,8.4999615,1.274994
28.0306412,-79.4214836,2.9120339,2.9120339,-0.0937070,8.4999614,1.274994
27.8359622,-79.3759914,2.8934790,2.8934790,-0.0930248,8.4999618,1.274994
27.6421975,-79.3269043,2.8754346,2.8754346,-0.0899638,8.4999625,1.274994
27.4493177,-79.2743202,2.8577818,2.8577818,-0.0885148,8.4999632,1.274994
27.2573852,-79.2183364,2.8408989,2.8408989,-0.0844981,8.4999639,1.274995
27.0663989,-79.1591122,2.8250964,2.8250964,-0.0790919,8.4999646,1.274995
26.8763568,-79.0968724,2.8106775,2.8106775,-0.0721427,8.4999651,1.274995
26.6872183,-79.0318943,2.7978479,2.7978479,-0.0641608,8.4999654,1.274995
26.4989205,-78.9644920,2.7867040,2.7867040,-0.0557010,8.4999657,1.274995
26.3113810,-78.8949939,2.7772234,2.7772234,-0.0473485,8.4999659,1.274995
26.1245076,-78.8237205,2.7692976,2.7692976,-0.0395445,8.4999661,1.274995
25.9382064,-78.7509688,2.7627721,2.7627721,-0.0325315,8.4999662,1.274995
25.7523873,-78.6770043,2.7574754,2.7574754,-0.0263797,8.4999664,1.274995
25.5669737,-78.6020611,2.7532454,2.7532454,-0.0210537,8.4999665,1.274995
25.3819069,-78.5263458,2.7499353,2.7499353,-0.0164718,8.4999666,1.274995
25.1970859,-78.4500159,2.7474174,2.7474174,-0.0125224,8.4999667,1.274995
25.0124529,-78.3732189,2.7455827,2.7455827,-0.0091150,8.4999668,1.274995
24.8279573,-78.2960817,2.7443388,2.7443388,-0.0061717,8.4999669,1.274995
24.6435548,-78.2187138,2.7436044,2.7436044,-0.0036274,8.4999671,1.274995
24.4592068,-78.1412095,2.7433106,2.7433106,-0.0014288,8.4999672,1.274995
24.2748798,-78.0636503,2.7433967,2.7433967,0.0004681,8.4999673,1.274995
24.0905450,-77.9861065,2.7438090,2.7438090,0.0020992,8.4999674,1.274995
23.9061916,-77.9086443,2.7445006,2.7445006,0.0034912,8.4999675,1.274995
23.7217889,-77.8313114,2.7454284,2.7454284,0.0046670,8.4999676,1.274995
23.5373133,-77.7541491,2.7465542,2.7465542,0.0056555,8.4999677,1.274995
23.3527482,-77.6771934,2.7478455,2.7478455,0.0064474,8.4999679,1.274995
23.1680873,-77.6004775,2.7493249,2.7493249,0.0072841,8.4999679,1.274995
22.9832805,-77.5240214,2.7510830,2.7510830,0.0091046,8.4999680,1.274995
22.7983104,-77.4478783,2.7527430,2.7527430,0.0082117,8.4999680,1.274995
22.6132506,-77.3720573,2.7542507,2.7542507,0.0075260,8.4999680,1.274995
22.4280936,-77.2965223,2.7556902,2.7556902,0.0072089,8.4999679,1.274995
22.2428229,-77.2212518,2.7570563,2.7570563,0.0068374,8.4999679,1.274995
22.0574523,-77.1462356,2.7583225,2.7583225,0.0063393,8.4999678,1.274995
21.8719867,-77.0714541,2.7594633,2.7594633,0.0057104,8.4999678,1.274995
21.6864366,-76.9968845,2.7604490,2.7604490,0.0049377,8.4999677,1.274995
21.5008135,-76.9224980,2.7612489,2.7612489,0.0040076,8.4999677,1.274995
21.3151312,-76.8482601,2.7618276,2.7618276,0.0029028,8.4999676,1.274995
21.1294063,-76.7741298,2.7621459,2.7621459,0.0016040,8.4999675,1.274995
20.9436580,-76.7000587,2.7621622,2.7621622,0.0000901,8.4999675,1.274995
20.7579087,-76.6259907,2.7618273,2.7618273,-0.0016611,8.4999674,1.274995
20.5721842,-76.5518605,2.7610902,2.7610902,-0.0036721,8.4999674,1.274995
20.3865146,-76.4775935,2.7598946,2.7598946,-0.0059650,8.4999673,1.274995
20.2009340,-76.4031046,2.7581797,2.7581797,-0.0085603,8.4999672,1.274995
20.0154815,-76.3282976,2.7558812,2.7558812,-0.0114763,8.4999672,1.274995
19.8302016,-76.2530646,2.7529325,2.7529325,-0.0147281,8.4999671,1.274995
19.6451446,-76.1772857,2.7492641,2.7492641,-0.0183269,8.4999671,1.274995
19.4603672,-76.1008286,2.7448045,2.7448045,-0.0222803,8.4999670,1.274995
19.2759330,-76.0235484,2.7394832,2.7394832,-0.0265923,8.4999669,1.274995
19.0919132,-75.9452881,2.7332267,2.7332267,-0.0312631,8.4999669,1.274995
18.9083875,-75.8658784,2.7259655,2.7259655,-0.0362926,8.4999670,1.274995
18.7254442,-75.7851386,2.7176268,2.7176268,-0.0416773,8.4999672,1.274995
18.5431818,-75.7028767,2.7081443,2.7081443,-0.0473966,8.4999674,1.274995
18.3617091,-75.6188909,2.6974473,2.6974473,-0.0534706,8.4999678,1.274995
18.1811470,-75.5329696,2.6854732,2.6854732,-0.0598801,8.4999682,1.274995
18.0016286,-75.4448934,2.6722063,2.6722063,-0.0663679,8.4999687,1.274995
17.8232967,-75.3544445,2.6576828,2.6576828,-0.0726767,8.4999691,1.274995
17.6462996,-75.2614165,2.6419750,2.6419750,-0.0786326,8.4999692,1.274995
17.4707880,-75.1656212,2.6251962,2.6251962,-0.0840261,8.4999688,1.274995
17.2968914,-75.0668850,2.6074934,2.6074934,-0.0886525,8.4999678,1.274995
17.1247589,-74.9650795,2.5890459,2.5890459,-0.0923642,8.4999662,1.274995
16.9545361,-74.8601176,2.5700555,2.5700555,-0.0950633,8.4999642,1.274995
16.7863399,-74.7519440,2.5507464,2.5507464,-0.0966469,8.4999625,1.274994
16.6202664,-74.6405449,2.5313667,2.5313667,-0.0969972,8.4999623,1.274994
16.4563856,-74.5259504,2.5121922,2.5121922,-0.0959665,8.4999631,1.274994
16.2947348,-74.4082368,2.4935377,2.4935377,-0.0933735,8.4999638,1.274995
16.1353106,-74.2875304,2.4757511,2.4757511,-0.0890431,8.4999644,1.274995
15.9780611,-74.1640097,2.4591966,2.4591966,-0.0828921,8.4999649,1.274995
15.8228804,-74.0379049,2.4442262,2.4442262,-0.0749682,8.4999652,1.274995
15.6696069,-73.9094929,2.4311231,2.4311231,-0.0655936,8.4999654,1.274995
15.5180301,-73.7790845,2.4200447,2.4200447,-0.0553911,8.4999654,1.274995
15.3679016,-73.6469999,2.4109974,2.4109974,-0.0451393,8.4999654,1.274995
15.2189657,-73.5135548,2.4038567,2.4038567,-0.0355926,8.4999654,1.274995
15.0709945,-73.3790569,2.3984067,2.3984067,-0.0271491,8.4999653,1.274995
14.9237654,-73.2437609,2.3943909,2.3943909,-0.0200030,8.4999652,1.274995
14.7770854,-73.1078790,2.3915375,2.3915375,-0.0142020,8.4999652,1.274995
14.6307952,-72.9715805,2.3895784,2.3895784,-0.0097344,8.4999651,1.274995
14.4847686,-72.8349922,2.3882653,2.3882653,-0.0064891,8.4999651,1.274995
14.3389180,-72.6982090,2.3873377,2.3873377,-0.0046186,8.4999651,1.274995
14.1931798,-72.5612769,2.3866256,2.3866256,-0.0033491,8.4999652,1.274995
14.0475308,-72.4242332,2.3856986,2.3856986,-0.0040984,8.4999653,1.274995
13.9020305,-72.2870749,2.3840441,2.3840441,-0.0094612,8.4999656,1.274995
13.7567214,-72.1496421,2.3825721,2.3825721,-0.0070329,8.4999660,1.274995
13.6116084,-72.0119895,2.3812621,2.3812621,-0.0061424,8.4999664,1.274995
13.4667018,-71.8741716,2.3796997,2.3796997,-0.0078491,8.4999668,1.274995
13.3220296,-71.7361455,2.3778205,2.3778205,-0.0092944,8.4999672,1.274995
13.1776255,-71.5978559,2.3755336,2.3755336,-0.0113724,8.4999674,1.274995
13.0335375,-71.4592359,2.3727469,2.3727469,-0.0138646,8.4999677,1.274995
12.8898287,-71.3202075,2.3693552,2.3693552,-0.0168972,8.4999679,1.274995
12.7465813,-71.1806818,2.3652513,2.3652513,-0.0204737,8.4999682,1.274995
12.6038969,-71.0405588,2.3603170,2.3603170,-0.0246343,8.4999685,1.274995
12.4618970,-70.8997249,2.3544444,2.3544444,-0.0293273,8.4999688,1.274995
12.3207249,-70.7580578,2.3475104,2.3475104,-0.0346540,8.4999693,1.274995
12.1805368,-70.6154135,2.3394298,2.3394298,-0.0403537,8.4999699,1.274995
12.0415194,-70.4716550,2.3300141,2.3300141,-0.0471224,8.4999708,1.274996
11.9038705,-70.3266032,2.3195509,2.3195509,-0.0524771,8.4999717,1.274996
11.7676890,-70.1800569,2.3084893,2.3084893,-0.0551040,8.4999724,1.274996
11.6331280,-70.0320035,2.2958707,2.2958707,-0.0622899,8.4999728,1.274996
11.5005248,-69.8823530,2.2806547,2.2806547,-0.0769016,8.4999725,1.274996
11.3702306,-69.7307216,2.2637797,2.2637797,-0.0843601,8.4999713,1.274996
11.2425005,-69.5768974,2.2454033,2.2454033,-0.0920703,8.4999692,1.274995
11.1176220,-69.4207564,2.2256576,2.2256576,-0.0988782,8.4999661,1.274995
10.9958497,-69.2621788,2.2046515,2.2046515,-0.1052580,8.4999623,1.274994
10.8774010,-69.1010320,2.1825129,2.1825129,-0.1109005,8.4999583,1.274994
10.7625535,-68.9373096,2.1593896,2.1593896,-0.1158567,8.4999547,1.274993
10.6515326,-68.7709912,2.1354543,2.1354543,-0.1199617,8.4999524,1.274993
10.5445438,-68.6020946,2.1108990,2.1108990,-0.1231140,8.4999510,1.274993
10.4416805,-68.4305326,2.0859694,2.0859694,-0.1248689,8.4999498,1.274992
10.3430745,-68.2563694,2.0609878,2.0609878,-0.1251722,8.4999488,1.274992
10.2488289,-68.0797585,2.0363343,2.0363343,-0.1230533,8.4999488,1.274992
10.1589823,-67.9009113,2.0116166,2.0116166,-0.1235255,8.4999527,1.274993
10.0737515,-67.7202545,1.9873784,1.9873784,-0.1225181,8.4999703,1.274996
9.9929855,-67.5377239,1.9651707,1.9651707,-0.1099086,8.4999892,1.274998
9.9161822,-67.3531794,1.9433616,1.9433616,-0.1096996,8.4999619,1.274994
9.8434189,-67.1669970,1.9214853,1.9214853,-0.1091577,8.4999126,1.274987
9.7747493,-66.9792774,1.8993134,1.8993134,-0.1109426,8.4998940,1.274984
9.7102410,-66.7900307,1.8767366,1.8767366,-0.1129070,8.4999087,1.274986
9.6499926,-66.5992849,1.8537088,1.8537088,-0.1151177,8.4999347,1.274990
9.5941516,-66.4072002,1.8302676,1.8302676,-0.1172473,8.4999498,1.274992
9.5428829,-66.2140654,1.8064659,1.8064659,-0.1191155,8.4999492,1.274992
9.4962102,-66.0197025,1.7823629,1.7823629,-0.1205915,8.4999401,1.274991
9.4542239,-65.8242180,1.7580393,1.7580393,-0.1216535,8.4999325,1.274990
9.4169971,-65.6277315,1.7335783,1.7335783,-0.1223199,8.4999358,1.274990
9.3845833,-65.4303694,1.7090519,1.7090519,-0.1226342,8.4999521,1.274993
9.3570178,-65.2322606,1.6845220,1.6845220,-0.1226534,8.4999737,1.274996
9.3343195,-65.0335336,1.6600377,1.6600377,-0.1224332,8.4999874,1.274998
9.3164936,-64.8343149,1.6356351,1.6356351,-0.1220357,8.4999653,1.274995
9.3035345,-64.6347285,1.6113455,1.6113455,-0.1214913,8.4998508,1.274978
9.2954270,-64.4348956,1.5871984,1.5871984,-0.1207998,8.4996385,1.274946
9.2921472,-64.2349507,1.5632226,1.5632226,-0.1199582,8.4994268,1.274914
9.2936616,-64.0350004,1.5394473,1.5394473,-0.1189648,8.4994716,1.274921
9.2999292,-63.8351363,1.5159216,1.5159216,-0.1177153,8.4999529,1.274993
9.3108968,-63.6354708,1.4927076,1.4927076,-0.1161599,8.4999630,1.274994
9.3264963,-63.4361106,1.4698948,1.4698948,-0.1141869,8.4999648,1.274995
9.3466394,-63.2371573,1.4476482,1.4476482,-0.1114584,8.4999660,1.274995
9.3712038,-63.0386963,1.4263128,1.4263128,-0.1070225,8.4999667,1.274995
9.3999980,-62.8407944,1.4062724,1.4062724,-0.1002731,8.4999671,1.274995
9.4327505,-62.6435195,1.3878253,1.3878253,-0.0928653,8.4999673,1.274995
9.4691349,-62.4468902,1.3717345,1.3717345,-0.0807149,8.4999674,1.274995
9.5086793,-62.2508672,1.3584245,1.3584245,-0.0665904,8.4999674,1.274995
9.5508292,-62.0553878,1.3478997,1.3478997,-0.0524277,8.4999674,1.274995
9.5950343,-61.8603620,1.3398182,1.3398182,-0.0401394,8.4999673,1.274995
9.6408140,-61.6657000,1.3336987,1.3336987,-0.0303495,8.4999672,1.274995
9.6877840,-61.4713221,1.3290836,1.3290836,-0.0228865,8.4999672,1.274995
9.7356505,-61.2771633,1.3256013,1.3256013,-0.0172750,8.4999671,1.274995
9.7841927,-61.0831729,1.3229718,1.3229718,-0.0130542,8.4999671,1.274995
9.8332447,-60.8893113,1.3209854,1.3209854,-0.0098638,8.4999671,1.274995
9.8826816,-60.6955479,1.3194866,1.3194866,-0.0074465,8.4999670,1.274995
9.9324087,-60.5018594,1.3183552,1.3183552,-0.0056236,8.4999670,1.274995
9.9823548,-60.3082277,1.3174959,1.3174959,-0.0042695,8.4999670,1.274995
10.0324672,-60.1146393,1.3168335,1.3168335,-0.0032932,8.4999670,1.274995
10.0827077,-59.9210846,1.3163051,1.3163051,-0.0026252,8.4999670,1.274995
10.1330504,-59.7275567,1.3158615,1.3158615,-0.0022089,8.4999670,1.274995
10.1834789,-59.5340513,1.3154608,1.3154608,-0.0019954,8.4999670,1.274995
10.2339849,-59.3405663,1.3150709,1.3150709,-0.0019411,8.4999670,1.274995
10.2845663,-59.1471011,1.3146695,1.3146695,-0.0020059,8.4999670,1.274995
10.3352254,-58.9536561,1.3142384,1.3142384,-0.0021540,8.4999670,1.274995
10.3859679,-58.7602329,1.3137670,1.3137670,-0.0023540,8.4999670,1.274995
10.4368016,-58.5668335,1.3132508,1.3132508,-0.0025815,8.4999670,1.274995
10.4877352,-58.3734601,1.3126868,1.3126868,-0.0028211,8.4999670,1.274995
10.5387779,-58.1801153,1.3120732,1.3120732,-0.0030670,8.4999671,1.274995
10.5899393,-57.9868016,1.3114098,1.3114098,-0.0033188,8.4999671,1.274995
10.6412290,-57.7935216,1.3106936,1.3106936,-0.0035796,8.4999671,1.274995
10.6926572,-57.6002781,1.3099228,1.3099228,-0.0038539,8.4999671,1.274995
10.7442344,-57.4070740,1.3090934,1.3090934,-0.0041459,8.4999671,1.274995
10.7959719,-57.2139125,1.3082017,1.3082017,-0.0044587,8.4999672,1.274995
10.8478817,-57.0207969,1.3072433,1.3072433,-0.0047934,8.4999672,1.274995
10.8999766,-56.8277310,1.3062128,1.3062128,-0.0051486,8.4999672,1.274995
10.9522705,-56.6347186,1.3051093,1.3051093,-0.0055203,8.4999672,1.274995
11.0047774,-56.4417639,1.3039293,1.3039293,-0.0059011,8.4999672,1.274995
11.0575120,-56.2488711,1.3026737,1.3026737,-0.0062807,8.4999673,1.274995
11.1104888,-56.0560445,1.3013452,1.3013452,-0.0066451,8.4999673,1.274995
11.1637217,-55.8632885,1.2999511,1.2999511,-0.0069767,8.4999673,1.274995
11.2172233,-55.6706068,1.2985019,1.2985019,-0.0072545,8.4999673,1.274995
11.2710041,-55.4780028,1.2970133,1.2970133,-0.0074533,8.4999674,1.274995
11.3250715,-55.2854792,1.2955078,1.2955078,-0.0075447,8.4999674,1.274995
11.3794287,-55.0930372,1.2940117,1.2940117,-0.0074964,8.4999674,1.274995
11.4340737,-54.9006769,1.2925618,1.2925618,-0.0072727,8.4999674,1.274995
11.4889975,-54.7083962,1.2912003,1.2912003,-0.0068347,8.4999674,1.274995
11.5441830,-54.5161906,1.2899781,1.2899781,-0.0061410,8.4999675,1.274995
11.5996033,-54.3240528,1.2889556,1.2889556,-0.0051481,8.4999675,1.274995
11.6552200,-54.1319719,1.2882012,1.2882012,-0.0038111,8.4999675,1.274995
11.7109815,-53.9399333,1.2877927,1.2877927,-0.0020855,8.4999675,1.274995
11.7668214,-53.7479177,1.2878168,1.2878168,0.0000721,8.4999674,1.274995
11.8226566,-53.5559010,1.2883665,1.2883665,0.0027030,8.4999674,1.274995
11.8783861,-53.3638541,1.2895441,1.2895441,0.0058401,8.4999674,1.274995
11.9338894,-53.1717417,1.2914579,1.2914579,0.0095235,8.4999674,1.274995
11.9890246,-52.9795246,1.2942169,1.2942169,0.0137411,8.4999674,1.274995
12.0436295,-52.7871553,1.2979384,1.2979384,0.0186017,8.4999675,1.274995
12.0975181,-52.5945842,1.3026846,1.3026846,0.0237139,8.4999676,1.274995
12.1504856,-52.4017832,1.3085196,1.3085196,0.0290390,8.4999678,1.274995
12.2023262,-52.2086802,1.3157356,1.3157356,0.0361099,8.4999682,1.274995
12.2527793,-52.0151803,1.3244475,1.3244475,0.0435470,8.4999688,1.274995
12.3015464,-51.8212416,1.3346899,1.3346899,0.0512056,8.4999696,1.274995
12.3483238,-51.6268169,1.3465252,1.3465252,0.0591938,8.4999706,1.274996
12.3927974,-51.4318500,1.3599588,1.3599588,0.0671883,8.4999716,1.274996
12.4346480,-51.2363031,1.3749404,1.3749404,0.0749354,8.4999724,1.274996
12.4735646,-51.0401502,1.3913886,1.3913886,0.0822722,8.4999727,1.274996
12.5092499,-50.8433827,1.4091857,1.4091857,0.0890206,8.4999723,1.274996
12.5414280,-50.6460104,1.4281932,1.4281932,0.0950746,8.4999710,1.274996
12.5698491,-50.4480612,1.4482620,1.4482620,0.1003848,8.4999688,1.274995
12.5942922,-50.2495810,1.4692430,1.4692430,0.1049550,8.4999659,1.274995
12.6145659,-50.0506318,1.4909975,1.4909975,0.1088271,8.4999626,1.274994
12.6305070,-49.8512898,1.5133969,1.5133969,0.1120653,8.4999595,1.274994
12.6419792,-49.6516432,1.5363292,1.5363292,0.1147369,8.4999570,1.274994
12.6488703,-49.4517901,1.5596947,1.5596947,0.1169168,8.4999558,1.274993
12.6510902,-49.2518364,1.5834135,1.5834135,0.1187002,8.4999553,1.274993
12.6485672,-49.0518819,1.6074170,1.6074170,0.1201013,8.4999549,1.274993
12.6412455,-48.8520379,1.6316400,1.6316400,0.1211757,8.4999549,1.274993
12.6290853,-48.6524248,1.6560276,1.6560276,0.1219782,8.4999557,1.274993
12.6120608,-48.4531639,1.6805317,1.6805317,0.1225416,8.4999599,1.274994
12.5901589,-48.2543774,1.7051077,1.7051077,0.1228942,8.4999754,1.274996
12.5633786,-48.0561881,1.7297171,1.7297171,0.1230504,8.4999893,1.274998
12.5317296,-47.8587180,1.7543277,1.7543277,0.1230496,8.4999757,1.274996
12.4952311,-47.6620880,1.7789091,1.7789091,0.1229068,8.4999467,1.274992
12.4539112,-47.4664170,1.8034249,1.8034249,0.1225778,8.4999292,1.274989
12.4078076,-47.2718195,1.8278459,1.8278459,0.1221259,8.4999315,1.274990
12.3569676,-47.0784121,1.8520695,1.8520695,0.1211860,8.4999456,1.274992
12.3014562,-46.8862868,1.8758865,1.8758865,0.1188828,8.4999602,1.274994
12.2413672,-46.6954810,1.8999142,1.8999142,0.1199264,8.4999684,1.274995
12.1767010,-46.5061436,1.9246092,1.9246092,0.1234033,8.4999679,1.274995
12.1073861,-46.3184791,1.9496877,1.9496877,0.1253208,8.4999594,1.274994
12.0333977,-46.1326383,1.9749689,1.9749689,0.1264302,8.4999454,1.274992
11.9547634,-45.9487932,2.0001648,2.0001648,0.1261812,8.4999312,1.274990
11.8715871,-45.7671288,2.0248303,2.0248303,0.1238010,8.4999235,1.274989
11.7840069,-45.5876759,2.0483670,2.0483670,0.1181509,8.4999265,1.274989
11.6918383,-45.4095816,2.0698197,2.0698197,0.1076124,8.4999344,1.274990
11.5960715,-45.2338740,2.0879515,2.0879515,0.0912790,8.4999331,1.274990
11.4975025,-45.0605782,2.1018056,2.1018056,0.0693610,8.4999224,1.274988
11.3961628,-44.8880186,2.1116559,2.1116559,0.0488902,8.4999080,1.274986
11.2933501,-44.7168349,2.1200263,2.1200263,0.0294726,8.4998955,1.274984
11.1895347,-44.5472147,2.1371368,2.1371368,0.0902919,8.4998904,1.274984
11.0823841,-44.3786906,2.1596501,2.1596501,0.1111817,8.4998941,1.274984
10.9707698,-44.2115775,2.1854854,2.1854854,0.1304152,8.4999046,1.274986
10.8554914,-44.0482755,2.2135182,2.2135182,0.1411223,8.4999177,1.274988
10.7357254,-43.8883280,2.2422750,2.2422750,0.1443472,8.4999284,1.274989
10.6112561,-43.7316966,2.2709095,2.2709095,0.1434781,8.4999341,1.274990
10.4822948,-43.5786235,2.2989185,2.2989185,0.1403368,8.4999344,1.274990
10.3490985,-43.4292235,2.3260140,2.3260140,0.1359125,8.4999311,1.274990
10.2120497,-43.2836422,2.3520619,2.3520619,0.1306055,8.4999288,1.274989
10.0712476,-43.1416715,2.3770155,2.3770155,0.1247935,8.4999333,1.274990
9.9268599,-43.0031746,2.4008445,2.4008445,0.1193997,8.4999470,1.274992
9.7791657,-42.8681138,2.4229754,2.4229754,0.1100677,8.4999657,1.274995
9.6285733,-42.7364020,2.4442566,2.4442566,0.1061677,8.4999825,1.274997
9.4753025,-42.6080002,2.4660545,2.4660545,0.1090514,8.4999855,1.274998
9.3192799,-42.4829780,2.4883190,2.4883190,0.1115094,8.4999392,1.274991
9.1605064,-42.3614555,2.5105936,2.5105936,0.1113381,8.4998058,1.274971
8.9990742,-42.2435057,2.5330146,2.5330146,0.1121885,8.4995996,1.274940
8.8350339,-42.1292017,2.5555071,2.5555071,0.1124920,8.4994347,1.274915
8.6684633,-42.0186153,2.5780502,2.5780502,0.1127805,8.4995381,1.274931
8.4994388,-41.9118095,2.6005743,2.6005743,0.1126843,8.4999563,1.274993
8.3280482,-41.8088355,2.6229914,2.6229914,0.1121708,8.4999647,1.274995
8.1543889,-41.7097271,2.6451739,2.6451739,0.1110440,8.4999662,1.274995
7.9785706,-41.6144931,2.6669180,2.6669180,0.1089286,8.4999670,1.274995
7.8007199,-41.5231026,2.6879100,2.6879100,0.1052866,8.4999675,1.274995
7.6209872,-41.4354640,2.7076876,2.7076876,0.0993543,8.4999678,1.274995
7.4395539,-41.3513958,2.7256480,2.7256480,0.0903234,8.4999680,1.274995
7.2566378,-41.2705986,2.7411798,2.7411798,0.0779913,8.4999680,1.274995
7.0724859,-41.1926508,2.7539096,2.7539096,0.0635986,8.4999680,1.274995
6.8873546,-41.1170526,2.7638684,2.7638684,0.0494675,8.4999680,1.274995
6.7014796,-41.0433018,2.7714188,2.7714188,0.0373511,8.4999679,1.274995
6.5150530,-40.9709565,2.7770412,2.7770412,0.0277650,8.4999679,1.274995
6.3282226,-40.8996605,2.7811827,2.7811827,0.0204457,8.4999678,1.274995
6.1410986,-40.8291389,2.7842003,2.7842003,0.0148967,8.4999678,1.274995
5.9537627,-40.7591823,2.7863593,2.7863593,0.0106570,8.4999678,1.274995
5.7662764,-40.6896304,2.7878543,2.7878543,0.0073752,8.4999678,1.274995
5.5786864,-40.6203589,2.7888302,2.7888302,0.0048034,8.4999678,1.274995
5.3910289,-40.5512705,2.7893967,2.7893967,0.0027716,8.4999677,1.274995
5.2033325,-40.4822885,2.7896389,2.7896389,0.0011627,8.4999677,1.274995
5.0156195,-40.4133520,2.7896261,2.7896261,-0.0001055,8.4999677,1.274995
4.8279074,-40.3444131,2.7894141,2.7894141,-0.0010930,8.4999677,1.274995
4.6402099,-40.2754344,2.7890505,2.7890505,-0.0018460,8.4999677,1.274995
4.4525376,-40.2063875,2.7885754,2.7885754,-0.0024012,8.4999677,1.274995
4.2648980,-40.1372514,2.7880220,2.7880220,-0.0027896,8.4999677,1.274995
4.0772968,-40.0680115,2.7874176,2.7874176,-0.0030377,8.4999677,1.274995
3.8897374,-39.9986582,2.7867869,2.7867869,-0.0031689,8.4999677,1.274995
3.7022217,-39.9291866,2.7861487,2.7861487,-0.0032038,8.4999677,1.274995
3.5147503,-39.8595953,2.7855186,2.7855186,-0.0031610,8.4999677,1.274995
3.3273228,-39.7898859,2.7849091,2.7849091,-0.0030569,8.4999677,1.274995
3.1399376,-39.7200622,2.7843286,2.7843286,-0.0029059,8.4999677,1.274995
2.9525929,-39.6501297,2.7837855,2.7837855,-0.0027205,8.4999677,1.274995
2.7652863,-39.5800955,2.7832838,2.7832838,-0.0025119,8.4999677,1.274995
2.5780150,-39.5099674,2.7828262,2.7828262,-0.0022893,8.4999677,1.274995
2.3907758,-39.4397536,2.7824136,2.7824136,-0.0020606,8.4999677,1.274995
2.2035657,-39.3694626,2.7820476,2.7820476,-0.0018320,8.4999677,1.274995
2.0163814,-39.2991031,2.7817257,2.7817257,-0.0016087,8.4999677,1.274995
1.8292199,-39.2286834,2.7814462,2.7814462,-0.0013946,8.4999677,1.274995
1.6420781,-39.1582114,2.7812072,2.7812072,-0.0011926,8.4999677,1.274995
1.4549532,-39.0876947,2.7810062,2.7810062,-0.0010047,8.4999677,1.274995
1.2678425,-39.0171404,2.7808394,2.7808394,-0.0008324,8.4999677,1.274995
1.0807436,-38.9465549,2.7807032,2.7807032,-0.0006761,8.4999677,1.274995
0.8936543,-38.8759439,2.7805964,2.7805964,-0.0005361,8.4999677,1.274995
0.7065725,-38.8053129,2.7805129,2.7805129,-0.0004121,8.4999677,1.274995
0.5194966,-38.7346663,2.7804520,2.7804520,-0.0003034,8.4999677,1.274995
0.3324250,-38.6640083,2.7804099,2.7804099,-0.0002090,8.4999677,1.274995
0.1453563,-38.5933424,2.7803840,2.7803840,-0.0001286,8.4999677,1.274995
-0.0417107,-38.5226716,2.7803720,2.7803720,-0.0000575,8.4999677,1.274995
-0.2287770,-38.4519985,2.7803752,2.7803752,0.0000031,8.4999677,1.274995
-0.4158443,-38.3813257,2.7803997,2.7803997,0.0001447,8.4999677,1.274995
-0.6029138,-38.3106573,2.7804259,2.7804259,0.0001317,8.4999677,1.274995
-0.7899849,-38.2399939,2.7804501,2.7804501,0.0001159,8.4999677,1.274995
-0.9770578,-38.1693350,2.7804784,2.7804784,0.0001425,8.4999677,1.274995
-1.1641327,-38.0986814,2.7805095,2.7805095,0.0001552,8.4999677,1.274995
-1.3512098,-38.0280336,2.7805419,2.7805419,0.0001625,8.4999677,1.274995
-1.5382891,-37.9573919,2.7805740,2.7805740,0.0001634,8.4999677,1.274995
-1.7253707,-37.8867562,2.7806060,2.7806060,0.0001597,8.4999677,1.274995
-1.9124545,-37.8161265,2.7806359,2.7806359,0.0001519,8.4999677,1.274995
-2.0995399,-37.7455026,2.7806647,2.7806647,0.0001410,8.4999677,1.274995
-2.2866265,-37.6748844,2.7806896,2.7806896,0.0001277,8.4999677,1.274995
-2.4737150,-37.6042708,2.7807122,2.7807122,0.0001126,8.4999677,1.274995
-2.6608052,-37.5336614,2.7807319,2.7807319,0.0000963,8.4999677,1.274995
-2.8478970,-37.4630556,2.7807471,2.7807471,0.0000793,8.4999677,1.274995
-3.0349900,-37.3924526,2.7807601,2.7807601,0.0000620,8.4999677,1.274995
-3.2220840,-37.3218520,2.7807684,2.7807684,0.0000447,8.4999677,1.274995
-3.4091787,-37.2512529,2.7807746,2.7807746,0.0000278,8.4999676,1.274995
-3.5962740,-37.1806549,2.7807765,2.7807765,0.0000114,8.4999676,1.274995
-3.7833696,-37.1100572,2.7807758,2.7807758,-0.0000042,8.4999676,1.274995
-3.9704653,-37.0394593,2.7807721,2.7807721,-0.0000188,8.4999676,1.274995
-4.1575608,-36.9688607,2.7807655,2.7807655,-0.0000324,8.4999676,1.274995
-4.3446560,-36.8982608,2.7807565,2.7807565,-0.0000446,8.4999676,1.274995
-4.5317506,-36.8276592,2.7807459,2.7807459,-0.0000556,8.4999676,1.274995
-4.7188445,-36.7570556,2.7807323,2.7807323,-0.0000652,8.4999676,1.274995
-4.9059376,-36.6864494,2.7807181,2.7807181,-0.0000733,8.4999676,1.274995
-5.0930298,-36.6158405,2.7807020,2.7807020,-0.0000799,8.4999676,1.274995
-5.2801208,-36.5452286,2.7806850,2.7806850,-0.0000850,8.4999676,1.274995
-5.4672107,-36.4746135,2.7806672,2.7806672,-0.0000885,8.4999676,1.274995
-5.6542995,-36.4039950,2.7806493,2.7806493,-0.0000905,8.4999676,1.274995
-5.8413869,-36.3333732,2.7806313,2.7806313,-0.0000908,8.4999676,1.274995
-6.0284731,-36.2627480,2.7806131,2.7806131,-0.0000896,8.4999676,1.274995
-6.2155580,-36.1921194,2.7805960,2.7805960,-0.0000868,8.4999676,1.274995
-6.4026417,-36.1214876,2.7805795,2.7805795,-0.0000823,8.4999676,1.274995
-6.5897243,-36.0508527,2.7805643,2.7805643,-0.0000763,8.4999676,1.274995
-6.7768057,-35.9802150,2.7805505,2.7805505,-0.0000687,8.4999676,1.274995
-6.9638862,-35.9095747,2.7805387,2.7805387,-0.0000594,8.4999676,1.274995
-7.1509658,-35.8389322,2.7805290,2.7805290,-0.0000485,8.4999676,1.274995
-7.3380447,-35.7682879,2.7805214,2.7805214,-0.0000360,8.4999676,1.274995
-7.5251230,-35.6976422,2.7805176,2.7805176,-0.0000217,8.4999676,1.274995
-7.7122010,-35.6269958,2.7805163,2.7805163,-0.0000056,8.4999676,1.274995
-7.8992788,-35.5563492,2.7805190,2.7805190,0.0000123,8.4999676,1.274995
-8.0863568,-35.4857031,2.7805253,2.7805253,0.0000323,8.4999676,1.274995
-8.2734352,-35.4150582,2.7805362,2.7805362,0.0000546,8.4999676,1.274995
-8.4605142,-35.3444154,2.7805522,2.7805522,0.0000793,8.4999676,1.274995
-8.6475943,-35.2737756,2.7805735,2.7805735,0.0001068,8.4999676,1.274995
-8.8346759,-35.2031398,2.7806011,2.7806011,0.0001376,8.4999676,1.274995
-9.0217593,-35.1325092,2.7806355,2.7806355,0.0001720,8.4999676,1.274995
-9.2088450,-35.0618851,2.7806774,2.7806774,0.0002108,8.4999676,1.274995
-9.3959335,-34.9912689,2.7807290,2.7807290,0.0002547,8.4999676,1.274995
-9.5830255,-34.9206624,2.7807897,2.7807897,0.0003046,8.4999676,1.274995
-9.7701217,-34.8500673,2.7808623,2.7808623,0.0003616,8.4999676,1.274995
-9.9572227,-34.7794859,2.7809476,2.7809476,0.0004268,8.4999676,1.274995
-10.1443296,-34.7089205,2.7810483,2.7810483,0.0005026,8.4999676,1.274995
-10.3314432,-34.6383741,2.7811662,2.7811662,0.0005876,8.4999676,1.274995
-10.5185650,-34.5678498,2.7813044,2.7813044,0.0006945,8.4999676,1.274995
-10.7056959,-34.4973516,2.7814650,2.7814650,0.0007886,8.4999676,1.274995
-10.8928383,-34.4268834,2.7816497,2.7816497,0.0009905,8.4999676,1.274995
-11.0799928,-34.3564501,2.7817774,2.7817774,0.0006066,8.4999676,1.274995
-11.2671515,-34.2860425,2.7818697,2.7818697,0.0003736,8.4999677,1.274995
-11.4543164,-34.2156523,2.7820369,2.7820369,0.0009339,8.4999677,1.274995
-11.6414965,-34.1452921,2.7822071,2.7822071,0.0008472,8.4999677,1.274995
-11.8286895,-34.0749634,2.7823409,2.7823409,0.0006715,8.4999677,1.274995
-12.0158926,-34.0046595,2.7824384,2.7824384,0.0004879,8.4999677,1.274995
-12.2031035,-33.9343735,2.7825036,2.7825036,0.0003182,8.4999678,1.274995
-12.3903198,-33.8640994,2.7825395,2.7825395,0.0001740,8.4999678,1.274995
-12.5775381,-33.7938322,2.7825542,2.7825542,0.0000683,8.4999678,1.274995
-12.7647565,-33.7235681,2.7825585,2.7825585,0.0000124,8.4999678,1.274995
-12.9519742,-33.6533052,2.7825635,2.7825635,0.0000174,8.4999678,1.274995
-13.1391915,-33.5830435,2.7825838,2.7825838,0.0000931,8.4999677,1.274995
-13.3264092,-33.5127860,2.7826351,2.7826351,0.0002481,8.4999677,1.274995
-13.5136297,-33.4425384,2.7827348,2.7827348,0.0004893,8.4999677,1.274995
-13.7008563,-33.3723098,2.7829009,2.7829009,0.0008216,8.4999677,1.274995
-13.8880938,-33.3021126,2.7831515,2.7831515,0.0012478,8.4999677,1.274995
-14.0753481,-33.2319626,2.7835061,2.7835061,0.0017677,8.4999677,1.274995
-14.2626265,-33.1618793,2.7839834,2.7839834,0.0023785,8.4999676,1.274995
-14.4499378,-33.0918856,2.7845989,2.7845989,0.0030742,8.4999676,1.274995
-14.6372916,-33.0220074,2.7853684,2.7853684,0.0038454,8.4999676,1.274995
-14.8246988,-32.9522735,2.7863048,2.7863048,0.0046793,8.4999676,1.274995
-15.0121710,-32.8827152,2.7874162,2.7874162,0.0055599,8.4999676,1.274995
-15.1997204,-32.8133653,2.7887098,2.7887098,0.0064676,8.4999676,1.274995
-15.3873598,-32.7442579,2.7901853,2.7901853,0.0073798,8.4999676,1.274995
-15.5751019,-32.6754271,2.7918383,2.7918383,0.0082724,8.4999676,1.274995
-15.7629590,-32.6069062,2.7936603,2.7936603,0.0091146,8.4999676,1.274995
-15.9509439,-32.5387265,2.7956627,2.7956627,0.0099874,8.4999676,1.274995
-16.1390673,-32.4709225,2.7979750,2.7979750,0.0114713,8.4999676,1.274995
-16.3273587,-32.4035495,2.8004612,2.8004612,0.0128957,8.4999676,1.274995
-16.5158371,-32.3366377,2.8025316,2.8025316,0.0101909,8.4999676,1.274995
-16.7044592,-32.2701143,2.8042847,2.8042847,0.0088104,8.4999676,1.274995
-16.8931979,-32.2039216,2.8056933,2.8056933,0.0071194,8.4999676,1.274995
-17.0820019,-32.1380045,2.8066719,2.8066719,0.0049733,8.4999676,1.274995
-17.2708361,-32.0722841,2.8071272,2.8071272,0.0023442,8.4999676,1.274995
-17.4597134,-32.0066451,2.8069705,2.8069705,-0.0007379,8.4999676,1.274995
-17.6485925,-31.9409723,2.8061081,2.8061081,-0.0042781,8.4999676,1.274995
-17.8374253,-31.8751330,2.8044463,2.8044463,-0.0082834,8.4999676,1.274995
-18.0261561,-31.8089773,2.8018893,2.8018893,-0.0127629,8.4999676,1.274995
-18.2147215,-31.7423377,2.7983410,2.7983410,-0.0177247,8.4999676,1.274995
-18.4030502,-31.6750291,2.7937018,2.7937018,-0.0231739,8.4999677,1.274995
-18.5910622,-31.6068484,2.7878747,2.7878747,-0.0291082,8.4999678,1.274995
-18.7786680,-31.5375754,2.7807659,2.7807659,-0.0355159,8.4999681,1.274995
-18.9657682,-31.4669737,2.7722855,2.7722855,-0.0423726,8.4999684,1.274995
-19.1522523,-31.3947920,2.7623438,2.7623438,-0.0496673,8.4999690,1.274995
-19.3379976,-31.3207647,2.7508475,2.7508475,-0.0574828,8.4999697,1.274995
-19.5228671,-31.2446121,2.7377513,2.7377513,-0.0655439,8.4999706,1.274996
-19.7067656,-31.1660270,2.7230638,2.7230638,-0.0735026,8.4999714,1.274996
-19.8895107,-31.0847403,2.7068237,2.7068237,-0.0812758,8.4999718,1.274996
-20.0709109,-31.0004970,2.6891066,2.6891066,-0.0886584,8.4999716,1.274996
-20.2507879,-30.9130543,2.6700204,2.6700204,-0.0955001,8.4999705,1.274996
-20.4289599,-30.8221963,2.6496974,2.6496974,-0.1016778,8.4999685,1.274995
-20.6052443,-30.7277387,2.6282882,2.6282882,-0.1071051,8.4999656,1.274995
-20.7794604,-30.6295322,2.6059574,2.6059574,-0.1117175,8.4999620,1.274994
-20.9514335,-30.5274641,2.5828731,2.5828731,-0.1154981,8.4999582,1.274994
-21.1209923,-30.4214615,2.5592174,2.5592174,-0.1183391,8.4999548,1.274993
-21.2879875,-30.3114837,2.5350691,2.5350691,-0.1205992,8.4999525,1.274993
-21.4522478,-30.1975270,2.5103491,2.5103491,-0.1242607,8.4999512,1.274993
-21.6136051,-30.0795714,2.4857546,2.4857546,-0.1229125,8.4999504,1.274993
-21.7720180,-29.9576794,2.4614560,2.4614560,-0.1212151,8.4999499,1.274992
-21.9275425,-29.8318776,2.4372321,2.4372321,-0.1211809,8.4999504,1.274993
-22.0799588,-29.7023588,2.4131286,2.4131286,-0.1204909,8.4999539,1.274993
-22.2291919,-29.5692197,2.3891475,2.3891475,-0.1199304,8.4999675,1.274995
-22.3751717,-29.4325572,2.3652929,2.3652929,-0.1193103,8.4999869,1.274998
-22.5178359,-29.2924657,2.3415476,2.3415476,-0.1187685,8.4999770,1.274997
-22.6571232,-29.1490372,2.3178907,2.3178907,-0.1183298,8.4999433,1.274991
-22.7929737,-29.0023595,2.2943007,2.2943007,-0.1179768,8.4999230,1.274988
-22.9253272,-28.8525175,2.2707567,2.2707567,-0.1177060,8.4999274,1.274989
-23.0541520,-28.6995590,2.2472377,2.2472377,-0.1175880,8.4999452,1.274992
-23.1793349,-28.5436247,2.2237251,2.2237251,-0.1175797,8.4999597,1.274994
-23.3008106,-28.3847989,2.2001960,2.2001960,-0.1176754,8.4999637,1.274995
-23.4185152,-28.2231602,2.1766279,2.1766279,-0.1178657,8.4999573,1.274994
-23.5323816,-28.0587873,2.1530048,2.1530048,-0.1181326,8.4999457,1.274992
-23.6423406,-27.8917600,2.1293138,2.1293138,-0.1184569,8.4999368,1.274991
-23.7483080,-27.7221813,2.1055498,2.1055498,-0.1188339,8.4999373,1.274991
-23.8502033,-27.5501539,2.0817071,2.0817071,-0.1192453,8.4999435,1.274992
-23.9479714,-27.3757409,2.0577852,2.0577852,-0.1196407,8.4999434,1.274992
-24.0415442,-27.1990306,2.0337891,2.0337891,-0.1200023,8.4999364,1.274990
-24.1308554,-27.0201154,2.0097244,2.0097244,-0.1203423,8.4999279,1.274989
-24.2158410,-26.8390915,1.9855942,1.9855942,-0.1206584,8.4999216,1.274988
-24.2964391,-26.6560585,1.9614079,1.9614079,-0.1209400,8.4999191,1.274988
-24.3725850,-26.4711351,1.9371783,1.9371783,-0.1211781,8.4999201,1.274988
-24.4442090,-26.2844717,1.9129134,1.9129134,-0.1213629,8.4999218,1.274988
-24.5112865,-26.0961156,1.8886197,1.8886197,-0.1214988,8.4999216,1.274988
-24.5737718,-25.9061765,1.8643072,1.8643072,-0.1215879,8.4999195,1.274988
-24.6316238,-25.7147659,1.8399832,1.8399832,-0.1216344,8.4999180,1.274988
-24.6848053,-25.5219975,1.8156569,1.8156569,-0.1216439,8.4999222,1.274988
-24.7332837,-25.3279865,1.7913334,1.7913334,-0.1216243,8.4999358,1.274990
-24.7770303,-25.1328490,1.7670184,1.7670184,-0.1215846,8.4999576,1.274994
-24.8160204,-24.9367019,1.7427136,1.7427136,-0.1215314,8.4999789,1.274997
-24.8502325,-24.7396630,1.7184240,1.7184240,-0.1214671,8.4999860,1.274998
-24.8796478,-24.5418593,1.6941526,1.6941526,-0.1213900,8.4999425,1.274991
-24.9042504,-24.3434285,1.6699104,1.6699104,-0.1212544,8.4998018,1.274970
-24.9240364,-24.1444541,1.6457137,1.6457137,-0.1210202,8.4996003,1.274940
-24.9390029,-23.9450545,1.6215907,1.6215907,-0.1206463,8.4994856,1.274923
-24.9491556,-23.7453481,1.5975869,1.5975869,-0.1200540,8.4996747,1.274951
-24.9545122,-23.5454523,1.5737693,1.5737693,-0.1191191,8.4999572,1.274994
-24.9551067,-23.3454830,1.5502250,1.5502250,-0.1177587,8.4999627,1.274994
-24.9509933,-23.1455532,1.5270782,1.5270782,-0.1157810,8.4999643,1.274995
-24.9422536,-22.9457705,1.5045250,1.5045250,-0.1128452,8.4999652,1.274995
-24.9290107,-22.7462345,1.4828523,1.4828523,-0.1084828,8.4999657,1.274995
-24.9114467,-22.5470316,1.4624635,1.4624635,-0.1021078,8.4999660,1.274995
-24.8898251,-22.3482280,1.4438487,1.4438487,-0.0932481,8.4999661,1.274995
-24.8645069,-22.1498623,1.4274538,1.4274538,-0.0820588,8.4999661,1.274995
-24.8359404,-21.9519407,1.4134881,1.4134881,-0.0697347,8.4999660,1.274995
-24.8046132,-21.7544408,1.4018158,1.4018158,-0.0580850,8.4999659,1.274995
-24.7709836,-21.5573240,1.3920316,1.3920316,-0.0485261,8.4999657,1.274995
-24.7354248,-21.3605334,1.3836314,1.3836314,-0.0416722,8.4999656,1.274995
-24.6982136,-21.1640454,1.3761220,1.3761220,-0.0372972,8.4999655,1.274995
-24.6595290,-20.9678476,1.3690880,1.3690880,-0.0350520,8.4999654,1.274995
-24.6194674,-20.7719370,1.3622396,1.3622396,-0.0341593,8.4999654,1.274995
-24.5780652,-20.5763059,1.3553190,1.3553190,-0.0345260,8.4999654,1.274995
-24.5353100,-20.3809655,1.3480773,1.3480773,-0.0361708,8.4999655,1.274995
-24.4911417,-20.1859414,1.3403329,1.3403329,-0.0386935,8.4999656,1.274995
-24.4454641,-19.9912640,1.3319360,1.3319360,-0.0419675,8.4999658,1.274995
-24.3981531,-19.7969756,1.3227687,1.3227687,-0.0458199,8.4999661,1.274995
-24.3490625,-19.6031270,1.3127393,1.3127393,-0.0501419,8.4999664,1.274995
-24.2980296,-19.4097782,1.3017871,1.3017871,-0.0547724,8.4999667,1.274995
-24.2448816,-19.2169977,1.2899113,1.2899113,-0.0594138,8.4999669,1.274995
-24.1894474,-19.0248599,1.2771599,1.2771599,-0.0638125,8.4999669,1.274995
-24.1315672,-18.8334428,1.2636234,1.2636234,-0.0677755,8.4999667,1.274995
-24.0711013,-18.6428268,1.2494285,1.2494285,-0.0711069,8.4999660,1.274995
-24.0079405,-18.4531024,1.2347325,1.2347325,-0.0736098,8.4999649,1.274995
-23.9419981,-18.2643257,1.2197167,1.2197167,-0.0752007,8.4999637,1.274995
-23.8732282,-18.0765593,1.2045812,1.2045812,-0.0757862,8.4999632,1.274994
-23.8016239,-17.8898541,1.1895430,1.1895430,-0.0752936,8.4999637,1.274995
-23.7272197,-17.7042458,1.1748221,1.1748221,-0.0736831,8.4999641,1.274995
-23.6500909,-17.5197518,1.1606272,1.1606272,-0.0710345,8.4999646,1.274995
-23.5703507,-17.3363703,1.1471296,1.1471296,-0.0675344,8.4999650,1.274995
-23.4881422,-17.1540808,1.1344599,1.1344599,-0.0633759,8.4999653,1.274995
-23.4036305,-16.9728468,1.1227006,1.1227006,-0.0588059,8.4999655,1.274995
-23.3169932,-16.7926185,1.1118787,1.1118787,-0.0541115,8.4999657,1.274995
-23.2284103,-16.6133377,1.1019634,1.1019634,-0.0495621,8.4999658,1.274995
-23.1380540,-16.4349437,1.0928808,1.0928808,-0.0453872,8.4999659,1.274995
-23.0460809,-16.2573772,1.0845218,1.0845218,-0.0417610,8.4999660,1.274995
-22.9526266,-16.0805854,1.0767534,1.0767534,-0.0388004,8.4999660,1.274995
-22.8578015,-15.9045245,1.0694293,1.0694293,-0.0365714,8.4999661,1.274995
-22.7616893,-15.7291625,1.0623983,1.0623983,-0.0350994,8.4999661,1.274995
-22.6643463,-15.5544802,1.0555111,1.0555111,-0.0343792,8.4999662,1.274995
-22.5658024,-15.3804722,1.0486221,1.0486221,-0.0343821,8.4999662,1.274995
-22.4660620,-15.2071470,1.0415977,1.0415977,-0.0350607,8.4999663,1.274995
-22.3651065,-15.0345266,1.0343163,1.0343163,-0.0363518,8.4999664,1.274995
-22.2628968,-14.8626459,1.0266701,1.0266701,-0.0381779,8.4999665,1.274995
-22.1593759,-14.6915518,1.0185713,1.0185713,-0.0404497,8.4999667,1.274995
-22.0544730,-14.5213021,1.0099508,1.0099508,-0.0430711,8.4999668,1.274995
-21.9481068,-14.3519637,1.0007588,1.0007588,-0.0459454,8.4999669,1.274995
-21.8401909,-14.1836138,0.9909682,0.9909682,-0.0489606,8.4999669,1.274995
-21.7306316,-14.0163280,0.9805854,0.9805854,-0.0519511,8.4999668,1.274995
-21.6193410,-13.8501882,0.9696461,0.9696461,-0.0547474,8.4999664,1.274995
-21.5062394,-13.6852754,0.9582111,0.9582111,-0.0572317,8.4999659,1.274995
-21.3912592,-13.5216663,0.9463637,0.9463637,-0.0593069,8.4999656,1.274995
-21.2743485,-13.3594305,0.9341978,0.9341978,-0.0608880,8.4999658,1.274995
-21.1554726,-13.1986288,0.9218040,0.9218040,-0.0620149,8.4999660,1.274995
-21.0346127,-13.0393124,0.9092533,0.9092533,-0.0627919,8.4999662,1.274995
-20.9117627,-12.8815252,0.8965980,0.8965980,-0.0633008,8.4999664,1.274995
-20.7869255,-12.7253050,0.8838782,0.8838782,-0.0636217,8.4999666,1.274995
-20.6601112,-12.5706851,0.8711151,0.8711151,-0.0638263,8.4999668,1.274995
-20.5313337,-12.4176961,0.8583235,0.8583235,-0.0639686,8.4999669,1.274995
-20.4006096,-12.2663666,0.8455085,0.8455085,-0.0640823,8.4999670,1.274995
-20.2679569,-12.1167246,0.8326743,0.8326743,-0.0641802,8.4999671,1.274995
-20.1333944,-11.9687971,0.8198275,0.8198275,-0.0642465,8.4999670,1.274995
-19.9969426,-11.8226104,0.8069813,0.8069813,-0.0642407,8.4999669,1.274995
-19.8586256,-11.6781901,0.7941692,0.7941692,-0.0640880,8.4999667,1.274995
-19.7184719,-11.5355560,0.7814455,0.7814455,-0.0636456,8.4999663,1.274995
-19.5765148,-11.3947167,0.7688796,0.7688796,-0.0628559,8.4999659,1.274995
-19.4327992,-11.2556723,0.7565545,0.7565545,-0.0616559,8.4999660,1.274995
-19.2873809,-11.1184098,0.7445535,0.7445535,-0.0600318,8.4999662,1.274995
-19.1403259,-10.9829024,0.7329452,0.7329452,-0.0580608,8.4999663,1.274995
-18.9917078,-10.8491111,0.7217841,0.7217841,-0.0558230,8.4999665,1.274995
-18.8416058,-10.7169869,0.7111045,0.7111045,-0.0534105,8.4999666,1.274995
-18.6901013,-10.5864732,0.7009217,0.7009217,-0.0509214,8.4999667,1.274995
-18.5372757,-10.4575090,0.6912345,0.6912345,-0.0484401,8.4999667,1.274995
-18.3832079,-10.3300312,0.6820280,0.6820280,-0.0460326,8.4999667,1.274995
-18.2279730,-10.2039772,0.6732785,0.6732785,-0.0437428,8.4999667,1.274995
-18.0716410,-10.0792861,0.6649593,0.6649593,-0.0415932,8.4999667,1.274995
-17.9142770,-9.9558998,0.6570399,0.6570399,-0.0395897,8.4999666,1.274995
-17.7559407,-9.8337635,0.6494935,0.6494935,-0.0377259,8.4999666,1.274995
-17.5966869,-9.7128253,0.6422935,0.6422935,-0.0359932,8.4999666,1.274995
-17.4365663,-9.5930367,0.6354110,0.6354110,-0.0343958,8.4999667,1.274995
-17.2756247,-9.4743527,0.6288191,0.6288191,-0.0329442,8.4999667,1.274995
-17.1139040,-9.3567320,0.6224857,0.6224857,-0.0316468,8.4999667,1.274995
-16.9514412,-9.2401376,0.6163799,0.6163799,-0.0305111,8.4999668,1.274995
-16.7882699,-9.1245376,0.6104696,0.6104696,-0.0295329,8.4999668,1.274995
-16.6244185,-9.0099042,0.6047286,0.6047286,-0.0286965,8.4999668,1.274995
-16.4599119,-8.8962135,0.5991306,0.5991306,-0.0279825,8.4999667,1.274995
-16.2947716,-8.7834456,0.5936556,0.5936556,-0.0273703,8.4999667,1.274995
-16.1290165,-8.6715836,0.5882867,0.5882867,-0.0268424,8.4999667,1.274995
-15.9626633,-8.5606132,0.5830073,0.5830073,-0.0263945,8.4999667,1.274995
-15.7957266,-8.4505226,0.5777979,0.5777979,-0.0260426,8.4999667,1.274995
-15.6282186,-8.3413031,0.5726352,0.5726352,-0.0258100,8.4999668,1.274995
-15.4601489,-8.2329498,0.5674900,0.5674900,-0.0257206,8.4999668,1.274995
-15.2915238,-8.1254626,0.5623302,0.5623302,-0.0257947,8.4999668,1.274995
-15.1223462,-8.0188468,0.5571206,0.5571206,-0.0260442,8.4999669,1.274995
-14.9526153,-7.9131137,0.5518257,0.5518257,-0.0264694,8.4999669,1.274995
-14.7823268,-7.8082807,0.5464139,0.5464139,-0.0270579,8.4999670,1.274995
-14.6114733,-7.7043707,0.5408576,0.5408576,-0.0277834,8.4999670,1.274995
-14.4400449,-7.6014115,0.5351364,0.5351364,-0.0286056,8.4999671,1.274995
-14.2680300,-7.4994346,0.5292439,0.5292439,-0.0294707,8.4999671,1.274995
-14.0954171,-7.3984730,0.5231837,0.5231837,-0.0303119,8.4999671,1.274995
-13.9221953,-7.2985592,0.5169763,0.5169763,-0.0310518,8.4999671,1.274995
-13.7483565,-7.1997225,0.5106590,0.5106590,-0.0316054,8.4999670,1.274995
-13.5738967,-7.1019859,0.5042867,0.5042867,-0.0318902,8.4999669,1.274995
-13.3988175,-7.0053629,0.4979264,0.4979264,-0.0318333,8.4999668,1.274995
-13.2231271,-6.9098553,0.4916548,0.4916548,-0.0313880,8.4999668,1.274995
-13.0468411,-6.8154514,0.4855500,0.4855500,-0.0305590,8.4999668,1.274995
-12.8699820,-6.7221254,0.4796771,0.4796771,-0.0293877,8.4999669,1.274995
-12.6925777,-6.6298396,0.4740961,0.4740961,-0.0279309,8.4999669,1.274995
-12.5146611,-6.5385453,0.4688481,0.4688481,-0.0262556,8.4999670,1.274995
-12.3362677,-6.4481859,0.4639650,0.4639650,-0.0244290,8.4999670,1.274995
-12.1574352,-6.3586987,0.4594636,0.4594636,-0.0225137,8.4999670,1.274995
-11.9782017,-6.2700174,0.4553510,0.4553510,-0.0205642,8.4999671,1.274995
-11.7986049,-6.1820739,0.4516250,0.4516250,-0.0186265,8.4999671,1.274995
-11.6186817,-6.0948002,0.4482753,0.4482753,-0.0167378,8.4999671,1.274995
-11.4384672,-6.0081297,0.4452875,0.4452875,-0.0149287,8.4999671,1.274995
-11.2579945,-5.9219980,0.4426391,0.4426391,-0.0132247,8.4999671,1.274995
-11.0772944,-5.8363446,0.4403058,0.4403058,-0.0116463,8.4999671,1.274995
-10.8963950,-5.7511131,0.4382600,0.4382600,-0.0102084,8.4999672,1.274995
-10.7153232,-5.6662526,0.4364705,0.4364705,-0.0089223,8.4999672,1.274995
-10.5341001,-5.5817164,0.4349080,0.4349080,-0.0077910,8.4999672,1.274995
-10.3527450,-5.4974634,0.4335414,0.4335414,-0.0068138,8.4999672,1.274995
-10.1712749,-5.4134583,0.4323401,0.4323401,-0.0059862,8.4999672,1.274995
-9.9897039,-5.3296712,0.4312762,0.4312762,-0.0053002,8.4999672,1.274995
-9.8080438,-5.2460773,0.4303243,0.4303243,-0.0047445,8.4999672,1.274995
-9.6263041,-5.1626563,0.4294608,0.4294608,-0.0043058,8.4999673,1.274995
-9.4444923,-5.0793922,0.4286647,0.4286647,-0.0039687,8.4999673,1.274995
-9.2626143,-4.9962729,0.4279199,0.4279199,-0.0037168,8.4999673,1.274995
-9.0806743,-4.9132890,0.4272121,0.4272121,-0.0035334,8.4999673,1.274995
-8.8986756,-4.8304339,0.4265307,0.4265307,-0.0034016,8.4999673,1.274995
-8.7166204,-4.7477028,0.4258692,0.4258692,-0.0033059,8.4999673,1.274995
-8.5345104,-4.6650921,0.4252224,0.4252224,-0.0032329,8.4999673,1.274995
-8.3523470,-4.5825992,0.4245877,0.4245877,-0.0031725,8.4999674,1.274995
-8.1701312,-4.5002219,0.4239642,0.4239642,-0.0031170,8.4999674,1.274995
-7.9878640,-4.4179582,0.4233525,0.4233525,-0.0030606,8.4999674,1.274995
-7.8055465,-4.3358060,0.4227533,0.4227533,-0.0029991,8.4999674,1.274995
-7.6231797,-4.2537630,0.4221673,0.4221673,-0.0029296,8.4999674,1.274995
-7.4407649,-4.1718269,0.4215977,0.4215977,-0.0028503,8.4999674,1.274995
-7.2583034,-4.0899947,0.4210462,0.4210462,-0.0027596,8.4999674,1.274995
-7.0757967,-4.0082631,0.4205150,0.4205150,-0.0026568,8.4999675,1.274995
-6.8932467,-3.9266285,0.4200075,0.4200075,-0.0025413,8.4999675,1.274995
-6.7106552,-3.8450865,0.4195251,0.4195251,-0.0024129,8.4999675,1.274995
-6.5280244,-3.7636326,0.4190711,0.4190711,-0.0022716,8.4999675,1.274995
-6.3453566,-3.6822616,0.4186476,0.4186476,-0.0021185,8.4999675,1.274995
-6.1626544,-3.6009680,0.4182574,0.4182574,-0.0019554,8.4999675,1.274995
-5.9799205,-3.5197457,0.4179001,0.4179001,-0.0017851,8.4999675,1.274995
-5.7971576,-3.4385887,0.4175782,0.4175782,-0.0016106,8.4999676,1.274995
-5.6143685,-3.3574905,0.4172911,0.4172911,-0.0014348,8.4999676,1.274995
-5.4315562,-3.2764448,0.4170391,0.4170391,-0.0012606,8.4999676,1.274995
-5.2487235,-3.1954452,0.4168210,0.4168210,-0.0010904,8.4999676,1.274995
-5.0658732,-3.1144855,0.4166351,0.4166351,-0.0009262,8.4999676,1.274995
-4.8830079,-3.0335598,0.4164813,0.4164813,-0.0007696,8.4999676,1.274995
-4.7001301,-2.9526622,0.4163564,0.4163564,-0.0006221,8.4999676,1.274995
-4.5172423,-2.8717875,0.4162589,0.4162589,-0.0004846,8.4999677,1.274995
-4.3343468,-2.7909307,0.4161877,0.4161877,-0.0003580,8.4999677,1.274995
-4.1514457,-2.7100870,0.4161383,0.4161383,-0.0002429,8.4999677,1.274995
-3.9685405,-2.6292523,0.4161098,0.4161098,-0.0001396,8.4999677,1.274995
-3.7856330,-2.5484228,0.4160998,0.4160998,-0.0000486,8.4999677,1.274995
-3.6027246,-2.4675951,0.4161056,0.4161056,0.0000300,8.4999677,1.274995
-3.4198166,-2.3867663,0.4161242,0.4161242,0.0000957,8.4999677,1.274995
-3.2369101,-2.3059341,0.4161535,0.4161535,0.0001484,8.4999677,1.274995
-3.0540059,-2.2250965,0.4161907,0.4161907,0.0001876,8.4999677,1.274995
-2.8711047,-2.1442521,0.4162328,0.4162328,0.0002128,8.4999678,1.274995
-2.6882069,-2.0634000,0.4162774,0.4162774,0.0002237,8.4999678,1.274995
-2.5053126,-1.9825397,0.4163206,0.4163206,0.0002195,8.4999678,1.274995
-2.3224218,-1.9016715,0.4163604,0.4163604,0.0001996,8.4999678,1.274995
-2.1395342,-1.8207960,0.4163920,0.4163920,0.0001631,8.4999678,1.274995
-1.9566491,-1.7399147,0.4164140,0.4164140,0.0001091,8.4999678,1.274995
-1.7737658,-1.6590294,0.4164209,0.4164209,0.0000369,8.4999678,1.274995
-1.5908830,-1.5781428,0.4164090,0.4164090,-0.0000548,8.4999678,1.274995
-1.4079993,-1.4972584,0.4163759,0.4163759,-0.0001659,8.4999678,1.274995
-1.2251130,-1.4163801,0.4163153,0.4163153,-0.0003012,8.4999679,1.274995
-1.0422214,-1.3355127,0.4162250,0.4162250,-0.0004481,8.4999679,1.274995
-0.8593236,-1.2546623,0.4161008,0.4161008,-0.0006453,8.4999679,1.274995
-0.6764139,-1.1738338,0.4159699,0.4159699,-0.0006206,8.4999679,1.274995
-0.4934883,-1.0930269,0.4157988,0.4157988,-0.0008416,8.4999679,1.274995
-0.3105514,-1.0122524,0.4155495,0.4155495,-0.0012663,8.4999679,1.274995
-0.1275991,-0.9315256,0.4152390,0.4152390,-0.0015487,8.4999679,1.274995
0.0553783,-0.8508556,0.4148752,0.4148752,-0.0018205,8.4999678,1.274995
0.2383852,-0.7702521,0.4144537,0.4144537,-0.0021040,8.4999678,1.274995
0.4214259,-0.6897258,0.4139746,0.4139746,-0.0023971,8.4999678,1.274995
0.6045052,-0.6092872,0.4134351,0.4134351,-0.0026967,8.4999678,1.274995
0.7876278,-0.5289474,0.4128359,0.4128359,-0.0029984,8.4999678,1.274995
0.9707986,-0.4487173,0.4121764,0.4121764,-0.0032969,8.4999678,1.274995
1.1540221,-0.3686081,0.4114601,0.4114601,-0.0035857,8.4999678,1.274995
1.3373031,-0.2886301,0.4106892,0.4106892,-0.0038565,8.4999678,1.274995
1.5206455,-0.2087935,0.4098698,0.4098698,-0.0040999,8.4999677,1.274995
1.7040534,-0.1291071,0.4090102,0.4090102,-0.0043049,8.4999677,1.274995
1.8875297,-0.0495784,0.4081194,0.4081194,-0.0044599,8.4999677,1.274995
2.0710767,0.0297868,0.4072100,0.4072100,-0.0045528,8.4999677,1.274995
2.2546959,0.1089851,0.4062976,0.4062976,-0.0045725,8.4999677,1.274995
2.4383872,0.1880158,0.4053967,0.4053967,-0.0045104,8.4999677,1.274995
2.6221497,0.2668810,0.4045261,0.4045261,-0.0043623,8.4999676,1.274995
2.8059808,0.3455862,0.4037012,0.4037012,-0.0041312,8.4999676,1.274995
2.9898767,0.4241397,0.4029372,0.4029372,-0.0038261,8.4999676,1.274995
3.1738326,0.5025527,0.4022464,0.4022464,-0.0034589,8.4999676,1.274995
3.3578426,0.5808386,0.4016390,0.4016390,-0.0030437,8.4999676,1.274995
3.5419001,0.6590127,0.4011196,0.4011196,-0.0025953,8.4999676,1.274995
3.7259982,0.7370912,0.4006943,0.4006943,-0.0021283,8.4999676,1.274995
3.9101295,0.8150914,0.4003631,0.4003631,-0.0016569,8.4999675,1.274995
4.0942866,0.8930306,0.4001231,0.4001231,-0.0011947,8.4999675,1.274995
4.2784624,0.9709256,0.3999716,0.3999716,-0.0007546,8.4999675,1.274995
4.4626500,1.0487927,0.3999003,0.3999003,-0.0003492,8.4999675,1.274995
4.6468432,1.1266467,0.3999010,0.3999010,0.0000097,8.4999675,1.274995
4.8310363,1.2045008,0.3999611,0.3999611,0.0003101,8.4999675,1.274995
5.0152248,1.2823660,0.4000669,0.4000669,0.0005405,8.4999674,1.274995
5.1994051,1.3602507,0.4002015,0.4002015,0.0006891,8.4999674,1.274995
5.3835749,1.4381602,0.4003477,0.4003477,0.0007441,8.4999674,1.274995
5.5677335,1.5160967,0.4004824,0.4004824,0.0006937,8.4999674,1.274995
5.7518816,1.5940580,0.4005833,0.4005833,0.0005259,8.4999674,1.274995
5.9360221,1.6720380,0.4006243,0.4006243,0.0002272,8.4999673,1.274995
6.1201593,1.7500255,0.4005772,0.4005772,-0.0002135,8.4999673,1.274995
6.3043001,1.8280043,0.4004104,0.4004104,-0.0008073,8.4999673,1.274995
6.4884537,1.9059523,0.4000929,0.4000929,-0.0015647,8.4999673,1.274995
6.6726320,1.9838418,0.3995893,0.3995893,-0.0024953,8.4999673,1.274995
6.8568494,2.0616385,0.3988629,0.3988629,-0.0036069,8.4999672,1.274995
7.0411231,2.1393013,0.3978772,0.3978772,-0.0049050,8.4999672,1.274995
7.2254732,2.2167824,0.3965945,0.3965945,-0.0063924,8.4999672,1.274995
7.4099224,2.2940269,0.3949772,0.3949772,-0.0080679,8.4999672,1.274995
7.5944963,2.3709730,0.3929877,0.3929877,-0.0099263,8.4999672,1.274995
7.7792228,2.4475517,0.3905937,0.3905937,-0.0119568,8.4999672,1.274995
7.9641320,2.5236879,0.3877626,0.3877626,-0.0141431,8.4999672,1.274995
8.1492560,2.5993003,0.3844683,0.3844683,-0.0164618,8.4999672,1.274995
8.3346280,2.6743024,0.3806912,0.3806912,-0.0188823,8.4999672,1.274995
8.5202820,2.7486038,0.3764184,0.3764184,-0.0213666,8.4999673,1.274995
8.7062516,2.8221112,0.3716456,0.3716456,-0.0238686,8.4999673,1.274995
8.8925700,2.8947302,0.3663806,0.3663806,-0.0263351,8.4999673,1.274995
9.0792678,2.9663671,0.3606433,0.3606433,-0.0287036,8.4999673,1.274995
9.2663741,3.0369319,0.3544739,0.3544739,-0.0308813,8.4999672,1.274995
9.4539167,3.1063427,0.3479246,0.3479246,-0.0327510,8.4999671,1.274995
9.6419111,3.1745242,0.3410228,0.3410228,-0.0345434,8.4999669,1.274995
9.8303688,3.2414056,0.3338385,0.3338385,-0.0359603,8.4999668,1.274995
10.0193023,3.3069314,0.3264486,0.3264486,-0.0369793,8.4999668,1.274995
10.2087151,3.3710593,0.3189166,0.3189166,-0.0376839,8.4999668,1.274995
10.3986054,3.4337587,0.3112999,0.3112999,-0.0381106,8.4999669,1.274995
10.5889679,3.4950100,0.3036422,0.3036422,-0.0383054,8.4999669,1.274995
10.7797939,3.5548018,0.2959830,0.2959830,-0.0383118,8.4999669,1.274995
10.9710723,3.6131303,0.2883532,0.2883532,-0.0381648,8.4999669,1.274995
11.1627902,3.6699977,0.2807784,0.2807784,-0.0378870,8.4999669,1.274995
11.3549335,3.7254113,0.2732832,0.2732832,-0.0374876,8.4999669,1.274995
11.5474867,3.7793832,0.2658942,0.2658942,-0.0369618,8.4999668,1.274995
11.7404336,3.8319309,0.2586380,0.2586380,-0.0362922,8.4999667,1.274995
11.9337568,3.8830772,0.2515513,0.2515513,-0.0354526,8.4999666,1.274995
12.1274376,3.9328522,0.2446717,0.2446717,-0.0344146,8.4999664,1.274995
12.3214563,3.9812936,0.2380434,0.2380434,-0.0331581,8.4999663,1.274995
12.5157917,4.0284479,0.2317104,0.2317104,-0.0316800,8.4999662,1.274995
12.7104217,4.0743705,0.2257102,0.2257102,-0.0300133,8.4999662,1.274995
12.9053234,4.1191244,0.2200648,0.2200648,-0.0282321,8.4999662,1.274995
13.1004743,4.1627772,0.2147787,0.2147787,-0.0264327,8.4999663,1.274995
13.2958527,4.2053977,0.2098322,0.2098322,-0.0247249,8.4999662,1.274995
13.4914388,4.2470511,0.2051853,0.2051853,-0.0232255,8.4999662,1.274995
13.6872155,4.2877950,0.2007724,0.2007724,-0.0220510,8.4999662,1.274995
13.8831693,4.3276744,0.1965054,0.1965054,-0.0213134,8.4999662,1.274995
14.0792905,4.3667171,0.1922760,0.1922760,-0.0211183,8.4999661,1.274995
14.2755741,4.4049298,0.1879578,0.1879578,-0.0215626,8.4999661,1.274995
14.4720201,4.4422944,0.1834030,0.1834030,-0.0227322,8.4999660,1.274995
14.6686334,4.4787637,0.1784541,0.1784541,-0.0246994,8.4999660,1.274995
14.8654241,4.5142594,0.1729396,0.1729396,-0.0275193,8.4999660,1.274995
15.0624071,4.5486693,0.1666820,0.1666820,-0.0312248,8.4999661,1.274995
15.2596011,4.5818458,0.1595047,0.1595047,-0.0358212,8.4999663,1.274995
15.4570278,4.6136061,0.1512345,0.1512345,-0.0412777,8.4999665,1.274995
15.6547100,4.6437325,0.1417156,0.1417156,-0.0475272,8.4999670,1.274995
15.8526696,4.6719758,0.1308031,0.1308031,-0.0544617,8.4999677,1.274995
16.0509262,4.6980573,0.1183566,0.1183566,-0.0621996,8.4999686,1.274995
16.2495036,4.7216706,0.1043181,0.1043181,-0.0702320,8.4999696,1.274995
16.4483916,4.7424938,0.0887160,0.0887160,-0.0780562,8.4999704,1.274996
16.6475788,4.7602114,0.0716248,0.0716248,-0.0855251,8.4999706,1.274996
16.8470380,4.7745221,0.0531705,0.0531705,-0.0923447,8.4999699,1.274995
17.0467255,4.7851496,0.0335116,0.0335116,-0.0983630,8.4999683,1.274995
17.2465814,4.7918496,0.0128235,0.0128235,-0.1035054,8.4999655,1.274995
17.4465313,4.7944138,-0.0087201,-0.0087201,-0.1077754,8.4999620,1.274994
17.6464885,4.7926701,-0.0309561,-0.0309561,-0.1112304,8.4999582,1.274994
17.8463562,4.7864810,-0.0537369,-0.0537369,-0.1139553,8.4999547,1.274993
18.0460303,4.7757408,-0.0769374,-0.0769374,-0.1160463,8.4999524,1.274993
18.2454011,4.7603714,-0.1004541,-0.1004541,-0.1176271,8.4999513,1.274993
18.4443557,4.7403181,-0.1242052,-0.1242052,-0.1188002,8.4999506,1.274993
18.6427788,4.7155454,-0.1481223,-0.1481223,-0.1196270,8.4999502,1.274993
18.8405543,4.6860343,-0.1721499,-0.1721499,-0.1201768,8.4999506,1.274993
19.0375660,4.6517797,-0.1962456,-0.1962456,-0.1205118,8.4999530,1.274993
19.2336966,4.6127881,-0.2203755,-0.2203755,-0.1206843,8.4999629,1.274994
19.4288199,4.5690778,-0.2445179,-0.2445179,-0.1207344,8.4999864,1.274998
19.6228290,4.5206705,-0.2686622,-0.2686622,-0.1207426,8.4999872,1.274998
19.8156149,4.4675930,-0.2927961,-0.2927961,-0.1206982,8.4999552,1.274993
20.0070752,4.4098753,-0.3169038,-0.3169038,-0.1205290,8.4999285,1.274989
20.1970939,4.3475574,-0.3410043,-0.3410043,-0.1205078,8.4999236,1.274989
20.3855576,4.2806778,-0.3651038,-0.3651038,-0.1204944,8.4999350,1.274990
20.5723565,4.2092756,-0.3892074,-0.3892074,-0.1205118,8.4999506,1.274993
20.7573804,4.1333920,-0.4133212,-0.4133212,-0.1205608,8.4999616,1.274994
20.9405203,4.0530695,-0.4374511,-0.4374511,-0.1206464,8.4999654,1.274995
21.1216669,3.9683526,-0.4616040,-0.4616040,-0.1207640,8.4999634,1.274995
21.3007117,3.8792871,-0.4857841,-0.4857841,-0.1209051,8.4999587,1.274994
21.4775463,3.7859211,-0.5099933,-0.5099933,-0.1210582,8.4999543,1.274993
21.6520630,3.6883052,-0.5342307,-0.5342307,-0.1212116,8.4999517,1.274993
21.8241547,3.5864933,-0.5584938,-0.5584938,-0.1213549,8.4999494,1.274992
21.9937158,3.4805425,-0.5827787,-0.5827787,-0.1214721,8.4999432,1.274991
22.1606755,3.3704915,-0.6070801,-0.6070801,-0.1215334,8.4999315,1.274990
22.3249465,3.2563919,-0.6313859,-0.6313859,-0.1215315,8.4999196,1.274988
22.4863929,3.1383359,-0.6556804,-0.6556804,-0.1214747,8.4999126,1.274987
22.6449173,3.0163979,-0.6799500,-0.6799500,-0.1213540,8.4999124,1.274987
22.8004256,2.8906572,-0.7041789,-0.7041789,-0.1211568,8.4999142,1.274987
22.9528281,2.7611978,-0.7283451,-0.7283451,-0.1208604,8.4999106,1.274987
23.1020410,2.6281086,-0.7524284,-0.7524284,-0.1204599,8.4999024,1.274985
23.2479869,2.4914824,-0.7764112,-0.7764112,-0.1199699,8.4998935,1.274984
23.3905964,2.3514134,-0.8002871,-0.8002871,-0.1193993,8.4998870,1.274983
23.5299208,2.2078772,-0.8240476,-0.8240476,-0.1187875,8.4998861,1.274983
23.6657710,2.0610981,-0.8476754,-0.8476754,-0.1181554,8.4998909,1.274984
23.7980920,1.9111771,-0.8711781,-0.8711781,-0.1175539,8.4999002,1.274985
23.9268358,1.7582086,-0.8945804,-0.8945804,-0.1170136,8.4999114,1.274987
24.0519608,1.6022744,-0.9180784,-0.9180784,-0.1170494,8.4999220,1.274988
24.1733767,1.4434574,-0.9419254,-0.9419254,-0.1199495,8.4999290,1.274989
24.2909323,1.2818438,-0.9656118,-0.9656118,-0.1181985,8.4999305,1.274990
24.4046622,1.1174408,-0.9894053,-0.9894053,-0.1190156,8.4999273,1.274989
24.5144670,0.9503505,-1.0134262,-1.0134262,-0.1201399,8.4999217,1.274988
24.6202543,0.7806270,-1.0376553,-1.0376553,-0.1211556,8.4999188,1.274988
24.7219169,0.6083596,-1.0620490,-1.0620490,-0.1219673,8.4999240,1.274989
24.8193594,0.4336423,-1.0865593,-1.0865593,-0.1225636,8.4999405,1.274991
24.9124630,0.2566420,-1.1111305,-1.1111305,-0.1229256,8.4999638,1.274995
25.0011477,0.0774928,-1.1357251,-1.1357251,-0.1230494,8.4999829,1.274997
25.0854109,-0.1038068,-1.1603071,-1.1603071,-0.1229672,8.4999809,1.274997
25.1652001,-0.2871405,-1.1848393,-1.1848393,-0.1226977,8.4999140,1.274987
25.2404734,-0.4723891,-1.2092792,-1.2092792,-0.1222239,8.4997490,1.274962
25.3112005,-0.6594306,-1.2335807,-1.2335807,-0.1215238,8.4995404,1.274931
25.3773638,-0.8481412,-1.2576935,-1.2576935,-0.1205785,8.4994725,1.274921
25.4389591,-1.0383957,-1.2815546,-1.2815546,-0.1193202,8.4997148,1.274957
25.4959982,-1.2300676,-1.3050828,-1.3050828,-0.1176572,8.4999600,1.274994
25.5485125,-1.4230293,-1.3281797,-1.3281797,-0.1155047,8.4999638,1.274995
25.5965565,-1.6171529,-1.3507016,-1.3507016,-0.1126497,8.4999652,1.274995
25.6402167,-1.8123094,-1.3724313,-1.3724313,-0.1087089,8.4999661,1.274995
25.6796263,-2.0083688,-1.3930413,-1.3930413,-0.1031348,8.4999666,1.274995
25.7149871,-2.2051992,-1.4120714,-1.4120714,-0.0952618,8.4999670,1.274995
25.7465962,-2.4026679,-1.4289826,-1.4289826,-0.0846520,8.4999671,1.274995
25.7748616,-2.6006436,-1.4433177,-1.4433177,-0.0717198,8.4999672,1.274995
25.8002865,-2.7990065,-1.4549116,-1.4549116,-0.0579315,8.4999673,1.274995
25.8234096,-2.9976479,-1.4639469,-1.4639469,-0.0450953,8.4999673,1.274995
25.8447378,-3.1964976,-1.4707547,-1.4707547,-0.0339395,8.4999673,1.274995
25.8647133,-3.3955030,-1.4758169,-1.4758169,-0.0251303,8.4999673,1.274995
25.8836794,-3.5945885,-1.4796833,-1.4796833,-0.0192690,8.4999673,1.274995
25.9018738,-3.7937260,-1.4825978,-1.4825978,-0.0145278,8.4999673,1.274995
25.9194879,-3.9929175,-1.4847419,-1.4847419,-0.0106683,8.4999672,1.274995
25.9366749,-4.1921466,-1.4862816,-1.4862816,-0.0076625,8.4999672,1.274995
25.9535551,-4.3914017,-1.4873406,-1.4873406,-0.0052639,8.4999672,1.274995
25.9702243,-4.5906747,-1.4880145,-1.4880145,-0.0033448,8.4999672,1.274995
25.9867592,-4.7899590,-1.4883794,-1.4883794,-0.0018032,8.4999672,1.274995
26.0032214,-4.9892494,-1.4884973,-1.4884973,-0.0005706,8.4999672,1.274995
26.0196601,-5.1885418,-1.4884191,-1.4884191,0.0004048,8.4999672,1.274995
26.0361144,-5.3878331,-1.4881893,-1.4881893,0.0011626,8.4999672,1.274995
26.0526145,-5.5871207,-1.4878441,-1.4878441,0.0017352,8.4999672,1.274995
26.0691834,-5.7864026,-1.4874166,-1.4874166,0.0021499,8.4999672,1.274995
26.0858375,-5.9856776,-1.4869319,-1.4869319,0.0024304,8.4999673,1.274995
26.1025882,-6.1849446,-1.4864135,-1.4864135,0.0025981,8.4999673,1.274995
26.1194422,-6.3842029,-1.4858806,-1.4858806,0.0026723,8.4999673,1.274995
26.1364024,-6.5834523,-1.4853471,-1.4853471,0.0026706,8.4999673,1.274995
26.1534689,-6.7826927,-1.4848261,-1.4848261,0.0026089,8.4999673,1.274995
26.1706392,-6.9819243,-1.4843262,-1.4843262,0.0025019,8.4999674,1.274995
26.1879091,-7.1811473,-1.4838544,-1.4838544,0.0023628,8.4999674,1.274995
26.2052730,-7.3803623,-1.4834132,-1.4834132,0.0022038,8.4999674,1.274995
26.2227248,-7.5795696,-1.4830066,-1.4830066,0.0020356,8.4999674,1.274995
26.2402576,-7.7787699,-1.4826326,-1.4826326,0.0018681,8.4999675,1.274995
26.2578649,-7.9779636,-1.4822908,-1.4822908,0.0017100,8.4999675,1.274995
26.2755403,-8.1771514,-1.4819765,-1.4819765,0.0015692,8.4999675,1.274995
26.2932783,-8.3763337,-1.4816858,-1.4816858,0.0014528,8.4999675,1.274995
26.3110742,-8.5755108,-1.4814123,-1.4814123,0.0013669,8.4999676,1.274995
26.3289246,-8.7746832,-1.4811481,-1.4811481,0.0013173,8.4999676,1.274995
26.3468276,-8.9738508,-1.4808861,-1.4808861,0.0013087,8.4999676,1.274995
26.3647828,-9.1730138,-1.4806165,-1.4806165,0.0013454,8.4999676,1.274995
26.3827917,-9.3721720,-1.4803298,-1.4803298,0.0014309,8.4999677,1.274995
26.4008577,-9.5713251,-1.4800160,-1.4800160,0.0015683,8.4999677,1.274995
26.4189862,-9.7704725,-1.4796635,-1.4796635,0.0017595,8.4999677,1.274995
26.4371849,-9.9696135,-1.4792617,-1.4792617,0.0020060,8.4999677,1.274995
26.4554636,-10.1687472,-1.4787998,-1.4787998,0.0023080,8.4999678,1.274995
26.4738343,-10.3678725,-1.4782659,-1.4782659,0.0026647,8.4999678,1.274995
26.4923113,-10.5669879,-1.4776512,-1.4776512,0.0030740,8.4999678,1.274995
26.5109107,-10.7660920,-1.4769445,-1.4769445,0.0035322,8.4999678,1.274995
26.5296508,-10.9651829,-1.4761378,-1.4761378,0.0040338,8.4999679,1.274995
26.5485515,-11.1642586,-1.4752230,-1.4752230,0.0045712,8.4999679,1.274995
26.5676343,-11.3633169,-1.4741962,-1.4741962,0.0051346,8.4999679,1.274995
26.5869215,-11.5623556,-1.4730541,-1.4730541,0.0057113,8.4999679,1.274995
26.6064360,-11.7613722,-1.4717974,-1.4717974,0.0062856,8.4999680,1.274995
26.6262006,-11.9603641,-1.4704299,-1.4704299,0.0068386,8.4999680,1.274995
26.6462373,-12.1593288,-1.4689618,-1.4689618,0.0073474,8.4999680,1.274995
26.6665661,-12.3582641,-1.4674054,-1.4674054,0.0077855,8.4999680,1.274995
26.6872045,-12.5571675,-1.4657825,-1.4657825,0.0081220,8.4999681,1.274995
26.7081657,-12.7560374,-1.4641200,-1.4641200,0.0083216,8.4999681,1.274995
26.7294575,-12.9548723,-1.4624533,-1.4624533,0.0083442,8.4999681,1.274995
26.7510807,-13.1536717,-1.4608265,-1.4608265,0.0081456,8.4999681,1.274995
26.7730273,-13.3524359,-1.4592941,-1.4592941,0.0076763,8.4999681,1.274995
26.7952785,-13.5511666,-1.4579205,-1.4579205,0.0068856,8.4999681,1.274995
26.8178027,-13.7498669,-1.4567822,-1.4567822,0.0057086,8.4999681,1.274995
26.8405532,-13.9485425,-1.4559509,-1.4559509,0.0041697,8.4999681,1.274995
26.8634685,-14.1471962,-1.4554995,-1.4554995,0.0022933,8.4999681,1.274995
26.8864726,-14.3458320,-1.4556057,-1.4556057,-0.0004892,8.4999681,1.274995
26.9094558,-14.5444719,-1.4564329,-1.4564329,-0.0041259,8.4999680,1.274995
26.9322751,-14.7431345,-1.4580660,-1.4580660,-0.0081341,8.4999680,1.274995
26.9547699,-14.9418337,-1.4606464,-1.4606464,-0.0128780,8.4999680,1.274995
26.9767520,-15.1405912,-1.4643172,-1.4643172,-0.0183244,8.4999681,1.274995
26.9980044,-15.3394285,-1.4692201,-1.4692201,-0.0244902,8.4999681,1.274995
27.0182817,-15.5383679,-1.4754930,-1.4754930,-0.0313438,8.4999683,1.274995
27.0373107,-15.7374307,-1.4832610,-1.4832610,-0.0388229,8.4999687,1.274995
27.0547928,-15.9366352,-1.4926304,-1.4926304,-0.0468347,8.4999693,1.274995
27.0704077,-16.1359943,-1.5037041,-1.5037041,-0.0553602,8.4999702,1.274996
27.0838140,-16.3355133,-1.5165454,-1.5165454,-0.0642224,8.4999714,1.274996
27.0946571,-16.5351865,-1.5311112,-1.5311112,-0.0728728,8.4999727,1.274996
27.1025907,-16.7349950,-1.5472890,-1.5472890,-0.0809427,8.4999736,1.274996
27.1072909,-16.9349040,-1.5649177,-1.5649177,-0.0882157,8.4999739,1.274996
27.1084664,-17.1348634,-1.5837867,-1.5837867,-0.0944331,8.4999733,1.274996
27.1058689,-17.3348086,-1.6036645,-1.6036645,-0.0994808,8.4999714,1.274996
27.0992977,-17.5346625,-1.6243104,-1.6243104,-0.1033270,8.4999684,1.274995
27.0886020,-17.7343388,-1.6454936,-1.6454936,-0.1060117,8.4999643,1.274995
27.0736791,-17.9337455,-1.6669964,-1.6669964,-0.1076121,8.4999593,1.274994
27.0544719,-18.1327881,-1.6886181,-1.6886181,-0.1082048,8.4999541,1.274993
27.0309654,-18.3313730,-1.7101631,-1.7101631,-0.1078269,8.4999501,1.274993
27.0031854,-18.5294109,-1.7314241,-1.7314241,-0.1064667,8.4999477,1.274992
26.9712004,-18.7268203,-1.7521870,-1.7521870,-0.1038626,8.4999464,1.274992
26.9351222,-18.9235318,-1.7721558,-1.7721558,-0.1007244,8.4998874,1.274983
26.8951276,-19.1194630,-1.7906587,-1.7906587,-0.0920782,8.4980410,1.274706
26.8515232,-19.3145829,-1.8081493,-1.8081493,-0.0863826,8.3941940,1.259129
26.8045117,-19.5089152,-1.8258309,-1.8258309,-0.0887427,8.2872590,1.243089
26.7540763,-19.7023680,-1.8437005,-1.8437005,-0.0891709,8.1800744,1.227011
26.7002004,-19.8948594,-1.8619738,-1.8619738,-0.0912980,8.0721224,1.210818
26.6428007,-20.0863861,-1.8811327,-1.8811327,-0.0958074,7.9628395,1.194426
26.5817207,-20.2768454,-1.9012860,-1.9012860,-0.1007275,7.8517163,1.177757
26.5168102,-20.4660491,-1.9223785,-1.9223785,-0.1054037,7.7384292,1.160764
26.4479231,-20.6538432,-1.9445004,-1.9445004,-0.1105292,7.6229115,1.143437
26.3749018,-20.8400600,-1.9677946,-1.9677946,-0.1163993,7.5053436,1.125802
26.2975730,-21.0245014,-1.9924151,-1.9924151,-0.1230355,7.3861139,1.107917
26.2157439,-21.2069457,-2.0185483,-2.0185483,-0.1306125,7.2657905,1.089869
26.1291562,-21.3872295,-2.0463955,-2.0463955,-0.1391550,7.1451418,1.071771
26.0375664,-21.5650634,-2.0761465,-2.0761465,-0.1486594,7.0250792,1.053762
25.9407206,-21.7401060,-2.1079815,-2.1079815,-0.1590509,6.9063285,1.035949
25.8383513,-21.9119791,-2.1420503,-2.1420503,-0.1701919,6.7895337,1.018430
25.7301902,-22.0802606,-2.1784615,-2.1784615,-0.1818794,6.6752347,1.001285
25.6159802,-22.2444854,-2.2172667,-2.2172667,-0.1938415,6.5638490,0.984577
25.4954901,-22.4041490,-2.2584488,-2.2584488,-0.2057263,6.4556573,0.968349
25.3685306,-22.5587143,-2.3018998,-2.3018998,-0.2170870,6.3507869,0.952618
25.2349734,-22.7076230,-2.3473990,-2.3473990,-0.2273518,6.2491809,0.937377
25.0947736,-22.8503110,-2.3945807,-2.3945807,-0.2358108,6.1505245,0.922579
24.9479981,-22.9862296,-2.4428735,-2.4428735,-0.2414767,6.0539679,0.908095
24.7948643,-23.1148775,-2.4914516,-2.4914516,-0.2431105,5.9560046,0.893401
24.6357825,-23.2358476,-2.5394353,-2.5394353,-0.2404556,5.8512930,0.877694
24.4713485,-23.3488645,-2.5861839,-2.5861839,-0.2342101,5.7373777,0.860607
24.3013932,-23.4543340,-2.6313649,-2.6313649,-0.2250550,5.6123849,0.841858
24.1267343,-23.5520832,-2.6761966,-2.6761966,-0.2239863,5.4865924,0.822989
23.9484461,-23.6416173,-2.7227593,-2.7227593,-0.2313849,5.3884313,0.808265
23.7659608,-23.7228550,-2.7738122,-2.7738122,-0.2551856,5.3251079,0.798766
23.5796935,-23.7946260,-2.8306210,-2.8306210,-0.2866197,5.2900346,0.793505
23.3892039,-23.8558492,-2.8909637,-2.8909637,-0.3014919,5.2729078,0.790936
23.1956989,-23.9053888,-2.9538893,-2.9538893,-0.3151283,5.2593671,0.788905
22.9990977,-23.9427311,-3.0181333,-3.0181333,-0.3208390,5.2435161,0.786527
22.8004668,-23.9673793,-3.0831565,-3.0831565,-0.3255510,5.2250741,0.783761
22.6007549,-23.9790630,3.1344703,3.1344703,-0.3277040,5.2034367,0.780516
22.4006151,-23.9776375,3.0684523,3.0684523,-0.3296205,5.1799434,0.776992
22.2011558,-23.9630229,3.0023939,3.0023939,-0.3307228,5.1595924,0.773939
22.0034338,-23.9353211,2.9373296,2.9373296,-0.3269633,5.1459577,0.771894
21.8071582,-23.8946622,2.8753261,2.8753261,-0.3113560,5.1418572,0.771279
21.6145519,-23.8421302,2.8197825,2.8197825,-0.2777426,5.1466449,0.771997
21.4253639,-23.7790550,2.7656666,2.7656666,-0.2685787,5.1617124,0.774257
21.2398672,-23.7058401,2.7069636,2.7069636,-0.2960120,5.1850013,0.777750
21.0585664,-23.6216738,2.6473000,2.6473000,-0.2961242,5.2138407,0.782076
20.8831088,-23.5271171,2.5848499,2.5848499,-0.3133898,5.2455144,0.786827
20.7133257,-23.4214405,2.5214123,2.5214123,-0.3168602,5.2778411,0.791676
20.5504340,-23.3051063,2.4581934,2.4581934,-0.3152928,5.3096423,0.796446
20.3951839,-23.1786863,2.3959114,2.3959114,-0.3104881,5.3402212,0.801033
20.2481002,-23.0428454,2.3350057,2.3350057,-0.3036991,5.3692322,0.805385
20.1095670,-22.8983135,2.2758932,2.2758932,-0.2949694,5.3972784,0.809592
19.9798411,-22.7458811,2.2189284,2.2189284,-0.2845559,5.4261152,0.813917
19.8590437,-22.5863623,2.1645125,2.1645125,-0.2723500,5.4579078,0.818686
19.7471544,-22.4205884,2.1132258,2.1132258,-0.2571521,5.4949874,0.824248
19.6439603,-22.2493792,2.0651473,2.0651473,-0.2387679,5.5395981,0.830940
19.5490753,-22.0733370,2.0191187,2.0191187,-0.2309546,5.5941016,0.839115
19.4623931,-21.8931199,1.9757169,1.9757169,-0.2169930,5.6581077,0.848716
19.3836154,-21.7093199,1.9351798,1.9351798,-0.2026774,5.7306993,0.859605
19.3123544,-21.5224870,1.8974550,1.8974550,-0.1886218,5.8107962,0.871619
19.2481914,-21.3331015,1.8624349,1.8624349,-0.1751055,5.8973585,0.884604
19.1906989,-21.1415863,1.8299990,1.8299990,-0.1621894,5.9895159,0.898427
19.1394474,-20.9483069,1.8000244,1.8000244,-0.1498806,6.0865499,0.912982
19.0940113,-20.7535774,1.7723837,1.7723837,-0.1382097,6.1878323,0.928175
19.0539741,-20.5576654,1.7469351,1.7469351,-0.1272372,6.2927749,0.943916
19.0189348,-20.3607969,1.7235273,1.7235273,-0.1170287,6.4008053,0.960121
18.9885128,-20.1631613,1.7019949,1.7019949,-0.1076382,6.5113607,0.976704
18.9623530,-19.9649158,1.6821682,1.6821682,-0.0991007,6.6238910,0.993584
18.9401286,-19.7661902,1.6638725,1.6638725,-0.0914327,6.7378634,1.010680
18.9215435,-19.5670910,1.6469338,1.6469338,-0.0846364,6.8527647,1.027915
18.9063334,-19.3677057,1.6311793,1.6311793,-0.0787059,6.9681015,1.045215
18.8942663,-19.1681058,1.6164379,1.6164379,-0.0736318,7.0833969,1.062510
18.8851428,-18.9683500,1.6025384,1.6025384,-0.0694056,7.1981845,1.079728
18.8787966,-18.7684870,1.5893148,1.5893148,-0.0660222,7.3120004,1.096800
18.8750938,-18.5685578,1.5765969,1.5765969,-0.0634806,7.4243748,1.113656
18.8739339,-18.3685978,1.5642166,1.5642166,-0.0617825,7.5348219,1.130223
18.8752496,-18.1686384,1.5520074,1.5520074,-0.0609268,7.6428324,1.146425
18.8790065,-17.9687093,1.5398024,1.5398024,-0.0609023,7.7478705,1.162181
18.8852035,-17.7688309,1.5274450,1.5274450,-0.0616811,7.8493283,1.177399
18.8938699,-17.5690454,1.5147952,1.5147952,-0.0631674,7.9467028,1.192005
18.9050627,-17.3693871,1.5017400,1.5017400,-0.0652412,8.0394921,1.205924
18.9188609,-17.1698940,1.4882159,1.4882159,-0.0675783,8.1273105,1.219097
18.9353557,-16.9706061,1.4742111,1.4742111,-0.0702656,8.2099806,1.231497
18.9546395,-16.7715716,1.4599204,1.4599204,-0.0714240,8.2876851,1.243153
18.9767652,-16.5728364,1.4453993,1.4453993,-0.0724680,8.3609902,1.254149
19.0017748,-16.3744396,1.4306763,1.4306763,-0.0741386,8.4309066,1.264636
19.0297029,-16.1764302,1.4161026,1.4161026,-0.0725806,8.4988772,1.274832
19.0605135,-15.9788499,1.4015472,1.4015472,-0.0727861,8.4999635,1.274995
19.0941963,-15.7817407,1.3870617,1.3870617,-0.0729678,8.4999636,1.274995
19.1307303,-15.5851422,1.3732214,1.3732214,-0.0697675,8.4999640,1.274995
19.1699813,-15.3890701,1.3607556,1.3607556,-0.0629400,8.4999649,1.274995
19.2116732,-15.1935034,1.3504396,1.3504396,-0.0521020,8.4999659,1.274995
19.2553805,-14.9983763,1.3429769,1.3429769,-0.0376571,8.4999669,1.274995
19.3005435,-14.8035776,1.3388743,1.3388743,-0.0206554,8.4999679,1.274995
19.3465065,-14.6089607,1.3383895,1.3383895,-0.0024270,8.4999690,1.274995
19.3925652,-14.4143604,1.3415489,1.3415489,0.0158976,8.4999703,1.274996
19.4380100,-14.2196106,1.3481836,1.3481836,0.0333101,8.4999719,1.274996
19.4821624,-14.0245605,1.3579931,1.3579931,0.0491787,8.4999735,1.274996
19.5243995,-13.8290860,1.3706165,1.3706165,0.0632350,8.4999745,1.274996
19.5641655,-13.6330952,1.3856600,1.3856600,0.0753217,8.4999744,1.274996
19.6009782,-13.4365312,1.4027250,1.4027250,0.0854115,8.4999727,1.274996
19.6344307,-13.2393713,1.4214318,1.4214318,0.0936029,8.4999687,1.274995
19.6641888,-13.0416238,1.4414364,1.4414364,0.1000901,8.4999623,1.274994
19.6899849,-12.8433240,1.4624506,1.4624506,0.1051243,8.4999540,1.274993
19.7116082,-12.6445286,1.4842350,1.4842350,0.1089723,8.4999456,1.274992
19.7288959,-12.4453114,1.5065994,1.5065994,0.1118662,8.4999404,1.274991
19.7417242,-12.2457587,1.5293965,1.5293965,0.1140276,8.4999394,1.274991
19.7500003,-12.0459663,1.5525224,1.5525224,0.1156680,8.4999408,1.274991
19.7536542,-11.8460365,1.5758973,1.5758973,0.1169085,8.4999425,1.274991
19.7526342,-11.6460760,1.5994575,1.5994575,0.1178320,8.4999454,1.274992
19.7469038,-11.4461950,1.6231583,1.6231583,0.1185339,8.4999525,1.274993
19.7364381,-11.2465057,1.6469684,1.6469684,0.1190757,8.4999706,1.274996
19.7212212,-11.0471221,1.6708643,1.6708643,0.1195039,8.4999904,1.274999
19.7012446,-10.8481586,1.6948363,1.6948363,0.1198783,8.4999753,1.274996
19.6765046,-10.6497308,1.7188762,1.7188762,0.1202231,8.4999438,1.274992
19.6470020,-10.4519548,1.7429766,1.7429766,0.1205232,8.4999517,1.274993
19.6127419,-10.2549469,1.7671295,1.7671295,0.1207876,8.4999842,1.274998
19.5737339,-10.0588237,1.7913353,1.7913353,0.1210432,8.4999639,1.274995
19.5299904,-9.8637017,1.8155955,1.8155955,0.1213187,8.4997513,1.274963
19.4815265,-9.6696981,1.8399106,1.8399106,0.1215984,8.4991591,1.274874
19.4283601,-9.4769299,1.8642797,1.8642797,0.1218642,8.4980084,1.274701
19.3705123,-9.2855142,1.8887004,1.8887004,0.1221244,8.4961431,1.274421
19.3080077,-9.0955681,1.9131721,1.9131721,0.1223821,8.4934454,1.274017
19.2408739,-8.9072081,1.9376960,1.9376960,0.1226378,8.4898419,1.273476
19.1691414,-8.7205509,1.9622687,1.9622687,0.1228891,8.4853018,1.272795
19.0928443,-8.5357124,1.9868902,1.9868902,0.1231332,8.4798318,1.271975
19.0120197,-8.3528081,2.0115593,2.0115593,0.1233660,8.4734557,1.271018
18.9267081,-8.1719532,2.0362711,2.0362711,0.1235854,8.4662414,1.269936
18.8369538,-7.9932616,2.0610239,2.0610239,0.1237895,8.4582645,1.268740
18.7428044,-7.8168463,2.0858149,2.0858149,0.1239765,8.4496049,1.267441
18.6443109,-7.6428191,2.1106387,2.1106387,0.1241443,8.4403465,1.266052
18.5415282,-7.4712903,2.1354924,2.1354924,0.1242913,8.4305742,1.264586
18.4345146,-7.3023688,2.1603711,2.1603711,0.1244156,8.4203714,1.263056
18.3233321,-7.1361618,2.1852695,2.1852695,0.1245154,8.4098190,1.261473
18.2080462,-6.9727743,2.2101831,2.2101831,0.1245889,8.3989943,1.259849
18.0887260,-6.8123095,2.2351052,2.2351052,0.1246341,8.3879705,1.258196
17.9654442,-6.6548680,2.2600308,2.2600308,0.1246489,8.3768166,1.256522
17.8382769,-6.5005481,2.2849533,2.2849533,0.1246323,8.3655977,1.254840
17.7073037,-6.3494454,2.3098650,2.3098650,0.1245802,8.3543747,1.253156
17.5726071,-6.2016518,2.3347588,2.3347588,0.1244831,8.3432054,1.251481
17.4342738,-6.0572571,2.3596034,2.3596034,0.1244557,8.3321441,1.249822
17.2923991,-5.9163464,2.3840205,2.3840205,0.1219419,8.3212451,1.248187
17.1470844,-5.7789018,2.4082765,2.4082765,0.1206990,8.3105627,1.246584
16.9984116,-5.6449614,2.4336634,2.4336634,0.1270050,8.3001352,1.245020
16.8463863,-5.5148377,2.4601136,2.4601136,0.1320489,8.2899862,1.243498
16.6909854,-5.3887904,2.4873231,2.4873231,0.1359371,8.2801459,1.242022
16.5322263,-5.2670280,2.5152556,2.5152556,0.1396171,8.2706494,1.240597
16.3701849,-5.1497879,2.5435940,2.5435940,0.1419026,8.2615363,1.239230
16.2050254,-5.0372808,2.5718052,2.5718052,0.1417535,8.2528493,1.237927
16.0370239,-4.9296475,2.5990230,2.5990230,0.1370684,8.2446309,1.236695
15.8650440,-4.8259560,2.6234971,2.6234971,0.1232462,8.2369785,1.235547
15.6910909,-4.7267965,2.6422235,2.6422235,0.0955501,8.2298309,1.234475
15.5164336,-4.6315238,2.6514998,2.6514998,0.0468637,8.2231871,1.233478
15.3395997,-4.5371816,2.6491501,2.6491501,-0.0135697,8.2172003,1.232580
15.1644329,-4.4431994,2.6492277,2.6492277,-0.0127845,8.2118883,1.231783
14.9879813,-4.3485455,2.6665310,2.6665310,0.0931914,8.2074361,1.231115
14.8114554,-4.2577494,2.6910768,2.6910768,0.1229763,8.2041326,1.230620
14.6316209,-4.1707650,2.7212301,2.7212301,0.1518472,8.2018146,1.230272
14.4487819,-4.0890346,2.7532623,2.7532623,0.1601567,8.2005052,1.230076
14.2634065,-4.0131967,2.7855900,2.7855900,0.1612369,8.2002351,1.230035
14.0756726,-3.9433886,2.8173401,2.8173401,0.1581954,8.2010252,1.230154
13.8857927,-3.8795670,2.8480830,2.8480830,0.1531744,8.2028915,1.230434
13.6940431,-3.8216128,2.8775530,2.8775530,0.1469879,8.2058496,1.230877
13.5007475,-3.7693550,2.9056356,2.9056356,0.1402906,8.2099200,1.231488
13.3062108,-3.7225814,2.9321685,2.9321685,0.1333150,8.2151297,1.232269
13.1106740,-3.6810219,2.9566010,2.9566010,0.1226985,8.2215330,1.233230
12.9139575,-3.6442101,2.9790260,2.9790260,0.1095528,8.2292976,1.234395
12.7165702,-3.6118358,3.0020460,3.0020460,0.1160636,8.2382867,1.235743
12.5185595,-3.5840233,3.0252145,3.0252145,0.1157913,8.2484907,1.237274
12.3199511,-3.5608047,3.0480512,3.0480512,0.1142268,8.2598836,1.238983
12.1208853,-3.5421293,3.0706930,3.0706930,0.1132626,8.2724046,1.240861
11.9214506,-3.5279657,3.0931503,3.0931503,0.1123394,8.2859485,1.242892
11.7217487,-3.5182841,3.1154446,3.1154446,0.1115161,8.3003645,1.245055
11.5218786,-3.5130567,3.1376045,3.1376045,0.1108370,8.3154599,1.247319
11.3219384,-3.5122593,-3.1235248,-3.1235248,0.1103081,8.3310102,1.249652
11.1220255,-3.5158717,-3.1015413,-3.1015413,0.1099432,8.3467773,1.252017
10.9222364,-3.5238778,-3.0795984,-3.0795984,0.1097302,8.3625367,1.254381
10.7226674,-3.5362658,-3.0576736,-3.0576736,0.1096399,8.3781108,1.256717
10.5234143,-3.5530263,-3.0357535,-3.0357535,0.1096190,8.3934079,1.259011
10.3245733,-3.5741504,-3.0138405,-3.0138405,0.1095902,8.4084669,1.261270
10.1262397,-3.5996267,-2.9919600,-2.9919600,0.1094442,8.4235087,1.263526
9.9285082,-3.6294366,-2.9701665,-2.9701665,0.1090502,8.4390005,1.265850
9.7314706,-3.6635488,-2.9485567,-2.9485567,0.1081400,8.4557400,1.268361
9.5352153,-3.7019108,-2.9272886,-2.9272886,0.1067189,8.4750037,1.271251
9.3398257,-3.7444366,-2.9066821,-2.9066821,0.1030787,8.4987637,1.274815
9.1453538,-3.7909794,-2.8868225,-2.8868225,0.0992577,8.4999651,1.274995
8.9518433,-3.8413752,-2.8676929,-2.8676929,0.0958372,8.4999674,1.274995
8.7593302,-3.8954639,-2.8495076,-2.8495076,0.0910997,8.4999680,1.274995
8.5678291,-3.9530454,-2.8325886,-2.8325886,0.0847385,8.4999684,1.274995
8.3773255,-4.0138598,-2.8172598,-2.8172598,0.0767258,8.4999686,1.274995
8.1877718,-4.0775887,-2.8037604,-2.8037604,0.0675166,8.4999688,1.274995
7.9990925,-4.1438717,-2.7921902,-2.7921902,0.0578220,8.4999689,1.274995
7.8111893,-4.2123345,-2.7824860,-2.7824860,0.0484935,8.4999689,1.274995
7.6239620,-4.2826165,-2.7745154,-2.7745154,0.0397932,8.4999689,1.274995
7.4372976,-4.3543898,-2.7679949,-2.7679949,0.0325524,8.4999689,1.274995
7.2510909,-4.4273843,-2.7626746,-2.7626746,0.0265977,8.4999688,1.274995
7.0652856,-4.5013643,-2.7585220,-2.7585220,0.0207586,8.4999687,1.274995
6.8798120,-4.5761060,-2.7554294,-2.7554294,0.0154145,8.4999687,1.274995
6.6945735,-4.6514197,-2.7531645,-2.7531645,0.0112956,8.4999686,1.274995
6.5095047,-4.7271533,-2.7515897,-2.7515897,0.0078543,8.4999685,1.274995
6.3245565,-4.8031778,-2.7505980,-2.7505980,0.0049338,8.4999684,1.274995
6.1396835,-4.8793858,-2.7500938,-2.7500938,0.0025002,8.4999683,1.274995
5.9548487,-4.9556871,-2.7499933,-2.7499933,0.0004838,8.4999683,1.274995
5.7700213,-5.0320071,-2.7502204,-2.7502204,-0.0011573,8.4999682,1.274995
5.5851761,-5.1082853,-2.7507101,-2.7507101,-0.0024664,8.4999681,1.274995
5.4002933,-5.1844731,-2.7514031,-2.7514031,-0.0034805,8.4999681,1.274995
5.2153574,-5.2605329,-2.7522471,-2.7522471,-0.0042346,8.4999680,1.274995
5.0303571,-5.3364367,-2.7531967,-2.7531967,-0.0047613,8.4999680,1.274995
4.8452845,-5.4121649,-2.7542131,-2.7542131,-0.0050913,8.4999679,1.274995
4.6601349,-5.4877050,-2.7552617,-2.7552617,-0.0052534,8.4999679,1.274995
4.4749060,-5.5630510,-2.7563146,-2.7563146,-0.0052743,8.4999679,1.274995
4.2895977,-5.6382020,-2.7573498,-2.7573498,-0.0051787,8.4999679,1.274995
4.1042115,-5.7131612,-2.7583462,-2.7583462,-0.0049891,8.4999678,1.274995
3.9187506,-5.7879357,-2.7592908,-2.7592908,-0.0047260,8.4999678,1.274995
3.7332191,-5.8625350,-2.7601714,-2.7601714,-0.0044073,8.4999678,1.274995
3.5476217,-5.9369710,-2.7609810,-2.7609810,-0.0040492,8.4999678,1.274995
3.3619639,-6.0112568,-2.7617137,-2.7617137,-0.0036654,8.4999678,1.274995
3.1762516,-6.0854066,-2.7623676,-2.7623676,-0.0032679,8.4999678,1.274995
2.9904907,-6.1594350,-2.7629405,-2.7629405,-0.0028667,8.4999678,1.274995
2.8046871,-6.2333571,-2.7634342,-2.7634342,-0.0024704,8.4999678,1.274995
2.6188469,-6.3071875,-2.7638523,-2.7638523,-0.0020858,8.4999678,1.274995
2.4329756,-6.3809403,-2.7641954,-2.7641954,-0.0017186,8.4999678,1.274995
2.2470788,-6.4546294,-2.7644705,-2.7644705,-0.0013735,8.4999678,1.274995
2.0611616,-6.5282674,-2.7646814,-2.7646814,-0.0010540,8.4999677,1.274995
1.8752286,-6.6018663,-2.7648345,-2.7648345,-0.0007632,8.4999677,1.274995
1.6892842,-6.6754368,-2.7649356,-2.7649356,-0.0005035,8.4999677,1.274995
1.5033321,-6.7489886,-2.7649910,-2.7649910,-0.0002767,8.4999677,1.274995
1.3173759,-6.8225301,-2.7650087,-2.7650087,-0.0000845,8.4999677,1.274995
1.1314182,-6.8960684,-2.7649944,-2.7649944,0.0000716,8.4999677,1.274995
0.9454614,-6.9696094,-2.7649565,-2.7649565,0.0001904,8.4999677,1.274995
0.7595073,-7.0431575,-2.7649033,-2.7649033,0.0002706,8.4999677,1.274995
0.5735571,-7.1167155,-2.7648410,-2.7648410,0.0003111,8.4999677,1.274995
0.3876114,-7.1902851,-2.7647795,-2.7647795,0.0003105,8.4999677,1.274995
0.2016701,-7.2638662,-2.7647265,-2.7647265,0.0002677,8.4999677,1.274995
0.0157328,-7.3374571,-2.7646901,-2.7646901,0.0001817,8.4999677,1.274995
-0.1702019,-7.4110548,-2.7646811,-2.7646811,0.0000515,8.4999677,1.274995
-0.3561360,-7.4846542,-2.7647056,-2.7647056,-0.0001239,8.4999677,1.274995
-0.5420718,-7.5582490,-2.7647755,-2.7647755,-0.0003448,8.4999677,1.274995
-0.7280127,-7.6318308,-2.7648981,-2.7648981,-0.0006114,8.4999677,1.274995
-0.9139626,-7.7053898,-2.7650835,-2.7650835,-0.0009232,8.4999677,1.274995
-1.0999261,-7.7789143,-2.7653392,-2.7653392,-0.0012790,8.4999677,1.274995
-1.2859083,-7.8523912,-2.7656751,-2.7656751,-0.0016768,8.4999676,1.274995
-1.4719151,-7.9258056,-2.7660979,-2.7660979,-0.0021136,8.4999676,1.274995
-1.6579528,-7.9991413,-2.7666155,-2.7666155,-0.0025849,8.4999676,1.274995
-1.8440284,-8.0723807,-2.7672324,-2.7672324,-0.0030850,8.4999676,1.274995
-2.0301489,-8.1455052,-2.7679534,-2.7679534,-0.0036065,8.4999676,1.274995
-2.2163224,-8.2184956,-2.7687817,-2.7687817,-0.0041393,8.4999676,1.274995
-2.4025551,-8.2913313,-2.7697170,-2.7697170,-0.0046786,8.4999676,1.274995
-2.5888584,-8.3639938,-2.7707678,-2.7707678,-0.0052229,8.4999676,1.274995
-2.7752318,-8.4364581,-2.7720201,-2.7720201,-0.0063144,8.4999676,1.274995
-2.9616854,-8.5086849,-2.7733558,-2.7733558,-0.0066955,8.4999676,1.274995
-3.1482454,-8.5806665,-2.7746554,-2.7746554,-0.0064870,8.4999676,1.274995
-3.3349090,-8.6524095,-2.7759588,-2.7759588,-0.0065196,8.4999676,1.274995
-3.5216653,-8.7239089,-2.7772670,-2.7772670,-0.0065496,8.4999676,1.274995
-3.7085149,-8.7951639,-2.7785451,-2.7785451,-0.0063969,8.4999677,1.274995
-3.8954559,-8.8661802,-2.7797544,-2.7797544,-0.0060571,8.4999677,1.274995
-4.0824827,-8.9369704,-2.7808505,-2.7808505,-0.0054911,8.4999677,1.274995
-4.2695871,-9.0075556,-2.7817815,-2.7817815,-0.0046676,8.4999677,1.274995
-4.4567572,-9.0779666,-2.7824889,-2.7824889,-0.0035490,8.4999678,1.274995
-4.6439771,-9.1482452,-2.7829044,-2.7829044,-0.0020968,8.4999678,1.274995
-4.8312262,-9.2184460,-2.7829544,-2.7829544,-0.0002707,8.4999678,1.274995
-5.0184787,-9.2886374,-2.7825552,-2.7825552,0.0019702,8.4999678,1.274995
-5.2057030,-9.3589035,-2.7816151,-2.7816151,0.0046659,8.4999678,1.274995
-5.3928610,-9.4293455,-2.7800368,-2.7800368,0.0078549,8.4999678,1.274995
-5.5799073,-9.5000827,-2.7777126,-2.7777126,0.0115720,8.4999678,1.274995
-5.7667883,-9.5712543,-2.7745322,-2.7745322,0.0158468,8.4999679,1.274995
-5.9534415,-9.6430197,-2.7703787,-2.7703787,0.0207001,8.4999680,1.274995
-6.1397944,-9.7155595,-2.7651365,-2.7651365,0.0261407,8.4999681,1.274995
-6.3257637,-9.7890749,-2.7586891,-2.7586891,0.0321570,8.4999683,1.274995
-6.5112542,-9.8637874,-2.7509294,-2.7509294,0.0387280,8.4999687,1.274995
-6.6961587,-9.9399367,-2.7417582,-2.7417582,0.0457706,8.4999692,1.274995
-6.8803576,-10.0177788,-2.7310671,-2.7310671,0.0534159,8.4999700,1.274995
-7.0637142,-10.0975859,-2.7187855,-2.7187855,0.0614264,8.4999709,1.274996
-7.2460770,-10.1796389,-2.7049168,-2.7049168,0.0693831,8.4999718,1.274996
-7.4272842,-10.2642130,-2.6895074,-2.6895074,0.0771028,8.4999725,1.274996
-7.6071664,-10.3515691,-2.6726448,-2.6726448,0.0843778,8.4999726,1.274996
-7.7855494,-10.4419456,-2.6544511,-2.6544511,0.0910302,8.4999719,1.274996
-7.9622581,-10.5355521,-2.6350739,-2.6350739,0.0969481,8.4999704,1.274996
-8.1371193,-10.6325646,-2.6146680,-2.6146680,0.1020835,8.4999680,1.274995
-8.3099640,-10.7331245,-2.5933888,-2.5933888,0.1064434,8.4999648,1.274995
-8.4806295,-10.8373391,-2.5713814,-2.5713814,0.1100768,8.4999614,1.274994
-8.6489601,-10.9452839,-2.5487785,-2.5487785,0.1130519,8.4999583,1.274994
-8.8148078,-11.0570054,-2.5256958,-2.5256958,0.1154444,8.4999562,1.274993
-8.9780327,-11.1725250,-2.5022294,-2.5022294,0.1173586,8.4999551,1.274993
-9.1385019,-11.2918426,-2.4784563,-2.4784563,0.1188900,8.4999546,1.274993
-9.2960895,-11.4149410,-2.4544423,-2.4544423,0.1200962,8.4999546,1.274993
-9.4506758,-11.5417878,-2.4302400,-2.4302400,0.1210319,8.4999556,1.274993
-9.6021470,-11.6723383,-2.4058921,-2.4058921,0.1217629,8.4999608,1.274994
-9.7503948,-11.8065376,-2.3814323,-2.3814323,0.1223190,8.4999775,1.274997
-9.8953159,-11.9443223,-2.3568915,-2.3568915,0.1227226,8.4997894,1.274968
-10.0368121,-12.0856214,-2.3322855,-2.3322855,0.1230513,8.4988725,1.274831
-10.1747887,-12.2303587,-2.3076295,-2.3076295,0.1233030,8.4969703,1.274546
-10.3091548,-12.3784533,-2.2829470,-2.2829470,0.1234374,8.4939653,1.274095
-10.4398247,-12.5298186,-2.2582551,-2.2582551,0.1234824,8.4897376,1.273461
-10.5667174,-12.6843636,-2.2335697,-2.2335697,0.1234536,8.4841921,1.272629
-10.6897565,-12.8419932,-2.2089014,-2.2089014,0.1233651,8.4772747,1.271591
-10.8088699,-13.0026094,-2.1842607,-2.1842607,0.1232273,8.4689756,1.270346
-10.9239897,-13.1661114,-2.1596553,-2.1596553,0.1230496,8.4593265,1.268899
-11.0350519,-13.3323960,-2.1350920,-2.1350920,0.1228409,8.4483948,1.267259
-11.1419965,-13.5013582,-2.1105742,-2.1105742,0.1226092,8.4362781,1.265442
-11.2447668,-13.6728914,-2.0861058,-2.0861058,0.1223608,8.4231001,1.263465
-11.3433097,-13.8468878,-2.0616897,-2.0616897,0.1220985,8.4090110,1.261352
-11.4375756,-14.0232386,-2.0373292,-2.0373292,0.1218204,8.3941913,1.259129
-11.5275183,-14.2018339,-2.0130296,-2.0130296,0.1215128,8.3788580,1.256829
-11.6130955,-14.3825627,-1.9887991,-1.9887991,0.1211644,8.3632742,1.254491
-11.6942695,-14.5653133,-1.9646241,-1.9646241,0.1208053,8.3480380,1.252206
-11.7710031,-14.7499748,0.0000000,0.0000000,0.1208645,8.3325496,1.249882
