x_m,y_m,heading,theta_rad,kappa_1pm,v_mps,ld_m
-16.8976187,28.1163725,2.4568935,2.4568935,0.0025142,8.4999358,2.0
-17.0525167,28.2428410,2.4573894,2.4573894,0.0025824,8.4999677,2.0
-17.2074779,28.3692331,2.4577920,2.4577920,0.0020204,8.4999681,2.0
-17.3624896,28.4955625,2.4580762,2.4580762,0.0014087,8.4999681,2.0
-17.5175374,28.6218480,2.4582525,2.4582525,0.0008721,8.4999681,2.0
-17.6726075,28.7481062,2.4583356,2.4583356,0.0004063,8.4999680,2.0
-17.8276882,28.8743516,2.4583380,2.4583380,0.0000062,8.4999680,2.0
-17.9827693,29.0005967,2.4582728,2.4582728,-0.0003345,8.4999680,2.0
-18.1378424,29.1268521,2.4581490,2.4581490,-0.0006219,8.4999680,2.0
-18.2929000,29.2531268,2.4579780,2.4579780,-0.0008621,8.4999679,2.0
-18.4479361,29.3794281,2.4577660,2.4577660,-0.0010610,8.4999679,1.0
-18.6029456,29.5057624,2.4575224,2.4575224,-0.0012241,8.4999679,1.5
-18.7579245,29.6321346,2.4572512,2.4572512,-0.0013564,8.4999679,1.5
-18.9128692,29.7585489,2.4569593,2.4569593,-0.0014623,8.4999679,1.5
-19.0677772,29.8850086,2.4566507,2.4566507,-0.0015457,8.4999678,1.5
-19.2226463,30.0115162,2.4563290,2.4563290,-0.0016096,8.4999678,1.5
-19.3774748,30.1380737,2.4559978,2.4559978,-0.0016563,8.4999678,1.5
-19.5322614,30.2646825,2.4556611,2.4556611,-0.0016873,8.4999678,2.0
-19.6870055,30.3913435,2.4553203,2.4553203,-0.0017032,8.4999677,2.0
-19.8417065,30.5180573,2.4549799,2.4549799,-0.0017035,8.4999677,2.0
-19.9963644,30.6448238,2.4546426,2.4546426,-0.0016872,8.4999677,1.5
-20.1509796,30.7716425,2.4543125,2.4543125,-0.0016521,8.4999676,1.5
-20.3055529,30.8985122,2.4539942,2.4539942,-0.0015949,8.4999676,1.5
-20.4600858,31.0254311,2.4536922,2.4536922,-0.0015117,8.4999676,1.5
-20.6145804,31.1523967,2.4534126,2.4534126,-0.0013975,8.4999675,1.5
-20.7690394,31.2794054,2.4531643,2.4531643,-0.0012463,8.4999675,1.5
-20.9234668,31.4064524,2.4529544,2.4529544,-0.0010513,8.4999675,1.5
-21.0778675,31.5335318,2.4527942,2.4527942,-0.0008050,8.4999674,1.5
-21.2322478,31.6606359,2.4526951,2.4526951,-0.0004991,8.4999674,1.5
-21.3866154,31.7877552,2.4526707,2.4526707,-0.0001247,8.4999674,1.5
-21.5409798,31.9148782,2.4527372,2.4527372,0.0003276,8.4999673,1.5
-21.6953525,32.0419908,2.4529113,2.4529113,0.0008672,8.4999673,1.5
-21.8497473,32.1690765,2.4532133,2.4532133,0.0015039,8.4999673,1.5
-22.0041804,32.2961155,2.4536639,2.4536639,0.0022467,8.4999672,1.5
-22.1586706,32.4230848,2.4542858,2.4542858,0.0031043,8.4999672,1.5
-22.3132396,32.5499579,2.4551034,2.4551034,0.0040841,8.4999672,1.5
-22.4679122,32.6767045,2.4561430,2.4561430,0.0051920,8.4999671,1.5
-22.6227163,32.8032901,2.4574310,2.4574310,0.0064317,8.4999671,1.5
-22.7776832,32.9296761,2.4589926,2.4589926,0.0078042,8.4999671,1.5
-22.9328472,33.0558199,2.4608550,2.4608550,0.0093074,8.4999670,1.5
-23.0882456,33.1816743,2.4630434,2.4630434,0.0109353,8.4999670,1.5
-23.2439189,33.3071882,2.4655795,2.4655795,0.0126776,8.4999670,1.5
-23.3999099,33.4323068,2.4684844,2.4684844,0.0145198,8.4999670,1.5
-23.5562634,33.5569715,2.4717728,2.4717728,0.0164433,8.4999669,1.5
-23.7130258,33.6811212,2.4754576,2.4754576,0.0184259,8.4999669,1.5
-23.8702443,33.8046922,2.4795459,2.4795459,0.0204431,8.4999669,1.5
-24.0279663,33.9276191,2.4840395,2.4840395,0.0224712,8.4999668,1.5
-24.1862388,34.0498358,2.4889357,2.4889357,0.0244884,8.4999668,1.5
-24.3451074,34.1712758,2.4942290,2.4942290,0.0264735,8.4999667,1.5
-24.5046161,34.2918728,2.4999085,2.4999085,0.0284084,8.4999667,1.5
-24.6648067,34.4115616,2.5059631,2.5059631,0.0302852,8.4999667,1.5
-24.8257186,34.5302780,2.5123810,2.5123810,0.0321032,8.4999666,1.5
-24.9873885,34.6479588,2.5191513,2.5191513,0.0338622,8.4999666,1.5
-25.1498509,34.7645420,2.5262606,2.5262606,0.0355632,8.4999666,1.5
-25.3131375,34.8799669,2.5337001,2.5337001,0.0372124,8.4999666,1.5
-25.4772834,34.9941774,2.5414602,2.5414602,0.0388120,8.4999667,1.5
-25.6423153,35.1071139,2.5495275,2.5495275,0.0403539,8.4999667,1.5
-25.8082522,35.2187149,2.5578876,2.5578876,0.0418177,8.4999667,1.5
-25.9751156,35.3289243,2.5665157,2.5665157,0.0431641,8.4999667,1.5
-26.1429229,35.4376894,2.5753767,2.5753767,0.0443318,8.4999667,1.5
-26.3116864,35.5449627,2.5844172,2.5844172,0.0452358,8.4999666,1.5
-26.4814118,35.6507053,2.5935648,2.5935648,0.0457746,8.4999664,2.0
-26.6520965,35.7548904,2.6027247,2.6027247,0.0458359,8.4999661,2.0
-26.8237282,35.8575076,2.6117955,2.6117955,0.0453833,8.4999658,2.0
-26.9962721,35.9585570,2.6206913,2.6206913,0.0445419,8.4999658,2.0
-27.1696999,36.0580628,2.6292276,2.6292276,0.0427295,8.4999659,2.0
-27.3439854,36.1560928,2.6372490,2.6372490,0.0401256,8.4999660,2.0
-27.5190570,36.2527246,2.6447074,2.6447074,0.0373161,8.4999661,1.5
-27.6948428,36.3480471,2.6515328,2.6515328,0.0341444,8.4999662,1.5
-27.8712765,36.4421683,2.6576747,2.6576747,0.0307214,8.4999663,1.5
-28.0482855,36.5352044,2.6631040,2.6631040,0.0271531,8.4999663,1.5
-28.2257980,36.6272786,2.6678118,2.6678118,0.0235391,8.4999664,1.5
-28.4037430,36.7185166,2.6718060,2.6718060,0.0199619,8.4999665,1.5
-28.5820523,36.8090438,2.6751067,2.6751067,0.0164876,8.4999665,1.5
-28.7606607,36.8989826,2.6777447,2.6777447,0.0131662,8.4999666,1.5
-28.9395071,36.9884506,2.6797573,2.6797573,0.0100330,8.4999666,1.5
-29.1185222,37.0775530,2.6811869,2.6811869,0.0071182,8.4999667,1.5
-29.2976623,37.1663983,2.6820790,2.6820790,0.0044310,8.4999667,1.5
-29.4768815,37.2550837,2.6824793,2.6824793,0.0019783,8.4999668,1.5
-29.6561363,37.3436974,2.6824375,2.6824375,-0.0002363,8.4999669,1.5
-29.8353874,37.4323186,2.6819994,2.6819994,-0.0022107,8.4999670,1.5
-30.0146000,37.5210185,2.6812152,2.6812152,-0.0039436,8.4999670,1.5
-30.1937434,37.6098591,2.6801332,2.6801332,-0.0054325,8.4999671,2.0
-30.3727910,37.6988937,2.6788027,2.6788027,-0.0066727,8.4999672,2.0
-30.5517205,37.7881667,2.6772754,2.6772754,-0.0076568,8.4999673,1.5
-30.7305141,37.8777132,2.6756048,2.6756048,-0.0083738,8.4999674,1.5
-30.9091585,37.9675586,2.6738474,2.6738474,-0.0088084,8.4999675,1.5
-31.0876457,38.0577183,2.6720636,2.6720636,-0.0089411,8.4999677,1.5
-31.2659727,38.1481967,2.6703188,2.6703188,-0.0087479,8.4999678,1.5
-31.4441427,38.2389867,2.6686837,2.6686837,-0.0082005,8.4999679,1.5
-31.6221654,38.3300686,2.6672361,2.6672361,-0.0072670,8.4999680,1.5
-31.8000576,38.4214089,2.6660603,2.6660603,-0.0059121,8.4999681,1.5
-31.9778440,38.5129592,2.6652474,2.6652474,-0.0040989,8.4999682,1.5
-32.1555579,38.6046550,2.6648980,2.6648980,-0.0017897,8.4999683,1.5
-32.3332417,38.6964139,2.6651185,2.6651185,0.0010522,8.4999683,1.5
-32.5109478,38.7881347,2.6660221,2.6660221,0.0044611,8.4999684,1.5
-32.6887385,38.8796958,2.6677306,2.6677306,0.0084671,8.4999685,1.5
-32.8666867,38.9709537,2.6703655,2.6703655,0.0130940,8.4999686,1.5
-33.0448753,39.0617427,2.6740564,2.6740564,0.0183568,8.4999687,1.5
-33.2233972,39.1518731,2.6789289,2.6789289,0.0242584,8.4999688,1.5
-33.4023387,39.2411239,2.6851068,2.6851068,0.0307985,8.4999691,1.5
-33.5818257,39.3292663,2.6927023,2.6927023,0.0379276,8.4999695,1.5
-33.7619818,39.4160452,2.7018151,2.7018151,0.0455006,8.4999701,1.5
-33.9429259,39.5011810,2.7125551,2.7125551,0.0536828,8.4999709,1.5
-34.1247779,39.5843704,2.7249851,2.7249851,0.0621774,8.4999721,1.5
-34.3076523,39.6652941,2.7390820,2.7390820,0.0705137,8.4999732,1.5
-34.4916498,39.7436321,2.7547670,2.7547670,0.0784627,8.4999741,1.5
-34.6768524,39.8190742,2.7719162,2.7719162,0.0857859,8.4999743,1.5
-34.8633192,39.8913284,2.7903643,2.7903643,0.0922796,8.4999737,1.5
-35.0510840,39.9601294,2.8099197,2.8099197,0.0978237,8.4999721,1.5
-35.2401549,40.0252445,2.8303849,2.8303849,0.1023722,8.4999694,1.5
-35.4305157,40.0864759,2.8515625,2.8515625,0.1059402,8.4999658,1.5
-35.6221278,40.1436617,2.8732660,2.8732660,0.1085786,8.4999619,1.5
-35.8149340,40.1966752,2.8953232,2.8953232,0.1103485,8.4999584,1.5
-36.0088614,40.2454231,2.9175649,2.9175649,0.1112837,8.4999557,1.5
-36.2038244,40.2898459,2.9398238,2.9398238,0.1113765,8.4999541,1.5
-36.3997279,40.3299184,2.9619041,2.9619041,0.1105382,8.4999533,1.5
-36.5964691,40.3656560,2.9836003,2.9836003,0.1085315,8.4999527,1.5
-36.7939400,40.3971171,3.0045418,3.0045418,0.1054385,8.4999438,1.0
-36.9920281,40.4244365,3.0240284,3.0240284,0.0970149,8.4900275,1.0
-37.1906127,40.4478911,3.0427081,3.0427081,0.0921671,8.3796196,1.0
-37.3896015,40.4676324,3.0618064,3.0618064,0.0956005,8.2679557,1.0
-37.5889325,40.4835701,3.0815000,3.0815000,0.0984481,8.1553446,1.0
-37.7885384,40.4955794,3.1018004,3.1018004,0.1015354,8.0411127,1.0
-37.9883462,40.5035344,3.1226934,3.1226934,0.1044796,7.9246617,1.0
-38.1882724,40.5073133,-3.1389988,-3.1389988,0.1074125,7.8056326,1.0
-38.3882428,40.5067946,-3.1168485,-3.1168485,0.1109736,7.6839557,1.0
-38.5881075,40.5018481,-3.0942523,-3.0942523,0.1126086,7.5597732,1.0
-38.7877604,40.4923894,-3.0707278,-3.0707278,0.1176852,7.4337059,1.0
-38.9871893,40.4782332,-3.0458886,-3.0458886,0.1242255,7.3066278,1.0
-39.1862406,40.4591248,-3.0196973,-3.0196973,0.1309420,7.1793424,1.0
-39.3847187,40.4348107,-2.9920689,-2.9920689,0.1381252,7.0526867,1.0
-39.5824570,40.4050218,-2.9628359,-2.9628359,0.1461549,6.9274751,1.0
-39.7792443,40.3694652,-2.9318714,-2.9318714,0.1548118,6.8044064,1.0
-39.9748412,40.3278322,-2.8990752,-2.8990752,0.1639665,6.6840290,1.5
-40.1689718,40.2798069,-2.8643850,-2.8643850,0.1734371,6.5667377,1.5
-40.3613228,40.2250766,-2.8277719,-2.8277719,0.1830612,6.4527881,1.5
-40.5515433,40.1633414,-2.7892396,-2.7892396,0.1926833,6.3423191,1.0
-40.7392444,40.0943242,-2.7488227,-2.7488227,0.2021664,6.2353754,1.0
-40.9239826,40.0177878,-2.7065874,-2.7065874,0.2113281,6.1320543,1.0
-41.1052954,39.9335330,-2.6626174,-2.6626174,0.2200086,6.0323276,1.0
-41.2827381,39.8413854,-2.6170323,-2.6170323,0.2280061,5.9356598,1.0
-41.4558046,39.7412434,-2.5699616,-2.5699616,0.2354793,5.8414527,1.0
-41.6239720,39.6330660,-2.5217017,-2.5217017,0.2411874,5.7467619,1.0
-41.7867248,39.5169021,-2.4719880,-2.4719880,0.2486189,5.6479143,1.0
-41.9434902,39.3928049,-2.4212253,-2.4212253,0.2540134,5.5591634,1.0
-42.0938878,39.2607982,-2.3688993,-2.3688993,0.2592451,5.4970253,1.0
-42.2372916,39.1209927,-2.3114858,-2.3114858,0.2856883,5.4581007,1.0
-42.3722903,38.9733490,-2.2479219,-2.2479219,0.3219552,5.4353775,1.0
-42.4975783,38.8175023,-2.1802475,-2.1802475,0.3397694,5.4154151,1.0
-42.6125214,38.6528515,-2.1090054,-2.1090054,0.3587794,5.3936258,1.0
-42.7161484,38.4792713,-2.0397931,-2.0397931,0.3475155,5.3698836,2.0
-42.8054047,38.3031207,-1.9986660,-1.9986660,0.3944007,5.3449608,2.0
-42.8870522,38.1240869,-1.9881537,-1.9881537,0.0700076,5.3214258,2.0
-42.9679410,37.9416611,-1.9362944,-1.9362944,0.2693574,5.3052687,2.0
-43.0402325,37.7527590,-1.8761954,-1.8761954,0.3014081,5.2952655,2.0
-43.1001177,37.5628052,-1.8176835,-1.8176835,0.2952550,5.2925036,2.0
-43.1490832,37.3685198,-1.7637037,-1.7637037,0.2665061,5.2958059,2.0
-43.1874481,37.1721156,-1.7080734,-1.7080734,0.2790190,5.3049670,2.0
-43.2148062,36.9740779,-1.6502456,-1.6502456,0.2894484,5.3193455,2.0
-43.2306809,36.7746892,-1.5917638,-1.5917638,0.2921390,5.3378390,2.0
-43.2348756,36.5746611,-1.5326281,-1.5326281,0.2957973,5.3591660,2.0
-43.2272487,36.3749349,-1.4729612,-1.4729612,0.2987579,5.3821859,2.0
-43.2077253,36.1760180,-1.4130844,-1.4130844,0.2998293,5.4069334,2.0
-43.1763273,35.9785868,-1.3535638,-1.3535638,0.2980472,5.4349555,2.0
-43.1332353,35.7833489,-1.2951807,-1.2951807,0.2923619,5.4685637,2.0
-43.0788209,35.5909450,-1.2388728,-1.2388728,0.2819572,5.5103119,2.0
-43.0136621,35.4019011,-1.1855408,-1.1855408,0.2669639,5.5622086,2.0
-42.9385164,35.2165939,-1.1358229,-1.1358229,0.2487342,5.6249616,2.0
-42.8542517,35.0352447,-1.0899643,-1.0899643,0.2292935,5.6978619,2.0
-42.7617593,34.8579437,-1.0479064,-1.0479064,0.2102236,5.7794154,2.0
-42.6618915,34.6846841,-1.0094543,-1.0094543,0.1921836,5.8680867,2.0
-42.5554350,34.5153886,-0.9743899,-0.9743899,0.1752518,5.9626459,2.0
-42.4431078,34.3499276,-0.9425031,-0.9425031,0.1593586,6.0621700,2.0
-42.3255626,34.1881319,-0.9135947,-0.9135947,0.1444631,6.1659336,2.0
-42.2033985,34.0298125,-0.8874645,-0.8874645,0.1305670,6.2733715,2.0
-42.0771541,33.8747567,-0.8639109,-0.8639109,0.1176888,6.3839755,2.0
-41.9472859,33.7227089,-0.8427343,-0.8427343,0.1058040,6.4971074,2.0
-41.8142202,33.5734373,-0.8237453,-0.8237453,0.0948737,6.6123240,2.0
-41.6783378,33.4267124,-0.8067652,-0.8067652,0.0848424,6.7292364,2.0
-41.5399785,33.2823104,-0.7916248,-0.7916248,0.0756506,6.8475086,2.0
-41.3994447,33.1400155,-0.7781717,-0.7781717,0.0672258,6.9668547,2.0
-41.2570073,32.9996220,-0.7662602,-0.7662602,0.0595265,7.0870344,2.0
-41.1129057,32.8609331,-0.7557649,-0.7557649,0.0524486,7.2078471,2.0
-40.9673604,32.7237679,-0.7465509,-0.7465509,0.0460570,7.3291270,2.0
-40.8205505,32.5879431,-0.7385544,-0.7385544,0.0399859,7.4507355,2.0
-40.6726794,32.4533150,-0.7318218,-0.7318218,0.0336795,7.5725963,2.0
-40.5239637,32.3197380,-0.7260376,-0.7260376,0.0287464,7.6946346,2.0
-40.3744661,32.1870130,-0.7207270,-0.7207270,0.0266035,7.8166252,2.0
-40.2242233,32.0550465,-0.7159657,-0.7159657,0.0238111,7.9383027,2.0
-40.0733567,31.9237993,-0.7117252,-0.7117252,0.0211655,8.0595151,1.5
-39.9219357,31.7931937,-0.7079089,-0.7079089,0.0190607,8.1800830,1.5
-39.7700163,31.6631660,-0.7044475,-0.7044475,0.0172799,8.2998167,1.5
-39.6176478,31.5336650,-0.7012901,-0.7012901,0.0157885,8.4154251,1.5
-39.4648709,31.4046455,-0.6983576,-0.6983576,0.0145326,8.4999673,2.0
-39.3117161,31.2760744,-0.6954768,-0.6954768,0.0144012,8.4999674,1.5
-39.1581914,31.1479449,-0.6926522,-0.6926522,0.0142142,8.4999674,1.5
-39.0043053,31.0202495,-0.6900029,-0.6900029,0.0133011,8.4999675,1.5
-38.8500813,30.8929621,-0.6876157,-0.6876157,0.0119729,8.4999675,1.5
-38.6955537,30.7660431,-0.6855402,-0.6855402,0.0103920,8.4999675,1.5
-38.5407628,30.6394449,-0.6837953,-0.6837953,0.0087214,8.4999675,1.5
-38.3857511,30.5131169,-0.6823791,-0.6823791,0.0070676,8.4999675,1.5
-38.2305606,30.3870085,-0.6812750,-0.6812750,0.0055019,8.4999675,1.5
-38.0752308,30.2610714,-0.6804562,-0.6804562,0.0040662,8.4999675,1.5
-37.9197963,30.1352602,-0.6798941,-0.6798941,0.0027854,8.4999675,1.5
-37.7642910,30.0095363,-0.6795555,-0.6795555,0.0016667,8.4999675,1.5
-37.6087433,29.8838652,-0.6794086,-0.6794086,0.0007096,8.4999675,1.5
-37.4531772,29.7582170,-0.6794231,-0.6794231,-0.0000917,8.4999675,1.5
-37.2976130,29.6325666,-0.6795685,-0.6795685,-0.0007470,8.4999675,1.5
-37.1420672,29.5068937,-0.6798185,-0.6798185,-0.0012678,8.4999675,1.5
-36.9865528,29.3811819,-0.6801491,-0.6801491,-0.0016672,8.4999675,1.5
-36.8310801,29.2554188,-0.6805383,-0.6805383,-0.0019586,8.4999675,1.5
-36.6756565,29.1295953,-0.6809672,-0.6809672,-0.0021555,8.4999675,1.5
-36.5202868,29.0037051,-0.6814197,-0.6814197,-0.0022710,8.4999675,2.0
-36.3649742,28.8777447,-0.6818822,-0.6818822,-0.0023176,8.4999675,2.0
-36.2097199,28.7517125,-0.6823418,-0.6823418,-0.0023070,8.4999676,2.0
-36.0545236,28.6256090,-0.6827915,-0.6827915,-0.0022501,8.4999676,2.0
-35.8993840,28.4994357,-0.6832212,-0.6832212,-0.0021566,8.4999676,2.0
-35.7442987,28.3731958,-0.6836286,-0.6836286,-0.0020354,8.4999676,2.0
-35.5892648,28.2468927,-0.6840067,-0.6840067,-0.0018942,8.4999676,2.0
-35.4342788,28.1205311,-0.6843547,-0.6843547,-0.0017397,8.4999676,2.0
-35.2793367,27.9941155,-0.6846699,-0.6846699,-0.0015778,8.4999676,1.5
-35.1244346,27.8676512,-0.6849528,-0.6849528,-0.0014134,8.4999676,1.5
-34.9695682,27.7411430,-0.6852027,-0.6852027,-0.0012504,8.4999676,1.5
-34.8147334,27.6145961,-0.6854215,-0.6854215,-0.0010921,8.4999676,1.5
-34.6599264,27.4880154,-0.6856099,-0.6856099,-0.0009410,8.4999676,1.5
-34.5051432,27.3614055,-0.6857699,-0.6857699,-0.0007991,8.4999676,1.5
-34.3503802,27.2347708,-0.6859034,-0.6859034,-0.0006677,8.4999676,1.5
-34.1956342,27.1081155,-0.6860136,-0.6860136,-0.0005478,8.4999676,1.5
-34.0409022,26.9814432,-0.6861014,-0.6861014,-0.0004397,8.4999676,1.5
-33.8861812,26.8547572,-0.6861710,-0.6861710,-0.0003436,8.4999676,1.5
-33.7314691,26.7280605,-0.6862226,-0.6862226,-0.0002593,8.4999676,1.5
-33.5767635,26.6013558,-0.6862602,-0.6862602,-0.0001865,8.4999676,1.5
-33.4220627,26.4746453,-0.6862851,-0.6862851,-0.0001245,8.4999676,1.5
-33.2673650,26.3479309,-0.6863004,-0.6863004,-0.0000728,8.4999676,1.5
-33.1126693,26.2212142,-0.6863064,-0.6863064,-0.0000305,8.4999676,1.5
-32.9579743,26.0944965,-0.6863061,-0.6863061,0.0000031,8.4999676,1.5
-32.8032792,25.9677788,-0.6863004,-0.6863004,0.0000291,8.4999676,1.5
-32.6485835,25.8410621,-0.6862908,-0.6862908,0.0000482,8.4999676,2.0
-32.4938865,25.7143468,-0.6862787,-0.6862787,0.0000612,8.4999676,2.0
-32.3391880,25.5876334,-0.6862653,-0.6862653,0.0000691,8.4999677,2.0
-32.1844877,25.4609220,-0.6862503,-0.6862503,0.0000726,8.4999677,2.0
-32.0297856,25.3342130,-0.6862365,-0.6862365,0.0000724,8.4999677,1.5
-31.8750817,25.2075061,-0.6862222,-0.6862222,0.0000693,8.4999677,1.5
-31.7203760,25.0808014,-0.6862098,-0.6862098,0.0000638,8.4999677,1.5
-31.5656687,24.9540986,-0.6861981,-0.6861981,0.0000566,8.4999677,1.5
-31.4109599,24.8273976,-0.6861892,-0.6861892,0.0000476,8.4999677,1.5
-31.2562500,24.7006980,-0.6861810,-0.6861810,0.0000395,8.4999677,1.5
-31.1015391,24.5739997,-0.6861751,-0.6861751,0.0000257,8.4999677,1.5
-30.9468273,24.4473022,-0.6861661,-0.6861661,0.0000482,8.4999677,1.5
-30.7921140,24.3206058,-0.6861586,-0.6861586,0.0000430,8.4999677,1.5
-30.6373998,24.1939106,-0.6861569,-0.6861569,0.0000025,8.4999677,1.5
-30.4826857,24.0672159,-0.6861580,-0.6861580,-0.0000056,8.4999677,1.5
-30.3279717,23.9405210,-0.6861608,-0.6861608,-0.0000131,8.4999677,1.5
-30.1732581,23.8138257,-0.6861648,-0.6861648,-0.0000196,8.4999677,1.5
-30.0185450,23.6871298,-0.6861697,-0.6861697,-0.0000256,8.4999677,1.5
-29.8638325,23.5604331,-0.6861758,-0.6861758,-0.0000310,8.4999677,1.5
-29.7091207,23.4337354,-0.6861833,-0.6861833,-0.0000357,8.4999677,1.5
-29.5544099,23.3070366,-0.6861907,-0.6861907,-0.0000399,8.4999677,1.5
-29.3997001,23.1803367,-0.6862000,-0.6862000,-0.0000435,8.4999677,1.5
-29.2449914,23.0536353,-0.6862092,-0.6862092,-0.0000464,8.4999677,1.5
-29.0902839,22.9269325,-0.6862184,-0.6862184,-0.0000489,8.4999677,1.5
-28.9355776,22.8002283,-0.6862291,-0.6862291,-0.0000508,8.4999677,1.5
-28.7808726,22.6735224,-0.6862394,-0.6862394,-0.0000523,8.4999677,1.5
-28.6261689,22.5468149,-0.6862500,-0.6862500,-0.0000534,8.4999677,1.5
-28.4714666,22.4201058,-0.6862611,-0.6862611,-0.0000541,8.4999677,1.5
-28.3167657,22.2933950,-0.6862714,-0.6862714,-0.0000545,8.4999677,1.5
-28.1620661,22.1666826,-0.6862828,-0.6862828,-0.0000546,8.4999677,1.5
-28.0073679,22.0399684,-0.6862938,-0.6862938,-0.0000545,8.4999677,1.5
-27.8526711,21.9132525,-0.6863044,-0.6863044,-0.0000541,8.4999677,1.5
-27.6979757,21.7865350,-0.6863151,-0.6863151,-0.0000537,8.4999677,1.5
-27.5432816,21.6598158,-0.6863254,-0.6863254,-0.0000531,8.4999677,1.5
-27.3885888,21.5330950,-0.6863360,-0.6863360,-0.0000524,8.4999677,1.5
-27.2338974,21.4063726,-0.6863467,-0.6863467,-0.0000516,8.4999677,1.5
-27.0792073,21.2796485,-0.6863567,-0.6863567,-0.0000508,8.4999677,1.5
-26.9245185,21.1529229,-0.6863666,-0.6863666,-0.0000500,8.4999677,1.5
-26.7698310,21.0261958,-0.6863766,-0.6863766,-0.0000492,8.4999677,1.5
-26.6151447,20.8994671,-0.6863862,-0.6863862,-0.0000484,8.4999677,1.5
-26.4604596,20.7727369,-0.6863954,-0.6863954,-0.0000476,8.4999677,1.5
-26.3057757,20.6460053,-0.6864053,-0.6864053,-0.0000468,8.4999677,1.5
-26.1510931,20.5192722,-0.6864142,-0.6864142,-0.0000461,8.4999677,1.5
-25.9964116,20.3925377,-0.6864231,-0.6864231,-0.0000454,8.4999677,1.5
-25.8417312,20.2658018,-0.6864327,-0.6864327,-0.0000448,8.4999677,1.5
-25.6870520,20.1390644,-0.6864408,-0.6864408,-0.0000442,8.4999677,1.5
-25.5323739,20.0123258,-0.6864501,-0.6864501,-0.0000437,8.4999677,1.5
-25.3776969,19.8855857,-0.6864583,-0.6864583,-0.0000432,8.4999677,1.5
-25.2230210,19.7588444,-0.6864672,-0.6864672,-0.0000428,8.4999677,1.5
-25.0683462,19.6321017,-0.6864754,-0.6864754,-0.0000424,8.4999677,1.5
-24.9136724,19.5053577,-0.6864842,-0.6864842,-0.0000421,8.4999677,1.5
-24.7589998,19.3786124,-0.6864921,-0.6864921,-0.0000417,8.4999677,1.5
-24.6043281,19.2518658,-0.6865009,-0.6865009,-0.0000415,8.4999677,1.5
-24.4496576,19.1251179,-0.6865087,-0.6865087,-0.0000412,8.4999677,1.5
-24.2949881,18.9983688,-0.6865169,-0.6865169,-0.0000409,8.4999677,1.5
-24.1403196,18.8716184,-0.6865251,-0.6865251,-0.0000407,8.4999677,1.5
-23.9856521,18.7448667,-0.6865332,-0.6865332,-0.0000405,8.4999677,1.5
-23.8309857,18.6181138,-0.6865414,-0.6865414,-0.0000403,8.4999677,1.5
-23.6763203,18.4913596,-0.6865493,-0.6865493,-0.0000401,8.4999677,1.5
-23.5216559,18.3646042,-0.6865571,-0.6865571,-0.0000398,8.4999677,1.5
-23.3669925,18.2378476,-0.6865656,-0.6865656,-0.0000396,8.4999677,1.5
-23.2123302,18.1110897,-0.6865731,-0.6865731,-0.0000394,8.4999677,1.5
-23.0576688,17.9843306,-0.6865809,-0.6865809,-0.0000392,8.4999677,1.5
-22.9030084,17.8575703,-0.6865887,-0.6865887,-0.0000390,8.4999677,1.5
-22.7483490,17.7308088,-0.6865965,-0.6865965,-0.0000387,8.4999677,1.5
-22.5936906,17.6040461,-0.6866043,-0.6866043,-0.0000385,8.4999677,1.5
-22.4390332,17.4772822,-0.6866118,-0.6866118,-0.0000382,8.4999677,1.5
-22.2843767,17.3505171,-0.6866192,-0.6866192,-0.0000380,8.4999677,1.5
-22.1297212,17.2237509,-0.6866267,-0.6866267,-0.0000377,8.4999677,1.5
-21.9750666,17.0969835,-0.6866345,-0.6866345,-0.0000374,8.4999677,1.5
-21.8204130,16.9702149,-0.6866420,-0.6866420,-0.0000372,8.4999677,1.5
-21.6657604,16.8434452,-0.6866491,-0.6866491,-0.0000369,8.4999677,1.5
-21.5111086,16.7166743,-0.6866569,-0.6866569,-0.0000366,8.4999677,1.5
-21.3564579,16.5899023,-0.6866637,-0.6866637,-0.0000363,8.4999677,1.5
-21.2018080,16.4631292,-0.6866708,-0.6866708,-0.0000360,8.4999677,1.5
-21.0471590,16.3363550,-0.6866782,-0.6866782,-0.0000358,8.4999677,1.5
-20.8925110,16.2095797,-0.6866854,-0.6866854,-0.0000355,8.4999677,1.5
-20.7378638,16.0828032,-0.6866921,-0.6866921,-0.0000352,8.4999677,1.5
-20.5832175,15.9560257,-0.6866995,-0.6866995,-0.0000350,8.4999677,1.5
-20.4285722,15.8292471,-0.6867063,-0.6867063,-0.0000348,8.4999677,1.5
-20.2739277,15.7024674,-0.6867134,-0.6867134,-0.0000345,8.4999677,1.5
-20.1192841,15.5756866,-0.6867198,-0.6867198,-0.0000343,8.4999677,1.5
-19.9646413,15.4489048,-0.6867266,-0.6867266,-0.0000341,8.4999677,1.5
-19.8099994,15.3221220,-0.6867340,-0.6867340,-0.0000340,8.4999677,1.5
-19.6553584,15.1953380,-0.6867401,-0.6867401,-0.0000338,8.4999677,1.5
-19.5007182,15.0685531,-0.6867472,-0.6867472,-0.0000336,8.4999677,1.5
-19.3460789,14.9417671,-0.6867543,-0.6867543,-0.0000335,8.4999677,1.5
-19.1914405,14.8149800,-0.6867603,-0.6867603,-0.0000333,8.4999677,1.5
-19.0368029,14.6881920,-0.6867671,-0.6867671,-0.0000332,8.4999677,1.5
-18.8821661,14.5614029,-0.6867739,-0.6867739,-0.0000331,8.4999677,1.5
-18.7275301,14.4346127,-0.6867802,-0.6867802,-0.0000329,8.4999677,1.5
-18.5728950,14.3078216,-0.6867873,-0.6867873,-0.0000328,8.4999677,1.5
-18.4182608,14.1810294,-0.6867930,-0.6867930,-0.0000327,8.4999677,1.5
-18.2636273,14.0542363,-0.6868001,-0.6868001,-0.0000326,8.4999677,1.5
-18.1089947,13.9274421,-0.6868065,-0.6868065,-0.0000324,8.4999677,1.5
-17.9543629,13.8006469,-0.6868125,-0.6868125,-0.0000323,8.4999677,1.5
-17.7997319,13.6738508,-0.6868197,-0.6868197,-0.0000322,8.4999677,1.5
-17.6451018,13.5470536,-0.6868257,-0.6868257,-0.0000320,8.4999677,1.5
-17.4904724,13.4202554,-0.6868321,-0.6868321,-0.0000319,8.4999677,1.5
-17.3358439,13.2934563,-0.6868382,-0.6868382,-0.0000317,8.4999677,1.5
-17.1812161,13.1666562,-0.6868449,-0.6868449,-0.0000316,8.4999677,1.5
-17.0265892,13.0398551,-0.6868510,-0.6868510,-0.0000315,8.4999677,1.5
-16.8719630,12.9130530,-0.6868577,-0.6868577,-0.0000313,8.4999677,1.5
-16.7173377,12.7862499,-0.6868634,-0.6868634,-0.0000312,8.4999677,1.5
-16.5627131,12.6594459,-0.6868697,-0.6868697,-0.0000310,8.4999677,1.5
-16.4080894,12.5326410,-0.6868762,-0.6868762,-0.0000309,8.4999677,1.5
-16.2534664,12.4058350,-0.6868818,-0.6868818,-0.0000307,8.4999677,1.5
-16.0988442,12.2790282,-0.6868883,-0.6868883,-0.0000306,8.4999677,1.5
-15.9442227,12.1522203,-0.6868942,-0.6868942,-0.0000304,8.4999677,1.5
-15.7896021,12.0254116,-0.6869003,-0.6869003,-0.0000303,8.4999677,1.5
-15.6349822,11.8986019,-0.6869067,-0.6869067,-0.0000301,8.4999677,1.5
-15.4803631,11.7717912,-0.6869120,-0.6869120,-0.0000300,8.4999677,1.5
-15.3257447,11.6449797,-0.6869185,-0.6869185,-0.0000299,8.4999677,1.5
-15.1711271,11.5181672,-0.6869242,-0.6869242,-0.0000297,8.4999677,1.5
-15.0165102,11.3913538,-0.6869302,-0.6869302,-0.0000296,8.4999677,1.5
-14.8618941,11.2645395,-0.6869366,-0.6869366,-0.0000295,8.4999677,1.5
-14.7072788,11.1377242,-0.6869416,-0.6869416,-0.0000294,8.4999677,1.5
-14.5526641,11.0109081,-0.6869479,-0.6869479,-0.0000293,8.4999677,1.5
-14.3980503,10.8840911,-0.6869540,-0.6869540,-0.0000292,8.4999677,1.5
-14.2434372,10.7572731,-0.6869597,-0.6869597,-0.0000292,8.4999677,1.5
-14.0888248,10.6304542,-0.6869650,-0.6869650,-0.0000291,8.4999677,1.5
-13.9342131,10.5036345,-0.6869714,-0.6869714,-0.0000290,8.4999677,1.5
-13.7796022,10.3768138,-0.6869767,-0.6869767,-0.0000290,8.4999677,1.5
-13.6249920,10.2499923,-0.6869831,-0.6869831,-0.0000289,8.4999677,1.5
-13.4703826,10.1231698,-0.6869884,-0.6869884,-0.0000289,8.4999677,1.5
-13.3157739,9.9963465,-0.6869941,-0.6869941,-0.0000289,8.4999677,1.5
-13.1611659,9.8695223,-0.6869998,-0.6869998,-0.0000288,8.4999677,1.5
-13.0065586,9.7426972,-0.6870062,-0.6870062,-0.0000288,8.4999677,1.5
-12.8519521,9.6158711,-0.6870116,-0.6870116,-0.0000288,8.4999677,1.5
-12.6973463,9.4890442,-0.6870176,-0.6870176,-0.0000288,8.4999677,1.5
-12.5427413,9.3622164,-0.6870233,-0.6870233,-0.0000288,8.4999677,1.5
-12.3881370,9.2353877,-0.6870286,-0.6870286,-0.0000288,8.4999677,1.5
-12.2335334,9.1085582,-0.6870347,-0.6870347,-0.0000288,8.4999677,1.5
-12.0789305,8.9817277,-0.6870407,-0.6870407,-0.0000288,8.4999677,1.5
-11.9243284,8.8548963,-0.6870460,-0.6870460,-0.0000289,8.4999677,1.5
-11.7697270,8.7280641,-0.6870521,-0.6870521,-0.0000289,8.4999677,1.5
-11.6151263,8.6012309,-0.6870577,-0.6870577,-0.0000289,8.4999677,1.5
-11.4605264,8.4743969,-0.6870638,-0.6870638,-0.0000289,8.4999677,1.5
-11.3059272,8.3475619,-0.6870691,-0.6870691,-0.0000290,8.4999677,1.5
-11.1513287,8.2207261,-0.6870751,-0.6870751,-0.0000290,8.4999677,1.5
-10.9967310,8.0938894,-0.6870808,-0.6870808,-0.0000290,8.4999677,1.5
-10.8421340,7.9670518,-0.6870869,-0.6870869,-0.0000291,8.4999677,1.5
-10.6875377,7.8402132,-0.6870925,-0.6870925,-0.0000291,8.4999677,1.5
-10.5329422,7.7133738,-0.6870982,-0.6870982,-0.0000291,8.4999677,1.5
-10.3783474,7.5865335,-0.6871047,-0.6871047,-0.0000291,8.4999677,1.5
-10.2237534,7.4596922,-0.6871100,-0.6871100,-0.0000292,8.4999677,1.5
-10.0691601,7.3328501,-0.6871157,-0.6871157,-0.0000292,8.4999677,1.5
-9.9145675,7.2060071,-0.6871221,-0.6871221,-0.0000292,8.4999677,1.5
-9.7599757,7.0791631,-0.6871274,-0.6871274,-0.0000292,8.4999677,1.5
-9.6053846,6.9523183,-0.6871334,-0.6871334,-0.0000292,8.4999677,1.5
-9.4507943,6.8254726,-0.6871395,-0.6871395,-0.0000292,8.4999676,1.5
-9.2962047,6.6986259,-0.6871451,-0.6871451,-0.0000292,8.4999676,1.5
-9.1416159,6.5717784,-0.6871509,-0.6871509,-0.0000292,8.4999676,1.5
-8.9870277,6.4449299,-0.6871568,-0.6871568,-0.0000292,8.4999676,1.5
-8.8324404,6.3180806,-0.6871626,-0.6871626,-0.0000291,8.4999676,1.5
-8.6778537,6.1912303,-0.6871686,-0.6871686,-0.0000291,8.4999676,1.5
-8.5232678,6.0643791,-0.6871742,-0.6871742,-0.0000290,8.4999676,1.5
-8.3686827,5.9375271,-0.6871803,-0.6871803,-0.0000290,8.4999676,1.5
-8.2140983,5.8106741,-0.6871856,-0.6871856,-0.0000289,8.4999676,1.5
-8.0595146,5.6838203,-0.6871913,-0.6871913,-0.0000288,8.4999676,1.5
-7.9049316,5.5569656,-0.6871978,-0.6871978,-0.0000287,8.4999676,1.5
-7.7503494,5.4301099,-0.6872031,-0.6872031,-0.0000286,8.4999676,1.5
-7.5957679,5.3032534,-0.6872088,-0.6872088,-0.0000285,8.4999676,1.5
-7.4411871,5.1763960,-0.6872141,-0.6872141,-0.0000284,8.4999676,1.5
-7.2866070,5.0495378,-0.6872205,-0.6872205,-0.0000283,8.4999676,1.5
-7.1320277,4.9226786,-0.6872258,-0.6872258,-0.0000282,8.4999676,1.5
-6.9774491,4.7958186,-0.6872308,-0.6872308,-0.0000280,8.4999676,1.5
-6.8228711,4.6689578,-0.6872372,-0.6872372,-0.0000279,8.4999676,1.5
-6.6682939,4.5420960,-0.6872425,-0.6872425,-0.0000278,8.4999676,1.5
-6.5137174,4.4152334,-0.6872478,-0.6872478,-0.0000277,8.4999676,1.5
-6.3591416,4.2883700,-0.6872535,-0.6872535,-0.0000276,8.4999676,1.5
-6.2045665,4.1615057,-0.6872592,-0.6872592,-0.0000275,8.4999676,1.5
-6.0499921,4.0346405,-0.6872645,-0.6872645,-0.0000274,8.4999676,1.5
-5.8954184,3.9077745,-0.6872698,-0.6872698,-0.0000273,8.4999676,1.5
-5.7408454,3.7809077,-0.6872755,-0.6872755,-0.0000272,8.4999676,1.5
-5.5862731,3.6540400,-0.6872805,-0.6872805,-0.0000272,8.4999676,1.5
-5.4317014,3.5271715,-0.6872866,-0.6872866,-0.0000271,8.4999676,1.5
-5.2771305,3.4003021,-0.6872916,-0.6872916,-0.0000271,8.4999676,1.5
-5.1225602,3.2734319,-0.6872973,-0.6872973,-0.0000270,8.4999676,1.5
-4.9679906,3.1465608,-0.6873022,-0.6873022,-0.0000270,8.4999676,1.5
-4.8134217,3.0196890,-0.6873079,-0.6873079,-0.0000270,8.4999676,1.5
-4.6588535,2.8928163,-0.6873136,-0.6873136,-0.0000271,8.4999676,1.5
-4.5042860,2.7659427,-0.6873189,-0.6873189,-0.0000271,8.4999676,1.5
-4.3497192,2.6390683,-0.6873239,-0.6873239,-0.0000273,8.4999676,1.5
-4.1951530,2.5121931,-0.6873299,-0.6873299,-0.0000274,8.4999676,1.5
-4.0405876,2.3853170,-0.6873352,-0.6873352,-0.0000276,8.4999676,1.5
-3.8860229,2.2584401,-0.6873406,-0.6873406,-0.0000279,8.4999676,1.5
-3.7314588,2.1315623,-0.6873462,-0.6873462,-0.0000282,8.4999676,1.5
-3.5768955,2.0046837,-0.6873523,-0.6873523,-0.0000286,8.4999676,1.5
-3.4223329,1.8778041,-0.6873580,-0.6873580,-0.0000291,8.4999676,1.5
-3.2677711,1.7509237,-0.6873640,-0.6873640,-0.0000297,8.4999676,1.5
-3.1132100,1.6240423,-0.6873697,-0.6873697,-0.0000303,8.4999676,1.5
-2.9586496,1.4971600,-0.6873765,-0.6873765,-0.0000311,8.4999676,1.5
-2.8040901,1.3702767,-0.6873825,-0.6873825,-0.0000319,8.4999676,1.5
-2.6495314,1.2433925,-0.6873893,-0.6873893,-0.0000329,8.4999676,1.5
-2.4949735,1.1165072,-0.6873957,-0.6873957,-0.0000339,8.4999676,1.5
-2.3404164,0.9896209,-0.6874031,-0.6874031,-0.0000349,8.4999676,1.5
-2.1858603,0.8627335,-0.6874102,-0.6874102,-0.0000361,8.4999676,1.5
-2.0313051,0.7358450,-0.6874173,-0.6874173,-0.0000373,8.4999676,1.5
-1.8767508,0.6089554,-0.6874255,-0.6874255,-0.0000384,8.4999676,1.5
-1.7221975,0.4820645,-0.6874333,-0.6874333,-0.0000396,8.4999676,1.5
-1.5676452,0.3551724,-0.6874411,-0.6874411,-0.0000407,8.4999676,1.5
-1.4130939,0.2282791,-0.6874496,-0.6874496,-0.0000416,8.4999676,1.5
-1.2585437,0.1013845,-0.6874578,-0.6874578,-0.0000424,8.4999676,2.0
-1.1039945,-0.0255114,-0.6874671,-0.6874671,-0.0000430,8.4999676,2.0
-0.9494465,-0.1524087,-0.6874753,-0.6874753,-0.0000432,8.4999676,2.0
-0.7948995,-0.2793073,-0.6874841,-0.6874841,-0.0000431,8.4999676,1.5
-0.6403537,-0.4062072,-0.6874923,-0.6874923,-0.0000424,8.4999676,1.5
-0.4858089,-0.5331084,-0.6875005,-0.6875005,-0.0000411,8.4999676,1.5
-0.3312651,-0.6600109,-0.6875086,-0.6875086,-0.0000391,8.4999676,1.5
-0.1767224,-0.7869146,-0.6875154,-0.6875154,-0.0000362,8.4999676,1.5
-0.0221805,-0.9138194,-0.6875225,-0.6875225,-0.0000323,8.4999676,1.5
0.1323605,-1.0407253,-0.6875274,-0.6875274,-0.0000274,8.4999676,1.5
0.2869008,-1.1676319,-0.6875317,-0.6875317,-0.0000211,8.4999676,1.5
0.4414406,-1.2945392,-0.6875349,-0.6875349,-0.0000135,8.4999676,1.5
0.5959800,-1.4214470,-0.6875349,-0.6875349,-0.0000044,8.4999676,1.5
0.7505194,-1.5483548,-0.6875342,-0.6875342,0.0000064,8.4999676,1.5
0.9050589,-1.6752625,-0.6875303,-0.6875303,0.0000189,8.4999676,1.5
1.0595989,-1.8021696,-0.6875235,-0.6875235,0.0000332,8.4999676,1.5
1.2141397,-1.9290756,-0.6875136,-0.6875136,0.0000494,8.4999676,1.5
1.3686818,-2.0559801,-0.6875005,-0.6875005,0.0000675,8.4999676,1.5
1.5232256,-2.1828826,-0.6874827,-0.6874827,0.0000875,8.4999676,1.5
1.6777716,-2.3097823,-0.6874607,-0.6874607,0.0001092,8.4999676,1.5
1.8323204,-2.4366786,-0.6874347,-0.6874347,0.0001325,8.4999676,1.5
1.9868725,-2.5635709,-0.6874028,-0.6874028,0.0001572,8.4999676,1.5
2.1414287,-2.6904583,-0.6873661,-0.6873661,0.0001828,8.4999676,1.5
2.2959895,-2.8173400,-0.6873246,-0.6873246,0.0002090,8.4999676,1.5
2.4505556,-2.9442153,-0.6872777,-0.6872777,0.0002352,8.4999676,1.5
2.6051276,-3.0710833,-0.6872251,-0.6872251,0.0002606,8.4999676,2.0
2.7597063,-3.1979432,-0.6871686,-0.6871686,0.0002843,8.4999676,2.0
2.9142922,-3.3247944,-0.6871075,-0.6871075,0.0003054,8.4999676,2.0
3.0688858,-3.4516361,-0.6870432,-0.6870432,0.0003227,8.4999676,1.5
3.2234876,-3.5784679,-0.6869763,-0.6869763,0.0003346,8.4999676,1.5
3.3780978,-3.7052893,-0.6869085,-0.6869085,0.0003397,8.4999676,1.5
3.5327167,-3.8321003,-0.6868410,-0.6868410,0.0003362,8.4999676,1.5
3.6873441,-3.9589008,-0.6867770,-0.6867770,0.0003220,8.4999676,1.5
3.8419796,-4.0856914,-0.6867177,-0.6867177,0.0002951,8.4999676,1.5
3.9966227,-4.2124729,-0.6866676,-0.6866676,0.0002531,8.4999676,1.5
4.1512721,-4.3392466,-0.6866292,-0.6866292,0.0001935,8.4999676,1.5
4.3059264,-4.4660144,-0.6866068,-0.6866068,0.0001138,8.4999676,1.5
4.4605835,-4.5927787,-0.6866043,-0.6866043,0.0000112,8.4999676,1.5
4.6152409,-4.7195426,-0.6866278,-0.6866278,-0.0001168,8.4999676,1.5
4.7698954,-4.8463102,-0.6866832,-0.6866832,-0.0002729,8.4999676,1.5
4.9245428,-4.9730863,-0.6867749,-0.6867749,-0.0004596,8.4999676,1.5
5.0791786,-5.0998766,-0.6869110,-0.6869110,-0.0006790,8.4999676,1.5
5.2337972,-5.2266880,-0.6870982,-0.6870982,-0.0009331,8.4999676,1.5
5.3883920,-5.3535283,-0.6873431,-0.6873431,-0.0012232,8.4999676,1.5
5.5429558,-5.4804065,-0.6876536,-0.6876536,-0.0015500,8.4999676,1.5
5.6974801,-5.6073326,-0.6880363,-0.6880363,-0.0019134,8.4999676,1.5
5.8519559,-5.7343179,-0.6884988,-0.6884988,-0.0023121,8.4999676,1.5
6.0063729,-5.8613746,-0.6890478,-0.6890478,-0.0027438,8.4999676,1.5
6.1607202,-5.9885161,-0.6896886,-0.6896886,-0.0032045,8.4999676,1.5
6.3149859,-6.1157564,-0.6904267,-0.6904267,-0.0036885,8.4999676,1.5
6.4691577,-6.2431106,-0.6912639,-0.6912639,-0.0041882,8.4999676,1.5
6.6232228,-6.3705938,-0.6922030,-0.6922030,-0.0046937,8.4999676,1.5
6.7771681,-6.4982216,-0.6932410,-0.6932410,-0.0051922,8.4999676,1.5
6.9309808,-6.6260091,-0.6943742,-0.6943742,-0.0056691,8.4999676,2.0
7.0846488,-6.7539710,-0.6955939,-0.6955939,-0.0061035,8.4999676,2.0
7.2381601,-6.8821198,-0.6968899,-0.6968899,-0.0064816,8.4999676,1.5
7.3915061,-7.0104682,-0.6982398,-0.6982398,-0.0067534,8.4999677,1.5
7.5446781,-7.1390230,-0.6996561,-0.6996561,-0.0070789,8.4999677,1.5
7.6976573,-7.2677857,-0.7011294,-0.7011294,-0.0073963,8.4999677,1.5
7.8504441,-7.3967715,-0.7025385,-0.7025385,-0.0070646,8.4999677,1.5
8.0030605,-7.5259822,-0.7038161,-0.7038161,-0.0063865,8.4999677,1.5
8.1555143,-7.6553900,-0.7049610,-0.7049610,-0.0057396,8.4999678,1.5
8.3078180,-7.7849707,-0.7059089,-0.7059089,-0.0047563,8.4999678,1.5
8.4599995,-7.9146963,-0.7065890,-0.7065890,-0.0034166,8.4999678,1.5
8.6120923,-8.0445250,-0.7069172,-0.7069172,-0.0016608,8.4999678,1.5
8.7641426,-8.1744037,-0.7068018,-0.7068018,0.0005567,8.4999678,1.5
8.9162077,-8.3042647,-0.7061407,-0.7061407,0.0032834,8.4999678,1.5
9.0683587,-8.4340252,-0.7048232,-0.7048232,0.0065619,8.4999679,1.5
9.2206805,-8.5635851,-0.7027328,-0.7027328,0.0104291,8.4999679,1.5
9.3732729,-8.6928264,-0.6997452,-0.6997452,0.0149130,8.4999679,1.5
9.5262507,-8.8216112,-0.6957337,-0.6957337,0.0200299,8.4999680,1.5
9.6797440,-8.9497814,-0.6905735,-0.6905735,0.0257784,8.4999681,1.5
9.8338966,-9.0771578,-0.6841417,-0.6841417,0.0321356,8.4999684,1.5
9.9888654,-9.2035402,-0.6763282,-0.6763282,0.0390481,8.4999687,1.5
10.1448168,-9.3287078,-0.6670341,-0.6670341,0.0464529,8.4999692,1.5
10.3019248,-9.4524206,-0.6561628,-0.6561628,0.0543393,8.4999700,1.5
10.4603682,-9.5744180,-0.6436501,-0.6436501,0.0625733,8.4999709,1.5
10.6203256,-9.6944233,-0.6295155,-0.6295155,0.0707117,8.4999718,1.5
10.7819630,-9.8121556,-0.6138342,-0.6138342,0.0784567,8.4999725,1.5
10.9454267,-9.9273389,-0.5967208,-0.5967208,0.0856457,8.4999726,1.5
11.1108378,-10.0397082,-0.5783255,-0.5783255,0.0920685,8.4999719,1.5
11.2782885,-10.1490163,-0.5588212,-0.5588212,0.0976287,8.4999704,1.5
11.4478400,-10.2550383,-0.5383853,-0.5383853,0.1022947,8.4999679,1.5
11.6195238,-10.3575742,-0.5171887,-0.5171887,0.1060999,8.4999646,1.5
11.7933440,-10.4564492,-0.4953879,-0.4953879,0.1091197,8.4999612,1.5
11.9692787,-10.5515118,-0.4731199,-0.4731199,0.1114529,8.4999581,1.5
12.1472680,-10.6426240,-0.4505044,-0.4505044,0.1131714,8.4999563,1.5
12.3272715,-10.7296876,-0.4276307,-0.4276307,0.1144371,8.4999560,1.5
12.5092191,-10.8126114,-0.4045721,-0.4045721,0.1153502,8.4999569,1.5
12.6930301,-10.8913180,-0.3813895,-0.3813895,0.1159588,8.4999605,1.5
12.8786179,-10.9657433,-0.3581364,-0.3581364,0.1163384,8.4999873,1.5
13.0658828,-11.0358322,-0.3349010,-0.3349010,0.1161276,8.4995965,1.5
13.2547368,-11.1015553,-0.3115542,-0.3115542,0.1167316,8.4979503,1.5
13.4450949,-11.1628586,-0.2879861,-0.2879861,0.1178214,8.4948554,1.5
13.6368528,-11.2196613,-0.2642158,-0.2642158,0.1188317,8.4904370,1.5
13.8299080,-11.2718906,-0.2402578,-0.2402578,0.1197636,8.4848870,1.5
14.0241588,-11.3194801,-0.2161161,-0.2161161,0.1206871,8.4785215,1.5
14.2194984,-11.3623659,-0.1918323,-0.1918323,0.1214250,8.4718626,1.5
14.4158154,-11.4004947,-0.1674266,-0.1674266,0.1220017,8.4657783,1.0
14.6129969,-11.4338201,-0.1431284,-0.1431284,0.1218861,8.4617397,1.0
14.8109210,-11.4623437,-0.1195159,-0.1195159,0.1180559,8.4477238,1.0
15.0094500,-11.4861847,-0.0963124,-0.0963124,0.1152863,8.3670170,1.0
15.2084681,-11.5054121,-0.0726306,-0.0726306,0.1184919,8.2846186,1.0
15.4078824,-11.5199212,-0.0483053,-0.0483053,0.1216530,8.2019142,1.0
15.6075930,-11.5295758,-0.0232840,-0.0232840,0.1252231,8.1189383,1.0
15.8074922,-11.5342311,0.0024254,0.0024254,0.1286596,8.0355026,1.5
16.0074622,-11.5337461,0.0287977,0.0287977,0.1319741,7.9514013,1.5
16.2073744,-11.5279875,0.0557982,0.0557982,0.1350910,7.8664620,1.0
16.4070873,-11.5168323,0.0833816,0.0833816,0.1379682,7.7805558,1.0
16.6064450,-11.5001709,0.1114890,0.1114890,0.1405495,7.6935995,1.5
16.8052754,-11.4779112,0.1400469,0.1400469,0.1427785,7.6055566,1.5
17.0033881,-11.4499833,0.1689708,0.1689708,0.1446017,7.5164429,1.5
17.2005751,-11.4163437,0.1981623,0.1981623,0.1459825,7.4263365,1.5
17.3966144,-11.3769795,0.2275251,0.2275251,0.1469186,7.3353946,1.5
17.5912793,-11.3319079,0.2569792,0.2569792,0.1474727,7.2438802,1.0
17.7843642,-11.2811672,0.2865603,0.2865603,0.1478037,7.1521997,1.0
17.9764509,-11.2245649,0.3163283,0.3163283,0.1487067,7.0611572,1.0
18.1665114,-11.1623544,0.3464396,0.3464396,0.1506727,6.9717008,1.5
18.3544009,-11.0945265,0.3772914,0.3772914,0.1532994,6.8847846,1.5
18.5402494,-11.0208793,0.4100399,0.4100399,0.1638604,6.8085384,1.5
18.7235777,-10.9411904,0.4446335,0.4446335,0.1728443,6.7876181,1.5
18.9040476,-10.8552049,0.4810162,0.4810162,0.1827452,6.7665297,1.5
19.0810519,-10.7628258,0.5185233,0.5185233,0.1873858,6.7454354,1.5
19.2545921,-10.6638033,0.5570843,0.5570843,0.1928736,6.7249895,1.5
19.4244319,-10.5580109,0.5966222,0.5966222,0.1976764,6.7055347,1.5
19.5900889,-10.4454984,0.6366948,0.6366948,0.2005358,6.6872645,1.0
19.7507683,-10.3266890,0.6770068,0.6770068,0.2018294,6.6704055,1.0
19.9065322,-10.2014980,0.7174167,0.7174167,0.2021676,6.6548851,1.0
20.0571828,-10.0700542,0.7578038,0.7578038,0.2019245,6.6406563,1.0
20.2024414,-9.9325989,0.7980859,0.7980859,0.2013418,6.6276792,1.0
20.3420638,-9.7893878,0.8382151,0.8382151,0.2005594,6.6159029,1.5
20.4758333,-9.6406851,0.8781755,0.8781755,0.1997203,6.6052975,1.5
20.6035540,-9.4867587,0.9179790,0.9179790,0.1989593,6.5958525,1.5
20.7250440,-9.3278775,0.9576556,0.9576556,0.1983492,6.5875720,1.5
20.8401307,-9.1643101,0.9972404,0.9972404,0.1979286,6.5804743,1.0
20.9486483,-8.9963254,1.0367764,1.0367764,0.1977197,6.5745888,2.0
21.0504353,-8.8241930,1.0763070,1.0763070,0.1977325,6.5699529,2.0
21.1453335,-8.6481846,1.1158762,1.1158762,0.1979664,6.5666092,2.0
21.2331956,-8.4685581,1.1555271,1.1555271,0.1983674,6.5646341,2.0
21.3138797,-8.2855637,1.1952940,1.1952940,0.1988908,6.5640965,2.0
21.3872311,-8.0994903,1.2351988,1.2351988,0.1995336,6.5650420,2.0
21.4531060,-7.9106240,1.2752535,1.2752535,0.2002330,6.5675565,2.0
21.5113684,-7.7192605,1.3154471,1.3154471,0.2008976,6.5717368,2.0
21.5618944,-7.5257097,1.3557443,1.3557443,0.2014071,6.5776882,2.0
21.6045779,-7.3302990,1.3960740,1.3960740,0.2016051,6.5855212,2.0
21.6393388,-7.1333783,1.4363130,1.4363130,0.2012776,6.5953473,2.0
21.6661354,-6.9353250,1.4762804,1.4762804,0.2001607,6.6072722,2.0
21.6849797,-6.7365420,1.5158030,1.5158030,0.1978767,6.6213886,2.0
21.6959899,-6.5365340,1.5545375,1.5545375,0.1935551,6.6381166,2.0
21.6992437,-6.3364268,1.5922551,1.5922551,0.1885624,6.6572104,2.0
21.6949601,-6.1368370,1.6288524,1.6288524,0.1841893,6.6787256,2.0
21.6833706,-5.9374352,1.6634104,1.6634104,0.1717561,6.7028407,2.0
21.6648854,-5.7384123,1.6967995,1.6967995,0.1670729,6.7295109,2.0
21.6397577,-5.5400476,1.7296206,1.7296206,0.1639853,6.7585093,2.0
21.6081449,-5.3426814,1.7621797,1.7621797,0.1628306,6.7901510,2.0
21.5701425,-5.1465448,1.7946194,1.7946194,0.1623452,6.8245619,2.0
21.5257480,-4.9515217,1.8269150,1.8269150,0.1614657,6.8617957,2.0
21.4750247,-4.7578251,1.8588380,1.8588380,0.1597629,6.9022213,2.0
21.4182860,-4.5663223,1.8901461,1.8901461,0.1568099,6.9468270,2.0
21.3555499,-4.3765969,1.9206423,1.9206423,0.1526073,6.9955704,2.0
21.2870191,-4.1887661,1.9501039,1.9501039,0.1473307,7.0486555,2.0
21.2129593,-4.0029710,1.9783572,1.9783572,0.1412419,7.1061463,2.0
21.1336670,-3.8193111,2.0052923,2.0052923,0.1346429,7.1679080,2.0
21.0494536,-3.6378456,2.0308619,2.0308619,0.1278233,7.2336359,2.0
20.9606315,-3.4585991,2.0550697,2.0550697,0.1210247,7.3029087,2.0
20.8675041,-3.2815692,2.0779553,2.0779553,0.1144304,7.3752428,2.0
20.7703591,-3.1067331,2.0995883,2.0995883,0.1081753,7.4501306,2.0
20.6694896,-2.9340987,2.1200595,2.1200595,0.1023574,7.5270943,2.0
20.5650999,-2.7635529,2.1394819,2.1394819,0.0970858,7.6055350,2.0
20.4574125,-2.5950585,2.1579817,2.1579817,0.0924491,7.6849165,2.0
20.3466233,-2.4285801,2.1757042,2.1757042,0.0885404,7.7646616,2.0
20.2328998,-2.2640891,2.1928159,2.1928159,0.0854673,7.8441330,2.0
20.1163783,-2.1015680,2.2095046,2.2095046,0.0833212,7.9226170,2.0
19.9971619,-1.9410154,2.2259765,2.2259765,0.0822481,7.9993133,2.0
19.8753191,-1.7824507,2.2424519,2.2424519,0.0821840,8.0733369,2.0
19.7508824,-1.6259172,2.2591524,2.2591524,0.0835818,8.1437144,1.0
19.6238472,-1.4714814,2.2761593,2.2761593,0.0847997,8.2094548,1.0
19.4942018,-1.3192257,2.2938010,2.2938010,0.0878214,8.2697347,1.0
19.3618923,-1.1692826,2.3124746,2.3124746,0.0935838,8.3238783,1.5
19.2268090,-1.0218394,2.3320888,2.3320888,0.0981126,8.3714556,1.5
19.0888609,-0.8770750,2.3525547,2.3525547,0.1024206,8.4123783,1.5
18.9479801,-0.7351649,2.3737804,2.3737804,0.1062108,8.4469004,1.5
18.8041198,-0.5962775,2.3956456,2.3956456,0.1095120,8.4755452,1.5
18.6572578,-0.4605690,2.4179876,2.4179876,0.1116531,8.4989821,1.5
18.5074007,-0.3281753,2.4408336,2.4408336,0.1141764,8.4999542,1.5
18.3545582,-0.1992394,2.4642360,2.4642360,0.1171434,8.4999600,1.5
18.1987401,-0.0739151,2.4880836,2.4880836,0.1193453,8.4999636,2.0
18.0399773,0.0476585,2.5122360,2.5122360,0.1208899,8.4999670,2.0
17.8783248,0.1653625,2.5365524,2.5365524,0.1216998,8.4999832,2.0
17.7138591,0.2791007,2.5608816,2.5608816,0.1217812,8.4999577,1.5
17.5466758,0.3888039,2.5850517,2.5850517,0.1210282,8.4999184,1.5
17.3768904,0.4944344,2.6088260,2.6088260,0.1191300,8.4999665,1.5
17.2046416,0.5959991,2.6318451,2.6318451,0.1155109,8.4999675,1.5
17.0300995,0.6935729,2.6535073,2.6535073,0.1090311,8.4999679,1.5
16.8534825,0.7873444,2.6727966,2.6727966,0.0975873,8.4999681,1.5
16.6750866,0.8776934,2.6882558,2.6882558,0.0784768,8.4999681,1.5
16.4953128,0.9652751,2.6985553,2.6985553,0.0518117,8.4999681,1.5
16.3146461,1.0510008,2.7033640,2.7033640,0.0234631,8.4999681,1.5
16.1335704,1.1358562,2.7033400,2.7033400,-0.0008908,8.4999681,1.5
15.9524981,1.2207153,2.6993983,2.6993983,-0.0202964,8.4999684,1.5
15.7717627,1.3062870,2.6922573,2.6922573,-0.0360865,8.4999689,1.5
15.5916435,1.3931469,2.6824009,2.6824009,-0.0495863,8.4999697,1.5
15.4123893,1.4817778,2.6701844,2.6701844,-0.0613366,8.4999709,1.5
15.2342312,1.5725919,2.6559055,2.6559055,-0.0716156,8.4999721,1.5
15.0573886,1.6659402,2.6398290,2.6398290,-0.0805988,8.4999730,1.5
14.8820703,1.7621189,2.6222195,2.6222195,-0.0882624,8.4999732,1.5
14.7084736,1.8613693,2.6033428,2.6033428,-0.0945758,8.4999724,1.5
14.5367825,1.9638780,2.5834759,2.5834759,-0.0996347,8.4999705,1.5
14.3671617,2.0697772,2.5629520,2.5629520,-0.1028187,8.4999676,1.5
14.1997584,2.1791296,2.5419927,2.5419927,-0.1044324,8.4999640,1.5
14.0346927,2.2919602,2.5204676,2.5204676,-0.1079126,8.4999605,1.5
13.8720892,2.4083207,2.4985641,2.4985641,-0.1095983,8.4999578,1.5
13.7120720,2.5282155,2.4764029,2.4764029,-0.1108735,8.4999563,1.5
13.5547522,2.6516257,2.4540512,2.4540512,-0.1118246,8.4999560,1.5
13.4002274,2.7785232,2.4315703,2.4315703,-0.1124591,8.4999558,1.5
13.2485908,2.9088651,2.4090351,2.4090351,-0.1127576,8.4999550,1.5
13.0999246,3.0425954,2.3865645,2.3865645,-0.1123736,8.4999540,1.5
12.9542947,3.1796379,2.3642712,2.3642712,-0.1116528,8.4999533,1.5
12.8117485,3.3198999,2.3426645,2.3426645,-0.1080511,8.4999526,1.0
12.6722591,3.4632159,2.3220503,2.3220503,-0.1029105,8.4575385,1.0
12.5357517,3.6093786,2.3018062,2.3018062,-0.1010453,8.3691452,1.0
12.4022329,3.7582725,2.2811407,2.2811407,-0.1032523,8.2664211,1.0
12.2718213,3.9098914,2.2598214,2.2598214,-0.1065867,8.1618036,1.0
12.1446748,4.0642519,2.2378309,2.2378309,-0.1099585,8.0549189,1.0
12.0209581,4.2213647,2.2151802,2.2151802,-0.1132769,7.9452329,1.0
11.9008378,4.3812309,2.1918746,2.1918746,-0.1165592,7.8323288,1.0
11.7844828,4.5438428,2.1678953,2.1678953,-0.1199228,7.7160037,1.0
11.6720646,4.7091913,2.1431911,2.1431911,-0.1235165,7.5963034,1.0
11.5637384,4.8773077,2.1176755,2.1176755,-0.1275230,7.4734854,1.0
11.4597356,5.0481347,2.0912356,2.0912356,-0.1321316,7.3484486,1.0
11.3602859,5.2216504,2.0637270,2.0637270,-0.1374751,7.2220903,1.0
11.2656483,5.3978323,2.0349905,2.0349905,-0.1436196,7.0954323,1.0
11.1761145,5.5766555,2.0048711,2.0048711,-0.1505490,6.9695268,1.0
11.0920095,5.7580875,1.9732317,1.9732317,-0.1581664,6.8453687,1.5
11.0136891,5.9420821,1.9399687,1.9399687,-0.1663097,6.7238283,1.5
10.9415340,6.1285721,1.9050161,1.9050161,-0.1747753,6.6056117,1.0
10.8759427,6.3174618,1.8683548,1.8683548,-0.1833439,6.4912442,1.0
10.8173214,6.5086204,1.8300103,1.8300103,-0.1917861,6.3810703,1.0
10.7660732,6.7018785,1.7900403,1.7900403,-0.1999156,6.2752562,1.0
10.7225903,6.8970216,1.7485019,1.7485019,-0.2077957,6.1737785,1.0
10.6872495,7.0937965,1.7054602,1.7054602,-0.2151482,6.0763864,1.0
10.6604039,7.2919427,1.6606762,1.6606762,-0.2239783,5.9824016,1.0
10.6424550,7.4911035,1.6139794,1.6139794,-0.2337027,5.8890213,1.0
10.6338237,7.6908561,1.5654447,1.5654447,-0.2429482,5.7910375,1.0
10.6348934,7.8907392,1.5149340,1.5149340,-0.2523035,5.6863514,1.0
10.6460640,8.0904977,1.4616986,1.4616986,-0.2655702,5.5754821,1.0
10.6678572,8.2894630,1.4050392,1.4050392,-0.2832575,5.4897406,1.0
10.7008853,8.4868908,1.3452820,1.3452820,-0.2986391,5.4290736,1.0
10.7456271,8.6819150,1.2833306,1.2833306,-0.3099629,5.3917811,1.0
10.8022779,8.8735262,1.2206209,1.2206209,-0.3145129,5.3709055,1.0
10.8707097,9.0608939,1.1583778,1.1583778,-0.3115231,5.3543420,1.0
10.9511126,9.2446679,1.0976917,1.0976917,-0.3039129,5.3356339,1.0
11.0419773,9.4221804,1.0391835,1.0391835,-0.2922696,5.3146193,2.0
11.1434220,9.5946803,0.9812723,0.9812723,-0.2868461,5.2908533,2.0
11.2542408,9.7603618,0.9200717,0.9200717,-0.3085632,5.2660295,2.0
11.3749360,9.9188900,0.8566178,0.8566178,-0.3173372,5.2455214,2.0
11.5061831,10.0703021,0.7909412,0.7909412,-0.3291626,5.2312791,2.0
11.6464876,10.2121707,0.7247561,0.7247561,-0.3311493,5.2243687,2.0
11.7964036,10.3449240,0.6591883,0.6591883,-0.3274521,5.2240699,2.0
11.9548344,10.4676770,0.5951114,0.5951114,-0.3210113,5.2302046,2.0
12.1202547,10.5796639,0.5327302,0.5327302,-0.3121435,5.2427748,2.0
12.2925004,10.6812183,0.4718396,0.4718396,-0.3040824,5.2598974,2.0
12.4707000,10.7721504,0.4122108,0.4122108,-0.2975850,5.2803940,2.0
12.6540207,10.8523096,0.3535691,0.3535691,-0.2926846,5.3031886,2.0
12.8416640,10.9215647,0.2956197,0.2956197,-0.2898760,5.3273732,2.0
13.0328687,10.9797948,0.2380769,0.2380769,-0.2872250,5.3522458,2.0
13.2272787,11.0269741,0.1803739,0.1803739,-0.2894318,5.3773644,2.0
13.4240105,11.0628493,0.1235154,0.1235154,-0.2845156,5.4029466,2.0
13.6223506,11.0874727,0.0678934,0.0678934,-0.2784887,5.4302314,2.0
13.8217213,11.1010295,0.0136349,0.0136349,-0.2716232,5.4610092,2.0
14.0215927,11.1037549,-0.0388187,-0.0388187,-0.2625807,5.4979153,2.0
14.2212880,11.0959991,-0.0889343,-0.0889343,-0.2509371,5.5436426,2.0
14.4203851,11.0782457,-0.1362438,-0.1362438,-0.2367305,5.5988871,2.0
14.6185286,11.0510816,-0.1804572,-0.1804572,-0.2210212,5.6639559,2.0
14.8153562,11.0151720,-0.2214797,-0.2214797,-0.2050898,5.7383299,2.0
15.0102476,10.9712876,-0.2594331,-0.2594331,-0.1898533,5.8214782,2.0
15.2034163,10.9200178,-0.2945292,-0.2945292,-0.1754840,5.9110380,2.0
15.3947399,10.8619794,-0.3269386,-0.3269386,-0.1619875,6.0059763,2.0
15.5841360,10.7977537,-0.3568209,-0.3568209,-0.1493214,6.1054309,2.0
15.7715614,10.7278857,-0.3843348,-0.3843348,-0.1374695,6.2086572,2.0
15.9570083,10.6528821,-0.4096416,-0.4096416,-0.1264404,6.3149857,2.0
16.1404985,10.5732097,-0.4329075,-0.4329075,-0.1162474,6.4238025,2.0
16.3220771,10.4892941,-0.4542995,-0.4542995,-0.1068956,6.5345426,2.0
16.5017814,10.4015321,-0.4739840,-0.4739840,-0.0983776,6.6466999,2.0
16.6796793,10.3102726,-0.4921280,-0.4921280,-0.0906802,6.7597936,2.0
16.8559064,10.2157929,-0.5088956,-0.5088956,-0.0837836,6.8733736,2.0
17.0305343,10.1183663,-0.5244407,-0.5244407,-0.0776667,6.9870616,2.0
17.2036330,10.0182333,-0.5389158,-0.5389158,-0.0723137,7.1005041,2.0
17.3752678,9.9156031,-0.5524749,-0.5524749,-0.0677204,7.2133625,2.0
17.5454966,9.8106544,-0.5652678,-0.5652678,-0.0638870,7.3253013,2.0
17.7143686,9.7035368,-0.5774547,-0.5774547,-0.0608541,7.4359759,2.0
17.8819205,9.5943706,-0.5891954,-0.5891954,-0.0585799,7.5450186,2.0
18.0481765,9.4832466,-0.6006188,-0.6006188,-0.0572723,7.6520233,2.0
18.2131483,9.3702334,-0.6118027,-0.6118027,-0.0552229,7.7565174,2.0
18.3768477,9.2553810,-0.6233277,-0.6233277,-0.0576160,7.8579562,2.0
18.5392133,9.1386491,-0.6353705,-0.6353705,-0.0601777,7.9557470,2.0
18.7001604,9.0199711,-0.6479914,-0.6479914,-0.0630167,8.0492020,2.0
18.8595964,8.8992717,-0.6613029,-0.6613029,-0.0665132,8.1376792,1.0
19.0174109,8.7764613,-0.6753856,-0.6753856,-0.0704099,8.2206571,1.0
19.1734798,8.6514411,-0.6902624,-0.6902624,-0.0744382,8.2978295,1.0
19.3276710,8.5241135,-0.7058895,-0.7058895,-0.0782000,8.3691992,1.5
19.4798531,8.3943925,-0.7221630,-0.7221630,-0.0815941,8.4351342,1.5
19.6299036,8.2622127,-0.7389330,-0.7389330,-0.0835008,8.4962756,1.5
19.7777162,8.1275355,-0.7565109,-0.7565109,-0.0877863,8.4999622,1.5
19.9231383,7.9902814,-0.7750597,-0.7750597,-0.0930124,8.4999634,1.5
20.0659893,7.8503540,-0.7943303,-0.7943303,-0.0965952,8.4999639,2.0
20.2061173,7.7077001,-0.8139986,-0.8139986,-0.0985835,8.4999649,2.0
20.3434127,7.5623178,-0.8337536,-0.8337536,-0.0990047,8.4999659,2.0
20.4778097,7.4142515,-0.8532995,-0.8532995,-0.0979813,8.4999666,2.0
20.6092876,7.2635862,-0.8723300,-0.8723300,-0.0954210,8.4999672,2.0
20.7378751,7.1104457,-0.8905192,-0.8905192,-0.0912263,8.4999676,2.0
20.8636561,6.9549916,-0.9075491,-0.9075491,-0.0853902,8.4999679,1.5
20.9867717,6.7974180,-0.9231342,-0.9231342,-0.0780988,8.4999680,1.5
21.1074169,6.6379445,-0.9370744,-0.9370744,-0.0697800,8.4999681,1.5
21.2258276,6.4768044,-0.9492868,-0.9492868,-0.0610474,8.4999681,1.5
21.3422619,6.3142299,-0.9598052,-0.9598052,-0.0525134,8.4999681,1.5
21.4569799,6.1504395,-0.9687487,-0.9687487,-0.0446119,8.4999681,1.5
21.5702286,5.9856295,-0.9762776,-0.9762776,-0.0375391,8.4999681,1.5
21.6822333,5.8199715,-0.9825547,-0.9825547,-0.0312965,8.4999680,1.5
21.7931960,5.6536136,-0.9877219,-0.9877219,-0.0257682,8.4999680,1.5
21.9032976,5.4866846,-0.9918879,-0.9918879,-0.0207850,8.4999680,1.5
22.0127028,5.3192984,-0.9951243,-0.9951243,-0.0161627,8.4999679,1.5
22.1215657,5.1515590,-0.9974685,-0.9974685,-0.0117208,8.4999679,1.5
22.2300352,4.9835647,-0.9989231,-0.9989231,-0.0072897,8.4999678,1.5
22.3382602,4.8154128,-0.9994595,-0.9994595,-0.0027131,8.4999678,1.5
22.4463951,4.6472027,-0.9990191,-0.9990191,0.0021513,8.4999677,1.5
22.5546041,4.4790402,-0.9975211,-0.9975211,0.0074310,8.4999677,1.5
22.6630650,4.3110398,-0.9948592,-0.9948592,0.0132369,8.4999676,1.5
22.7719728,4.1433286,-0.9909128,-0.9909128,0.0196588,8.4999677,1.5
22.8815416,3.9760485,-0.9855464,-0.9855464,0.0267528,8.4999678,1.5
22.9920065,3.8093588,-0.9786253,-0.9786253,0.0345326,8.4999682,1.5
23.1036223,3.6434378,-0.9700243,-0.9700243,0.0429376,8.4999690,1.5
23.2166608,3.4784833,-0.9596156,-0.9596156,0.0519695,8.4999703,1.5
23.3314099,3.3147146,-0.9473034,-0.9473034,0.0615787,8.4999722,1.5
23.4481661,3.1523718,-0.9331119,-0.9331119,0.0710456,8.4999744,1.5
23.5672140,2.9917027,-0.9171680,-0.9171680,0.0798471,8.4999761,1.5
23.6888080,2.8329525,-0.8996643,-0.8996643,0.0877008,8.4999768,1.5
23.8131619,2.6763549,-0.8808666,-0.8808666,0.0942041,8.4999756,1.5
23.9404375,2.5221222,-0.8610754,-0.8610754,0.0991807,8.4999705,1.5
24.0707411,2.3704377,-0.8406037,-0.8406037,0.1026198,8.4999577,1.5
24.2041236,2.2214510,-0.8197659,-0.8197659,0.1043454,8.4999323,1.5
24.3405830,2.0752742,-0.7988769,-0.7988769,0.1050951,8.4998824,1.5
24.4800585,1.9319872,-0.7784843,-0.7784843,0.1019515,8.4998081,1.0
24.6224233,1.7915775,-0.7585350,-0.7585350,0.0990042,8.4357754,1.0
24.7675588,1.6540374,-0.7382850,-0.7382850,0.1010418,8.3432155,1.5
24.9154472,1.5194664,-0.7173295,-0.7173295,0.1048524,8.2527932,1.5
25.0661204,1.3880260,-0.6956706,-0.6956706,0.1083513,8.1653830,1.5
25.2196025,1.2598816,-0.6733803,-0.6733803,0.1115046,8.0802055,1.5
25.3759005,1.1351916,-0.6505165,-0.6505165,0.1143651,7.9966262,1.0
25.5350065,1.0141088,-0.6271165,-0.6271165,0.1170392,7.9142014,1.0
25.6969016,0.8967822,-0.6031968,-0.6031968,0.1196456,7.8326593,1.0
25.8615565,0.7833613,-0.5787630,-0.5787630,0.1222053,7.7518817,1.0
26.0289377,0.6739941,-0.5537814,-0.5537814,0.1249579,7.6718978,1.0
26.1990001,0.5688411,-0.5282736,-0.5282736,0.1275790,7.5928884,1.0
26.3717082,0.4680486,-0.5020644,-0.5020644,0.1309618,7.5152025,1.0
26.5470019,0.3718148,-0.4752795,-0.4752795,0.1344012,7.4393430,1.0
26.7248345,0.2802976,-0.4481514,-0.4481514,0.1345220,7.3656324,1.0
26.9051638,0.1935994,-0.4190874,-0.4190874,0.1444466,7.2960352,1.0
27.0878234,0.1122285,-0.3872336,-0.3872336,0.1604634,7.2657343,1.0
27.2729968,0.0367102,-0.3533580,-0.3533580,0.1694107,7.2466876,1.0
27.4607437,-0.0325381,-0.3177880,-0.3177880,0.1775876,7.2281162,1.0
27.6509091,-0.0950904,-0.2805425,-0.2805425,0.1857591,7.2092711,1.0
27.8432911,-0.1505237,-0.2416399,-0.2416399,0.1939595,7.1903763,1.5
28.0376568,-0.1984262,-0.2011473,-0.2011473,0.2019534,7.1716719,1.0
28.2337694,-0.2384145,-0.1592367,-0.1592367,0.2091910,7.1533746,1.0
28.4314140,-0.2701555,-0.1162856,-0.1162856,0.2145302,7.1356549,1.0
28.6303857,-0.2933979,-0.0731555,-0.0731555,0.2156407,7.1186569,1.0
28.8302935,-0.3080484,-0.0319625,-0.0319625,0.2073314,7.1025115,1.0
29.0298941,-0.3144303,0.0021020,0.0021020,0.1757139,7.0873238,1.0
29.2296130,-0.3140105,0.0143537,0.0143537,0.0768174,7.0732340,1.0
29.4288019,-0.3111512,-0.0255505,-0.0255505,-0.2048628,7.0602947,1.0
29.6270445,-0.3162175,-0.0654569,-0.0654569,-0.2455690,7.0485791,1.0
29.8253572,-0.3292170,-0.0421933,-0.0421933,0.1233615,7.0390486,2.0
30.0250547,-0.3376479,0.0000842,0.0000842,0.2185457,7.0316293,2.0
30.2246634,-0.3376311,0.0470127,0.0470127,0.2353239,7.0258826,2.0
30.4247807,-0.3282161,0.0941434,0.0941434,0.2348998,7.0216635,2.0
30.6242606,-0.3093807,0.1398885,0.1398885,0.2276974,7.0189844,2.0
30.8226802,-0.2814416,0.1837344,0.1837344,0.2182645,7.0178535,2.0
31.0197192,-0.2448258,0.2254885,0.2254885,0.2080940,7.0182742,2.0
31.2150394,-0.2000214,0.2650875,0.2650875,0.1978132,7.0202505,2.0
31.4083114,-0.1475526,0.3025120,0.3025120,0.1876392,7.0237931,2.0
31.5990873,-0.0880132,0.3378501,0.3378501,0.1767421,7.0293136,2.0
31.7878609,-0.0216933,0.3712353,0.3712353,0.1666351,7.0365158,2.0
31.9743988,0.0509231,0.4027297,0.4027297,0.1572043,7.0454002,2.0
32.1585054,0.1293552,0.4321355,0.4321355,0.1470313,7.0560218,2.0
32.3400312,0.2130764,0.4596412,0.4596412,0.1370689,7.0684740,2.0
32.5190232,0.3016778,0.4865695,0.4865695,0.1334203,7.0828996,2.0
32.6958586,0.3952219,0.5139920,0.5139920,0.1378286,7.0998028,2.0
32.8700906,0.4935953,0.5412819,0.5412819,0.1362324,7.1193162,2.0
33.0415215,0.5966550,0.5684085,0.5684085,0.1357290,7.1418318,2.0
33.2100485,0.7042975,0.5952987,0.5952987,0.1345324,7.1680524,2.0
33.3756001,0.8164185,0.6217232,0.6217232,0.1322336,7.1989320,2.0
33.5381166,0.9328638,0.6474326,0.6474326,0.1286874,7.2356666,2.0
33.6975813,1.0534448,0.6720943,0.6720943,0.1234687,7.2795928,2.0
33.8540238,1.1779212,0.6953533,0.6953533,0.1164636,7.3319666,2.0
34.0075324,1.3060051,0.7168844,0.7168844,0.1077969,7.3936633,2.0
34.1582527,1.4373685,0.7364582,0.7364582,0.0979511,7.4649369,2.0
34.3063782,1.5716614,0.7539720,0.7539720,0.0875790,7.5453995,2.0
34.4521340,1.7085324,0.7694350,0.7694350,0.0772697,7.6342156,2.0
34.5957602,1.8476448,0.7829383,0.7829383,0.0674319,7.7303388,2.0
34.7374984,1.9886874,0.7946321,0.7946321,0.0583422,7.8326502,2.0
34.8775805,2.1313807,0.8047083,0.8047083,0.0502296,7.9399965,2.0
35.0162199,2.2754805,0.8134009,0.8134009,0.0432893,8.0511952,1.5
35.1536031,2.4207817,0.8209660,0.8209660,0.0376644,8.1650676,1.5
35.2898844,2.5671194,0.8276495,0.8276495,0.0332695,8.2805134,1.5
35.4251853,2.7143654,0.8336322,0.8336322,0.0299219,8.3966392,1.5
35.5596031,2.8624185,0.8390739,0.8390739,0.0268445,8.4999599,2.0
35.6932132,3.0112008,0.8444058,0.8444058,0.0266020,8.4999677,2.0
35.8260276,3.1606928,0.8497076,0.8497076,0.0266468,8.4999676,2.0
35.9580469,3.3108861,0.8547859,0.8547859,0.0254685,8.4999676,1.5
36.0893010,3.4617470,0.8594920,0.8594920,0.0235785,8.4999676,1.5
36.2198428,3.6132229,0.8637316,0.8637316,0.0212215,8.4999676,1.5
36.3497404,3.7652499,0.8674590,0.8674590,0.0186479,8.4999676,1.5
36.4790693,3.9177587,0.8706624,0.8706624,0.0160176,8.4999675,1.5
36.6079089,4.0706809,0.8733536,0.8733536,0.0134481,8.4999675,1.5
36.7363351,4.2239476,0.8755376,0.8755376,0.0109360,8.4999675,1.5
36.8644179,4.3774844,0.8772162,0.8772162,0.0083696,8.4999675,1.5
36.9922447,4.5312383,0.8785028,0.8785028,0.0064030,8.4999675,1.5
37.1198859,4.6851714,0.8794810,0.8794810,0.0048920,8.4999675,1.5
37.2473784,4.8392316,0.8801527,0.8801527,0.0033520,8.4999675,1.5
37.3747663,4.9933761,0.8805614,0.8805614,0.0020298,8.4999675,1.5
37.5020919,5.1475735,0.8807480,0.8807480,0.0009262,8.4999675,1.5
37.6293886,5.3017945,0.8807528,0.8807528,0.0000162,8.4999675,1.5
37.7566847,5.4560163,0.8806111,0.8806111,-0.0007163,8.4999675,1.5
37.8840027,5.6102201,0.8803539,0.8803539,-0.0012917,8.4999675,1.5
38.0113603,5.7643911,0.8800093,0.8800093,-0.0017284,8.4999676,1.5
38.1387711,5.9185183,0.8796013,0.8796013,-0.0020449,8.4999676,1.5
38.2662447,6.0725934,0.8791506,0.8791506,-0.0022581,8.4999676,1.5
38.3937877,6.2266110,0.8786747,0.8786747,-0.0023840,8.4999676,1.5
38.5214040,6.3805679,0.8781871,0.8781871,-0.0024372,8.4999676,2.0
38.6490953,6.5344625,0.8777020,0.8777020,-0.0024309,8.4999676,2.0
38.7768612,6.6882951,0.8772269,0.8772269,-0.0023768,8.4999676,2.0
38.9047002,6.8420670,0.8767699,0.8767699,-0.0022856,8.4999676,2.0
39.0326094,6.9957804,0.8763371,0.8763371,-0.0021662,8.4999676,2.0
39.1605851,7.1494384,0.8759319,0.8759319,-0.0020266,8.4999677,2.0
39.2886231,7.3030446,0.8755574,0.8755574,-0.0018735,8.4999677,2.0
39.4167186,7.4566028,0.8752144,0.8752144,-0.0017127,8.4999677,2.0
39.5448667,7.6101170,0.8749055,0.8749055,-0.0015486,8.4999677,1.5
39.6730623,7.7635917,0.8746279,0.8746279,-0.0013852,8.4999677,1.5
39.8013005,7.9170308,0.8743830,0.8743830,-0.0012254,8.4999677,1.5
39.9295762,8.0704384,0.8741685,0.8741685,-0.0010716,8.4999677,1.5
40.0578849,8.2238186,0.8739835,0.8739835,-0.0009254,8.4999677,1.5
40.1862220,8.3771751,0.8738259,0.8738259,-0.0007882,8.4999677,1.5
40.3145832,8.5305113,0.8736934,0.8736934,-0.0006606,8.4999677,1.5
40.4429648,8.6838306,0.8735849,0.8735849,-0.0005430,8.4999677,1.5
40.5713630,8.8371359,0.8734978,0.8734978,-0.0004357,8.4999677,1.5
40.6997746,8.9904301,0.8734297,0.8734297,-0.0003385,8.4999677,1.5
40.8281966,9.1437155,0.8733796,0.8733796,-0.0002510,8.4999677,1.5
40.9566263,9.2969945,0.8733449,0.8733449,-0.0001728,8.4999677,1.5
41.0850613,9.4502690,0.8733243,0.8733243,-0.0001034,8.4999677,1.5
41.2134995,9.6035409,0.8733158,0.8733158,-0.0000422,8.4999677,1.5
41.3419389,9.7568116,0.8733179,0.8733179,0.0000115,8.4999678,1.5
41.4703780,9.9100826,0.8733296,0.8733296,0.0000584,8.4999678,1.5
41.5988153,10.0633551,0.8733492,0.8733492,0.0000992,8.4999678,1.5
41.7272495,10.2166300,0.8733766,0.8733766,0.0001344,8.4999678,1.5
41.8556795,10.3699084,0.8734089,0.8734089,0.0001648,8.4999678,1.5
41.9841045,10.5231909,0.8734469,0.8734469,0.0001909,8.4999678,1.5
42.1125236,10.6764782,0.8734903,0.8734903,0.0002133,8.4999678,1.5
42.2409360,10.8297710,0.8735361,0.8735361,0.0002325,8.4999678,1.5
42.3693413,10.9830696,0.8735862,0.8735862,0.0002490,8.4999678,1.5
42.4977389,11.1363746,0.8736384,0.8736384,0.0002632,8.4999678,1.5
42.6261284,11.2896862,0.8736939,0.8736939,0.0002755,8.4999678,1.5
42.7545093,11.4430048,0.8737511,0.8737511,0.0002862,8.4999678,1.5
42.8828814,11.5963307,0.8738100,0.8738100,0.0002957,8.4999678,1.5
43.0112444,11.7496641,0.8738711,0.8738711,0.0003040,8.4999678,1.5
43.1395980,11.9030053,0.8739330,0.8739330,0.0003116,8.4999678,1.5
43.2679420,12.0563543,0.8739969,0.8739969,0.0003185,8.4999678,1.5
43.3962762,12.2097115,0.8740618,0.8740618,0.0003249,8.4999677,1.5
43.5246004,12.3630770,0.8741279,0.8741279,0.0003309,8.4999677,1.5
43.6529144,12.5164509,0.8741954,0.8741954,0.0003366,8.4999677,1.5
43.7812180,12.6698334,0.8742635,0.8742635,0.0003421,8.4999677,1.5
43.9095112,12.8232247,0.8743331,0.8743331,0.0003473,8.4999677,1.5
44.0377937,12.9766249,0.8744034,0.8744034,0.0003522,8.4999677,1.5
44.1660654,13.1300341,0.8744751,0.8744751,0.0003566,8.4999677,1.5
44.2943261,13.2834525,0.8745468,0.8745468,0.0003609,8.4999677,1.5
44.4225759,13.4368802,0.8746199,0.8746199,0.0003634,8.4999677,1.5
44.5508145,13.5903173,0.8746927,0.8746927,0.0003688,8.4999677,1.5
44.6790420,13.7437638,0.8747713,0.8747713,0.0003697,8.4999677,1.5
44.8072576,13.8972206,0.8748858,0.8748858,0.0005529,8.4999677,1.5
44.9354554,14.0506918,0.8750240,0.8750240,0.0007901,8.4999677,1.5
45.0636314,14.2041800,0.8751065,0.8751065,0.0003549,8.4999677,1.5
45.1917946,14.3576786,0.8751763,0.8751763,0.0003490,8.4999677,1.5
45.3199472,14.5111863,0.8752463,0.8752463,0.0003458,8.4999677,1.5
45.4480890,14.6647029,0.8753177,0.8753177,0.0003585,8.4999677,2.0
45.5762198,14.8182286,0.8753923,0.8753923,0.0003732,8.4999677,2.0
45.7043391,14.9717638,0.8754705,0.8754705,0.0003907,8.4999677,2.0
45.8324463,15.1253089,0.8755518,0.8755518,0.0004076,8.4999677,1.5
45.9605409,15.2788643,0.8756361,0.8756361,0.0004211,8.4999677,1.5
46.0886224,15.4324303,0.8757213,0.8757213,0.0004284,8.4999677,1.5
46.2166908,15.5860072,0.8758067,0.8758067,0.0004260,8.4999677,1.5
46.3447459,15.7395948,0.8758884,0.8758884,0.0004107,8.4999677,1.5
46.4727884,15.8931928,0.8759634,0.8759634,0.0003787,8.4999677,1.5
46.6008192,16.0468002,0.8760285,0.8760285,0.0003264,8.4999677,1.5
46.7288399,16.2004158,0.8760783,0.8760783,0.0002499,8.4999677,1.5
46.8568528,16.3540376,0.8761067,0.8761067,0.0001455,8.4999677,1.5
46.9848613,16.5076630,0.8761082,0.8761082,0.0000093,8.4999677,1.5
47.1128694,16.6612884,0.8760746,0.8760746,-0.0001624,8.4999677,1.5
47.2408826,16.8149094,0.8759997,0.8759997,-0.0003729,8.4999677,1.5
47.3689072,16.9685207,0.8758740,0.8758740,-0.0006254,8.4999677,1.5
47.4969511,17.1221159,0.8756887,0.8756887,-0.0009223,8.4999677,1.5
47.6250234,17.2756873,0.8754349,0.8754349,-0.0012658,8.4999678,1.5
47.7531346,17.4292261,0.8751032,0.8751032,-0.0016569,8.4999678,1.5
47.8812968,17.5827225,0.8746832,0.8746832,-0.0020958,8.4999678,1.5
48.0095235,17.7361651,0.8741662,0.8741662,-0.0025817,8.4999678,1.5
48.1378296,17.8895415,0.8735434,0.8735434,-0.0031121,8.4999678,1.5
48.2662314,18.0428382,0.8728063,0.8728063,-0.0036834,8.4999679,1.5
48.3947464,18.1960405,0.8719479,0.8719479,-0.0042902,8.4999679,1.5
48.5233931,18.3491327,0.8709632,0.8709632,-0.0049246,8.4999679,1.5
48.6521912,18.5020990,0.8698471,0.8698471,-0.0055797,8.4999679,1.5
48.7811599,18.6549214,0.8685912,0.8685912,-0.0062639,8.4999680,2.0
48.9103228,18.8075845,0.8670999,0.8670999,-0.0073289,8.4999680,2.0
49.0397217,18.9600648,0.8653595,0.8653595,-0.0090353,8.4999680,2.0
49.1693858,19.1123197,0.8637308,0.8637308,-0.0080599,8.4999680,1.5
49.2992919,19.2643564,0.8621590,0.8621590,-0.0078198,8.4999680,1.5
49.4294361,19.4161879,0.8605978,0.8605978,-0.0078440,8.4999680,1.5
49.5598156,19.5678142,0.8590813,0.8590813,-0.0076093,8.4999680,1.5
49.6904230,19.7192404,0.8576448,0.8576448,-0.0072208,8.4999679,1.5
49.8212482,19.8704793,0.8563319,0.8563319,-0.0066045,8.4999679,1.5
49.9522739,20.0215487,0.8551897,0.8551897,-0.0057513,8.4999678,1.5
50.0834736,20.1724701,0.8542726,0.8542726,-0.0046274,8.4999677,1.5
50.2148127,20.3232723,0.8536410,0.8536410,-0.0031999,8.4999676,1.5
50.3462477,20.4739923,0.8533633,0.8533633,-0.0014312,8.4999675,1.5
50.4777248,20.6246761,0.8535154,0.8535154,0.0007185,8.4999674,1.5
50.6091789,20.7753798,0.8541830,0.8541830,0.0032904,8.4999673,1.5
50.7405320,20.9261708,0.8554573,0.8554573,0.0063263,8.4999672,1.5
50.8716921,21.0771282,0.8574401,0.8574401,0.0098668,8.4999670,1.5
51.0025516,21.2283442,0.8602399,0.8602399,0.0139500,8.4999669,1.5
51.1329861,21.3799247,0.8639717,0.8639717,0.0186084,8.4999668,1.5
51.2628525,21.5319891,0.8687547,0.8687547,0.0238646,8.4999668,1.5
51.3919884,21.6846709,0.8747090,0.8747090,0.0297259,8.4999668,1.5
51.5202109,21.8381165,0.8819536,0.8819536,0.0361786,8.4999669,1.5
51.6473161,21.9924842,0.8905973,0.8905973,0.0431800,8.4999672,1.5
51.7730796,22.1479415,0.9007437,0.9007437,0.0506852,8.4999676,1.5
51.8972563,22.3046630,0.9124981,0.9124981,0.0587789,8.4999684,1.5
52.0195789,22.4628289,0.9258992,0.9258992,0.0670762,8.4999692,1.5
52.1397728,22.6226222,0.9409129,0.9409129,0.0751539,8.4999700,1.5
52.2575804,22.7842380,0.9574592,0.9574592,0.0828305,8.4999703,1.5
52.3726964,22.9477788,0.9754090,0.9754090,0.0898484,8.4999698,1.5
52.4848554,23.1133549,0.9946024,0.9946024,0.0960540,8.4999683,1.5
52.5938139,23.2810499,1.0148768,1.0148768,0.1014069,8.4999658,1.5
52.6993380,23.4508995,1.0361943,1.0361943,0.1066837,8.4999623,1.5
52.8011935,23.6229191,1.0582694,1.0582694,0.1105996,8.4999583,1.5
52.8992423,23.7971720,1.0807318,1.0807318,0.1122887,8.4999545,1.5
52.9933659,23.9736082,1.1036276,1.1036276,0.1145181,8.4999518,1.5
53.0834221,24.1521462,1.1268728,1.1268728,0.1162652,8.4999504,1.5
53.1693037,24.3327281,1.1503879,1.1503879,0.1176205,8.4999496,1.5
53.2509142,24.5152764,1.1741036,1.1741036,0.1186331,8.4999492,1.5
53.3281713,24.6997048,1.1979666,1.1979666,0.1193708,8.4999493,1.5
53.4010103,24.8859356,1.2219345,1.2219345,0.1198825,8.4999508,1.5
53.4693689,25.0738686,1.2459756,1.2459756,0.1202289,8.4999578,1.5
53.5331896,25.2633892,1.2700645,1.2700645,0.1204611,8.4999767,1.5
53.5924262,25.4543898,1.2941838,1.2941838,0.1206081,8.4999874,1.5
53.6470382,25.6467599,1.3183241,1.3183241,0.1207156,8.4999606,1.5
53.6969897,25.8403876,1.3424760,1.3424760,0.1207773,8.4999214,1.5
53.7422493,26.0351595,1.3666260,1.3666260,0.1207742,8.4999039,1.5
53.7827910,26.2309607,1.3907636,1.3907636,0.1207159,8.4999118,1.5
53.8185938,26.4276758,1.4148791,1.4148791,0.1206145,8.4999320,1.5
53.8496433,26.6252004,1.4389702,1.4389702,0.1204748,8.4999505,1.5
53.8759309,26.8234551,1.4630306,1.4630306,0.1203110,8.4999603,1.5
53.8974404,27.0222769,1.4870548,1.4870548,0.1201350,8.4999582,1.5
53.9141669,27.2215494,1.5110401,1.5110401,0.1199410,8.4999468,1.5
53.9261089,27.4211566,1.5349822,1.5349822,0.1197327,8.4999322,1.5
53.9332686,27.6209840,1.5588790,1.5588790,0.1195124,8.4999215,1.5
53.9356514,27.8209184,1.5827299,1.5827299,0.1192828,8.4999216,1.5
53.9332654,28.0208485,1.6065386,1.6065386,0.1190575,8.4999361,1.5
53.9261196,28.2206891,1.6303092,1.6303092,0.1188554,8.4999603,1.5
53.9142259,28.4203041,1.6540443,1.6540443,0.1186993,8.4999809,1.5
53.8975991,28.6195688,1.6777645,1.6777645,0.1186354,8.4999797,1.5
53.8762507,28.8183841,1.7014545,1.7014545,0.1183792,8.4999097,1.5
53.8502001,29.0166280,1.7253347,1.7253347,0.1194828,8.4997357,1.5
53.8194266,29.2141720,1.7494027,1.7494027,0.1206046,8.4995175,2.0
53.7838940,29.4109957,1.7733172,1.7733172,0.1193537,8.4994674,2.0
53.7436831,29.6068256,1.7971613,1.7971613,0.1193122,8.4999276,2.0
53.6988187,29.8016237,1.8209143,1.8209143,0.1188732,8.4999606,2.0
53.6493343,29.9953250,1.8444119,1.8444119,0.1175923,8.4999629,2.0
53.5953071,30.1878293,1.8674066,1.8674066,0.1150834,8.4999643,1.5
53.5368630,30.3790568,1.8895328,1.8895328,0.1107628,8.4999652,1.5
53.4741986,30.5689560,1.9102731,1.9102731,0.1038631,8.4999658,1.5
53.4076068,30.7575221,1.9289779,1.9289779,0.0936911,8.4999662,1.5
53.3374983,30.9448136,1.9450344,1.9450344,0.0803493,8.4999664,1.5
53.2643911,31.1309569,1.9581311,1.9581311,0.0653869,8.4999666,1.5
53.1888525,31.3161265,1.9684017,1.9684017,0.0511411,8.4999667,1.5
53.1114168,31.5005089,1.9762985,1.9762985,0.0392388,8.4999668,1.5
53.0325286,31.6842715,1.9823499,1.9823499,0.0300511,8.4999669,1.5
52.9525312,31.8675502,1.9870196,1.9870196,0.0231899,8.4999671,1.5
52.8716803,32.0504500,1.9906570,1.9906570,0.0180765,8.4999672,1.5
52.7901659,32.2330517,1.9935135,1.9935135,0.0142073,8.4999673,1.5
52.7081311,32.4154179,1.9957672,1.9957672,0.0112137,8.4999674,1.5
52.6256859,32.5975979,1.9975425,1.9975425,0.0088438,8.4999676,1.5
52.5429172,32.7796317,1.9989339,1.9989339,0.0069300,8.4999677,1.5
52.4598945,32.9615519,2.0000097,2.0000097,0.0053610,8.4999678,1.5
52.3766749,33.1433854,2.0008242,2.0008242,0.0040620,8.4999679,1.5
52.2933056,33.3251546,2.0014225,2.0014225,0.0029811,8.4999680,1.5
52.2098258,33.5068777,2.0018407,2.0018407,0.0020815,8.4999681,1.5
52.1262683,33.6885696,2.0021084,2.0021084,0.0013361,8.4999682,1.5
52.0426607,33.8702423,2.0022544,2.0022544,0.0007242,8.4999682,2.0
51.9590256,34.0519049,2.0023013,2.0023013,0.0002295,8.4999683,1.5
51.8753816,34.2335644,2.0022699,2.0022699,-0.0001609,8.4999683,1.5
51.7917437,34.4152257,2.0021792,2.0021792,-0.0004586,8.4999684,1.5
51.7081235,34.5968919,2.0020455,2.0020455,-0.0006711,8.4999684,1.5
51.6245296,34.7785649,2.0018819,2.0018819,-0.0008206,8.4999684,1.5
51.5409685,34.9602449,2.0016908,2.0016908,-0.0009662,8.4999684,1.5
51.4574462,35.1419320,2.0015155,2.0015155,-0.0009473,8.4999684,1.5
51.3739589,35.3236269,2.0014261,2.0014261,-0.0004197,8.4999683,1.5
51.2904880,35.5053289,2.0014146,2.0014146,-0.0000684,8.4999683,1.5
51.2070060,35.6870606,2.0014854,2.0014854,0.0003562,8.4999682,2.0
51.1235108,35.8687871,2.0016397,2.0016397,0.0007721,8.4999682,2.0
51.0399876,36.0505006,2.0018745,2.0018745,0.0011807,8.4999681,1.5
50.9564222,36.2321935,2.0021848,2.0021848,0.0015558,8.4999680,1.5
50.8728011,36.4138590,2.0025580,2.0025580,0.0018747,8.4999679,1.5
50.7891132,36.5954911,2.0029778,2.0029778,0.0021092,8.4999678,1.5
50.7053502,36.7770856,2.0034210,2.0034210,0.0022274,8.4999676,1.5
50.6215080,36.9586402,2.0038563,2.0038563,0.0021926,8.4999675,1.5
50.5375883,37.1401550,2.0042454,2.0042454,0.0019629,8.4999673,1.5
50.4535996,37.3216336,2.0045387,2.0045387,0.0014910,8.4999672,1.5
50.3695596,37.5030834,2.0046776,2.0046776,0.0007244,8.4999670,1.5
50.2854966,37.6845168,2.0045916,2.0045916,-0.0003949,8.4999668,1.5
50.2014518,37.8659518,2.0041972,2.0041972,-0.0019288,8.4999666,1.5
50.1174815,38.0474136,2.0033978,2.0033978,-0.0039429,8.4999664,1.5
50.0336596,38.2289353,2.0020830,2.0020830,-0.0065039,8.4999661,1.5
49.9500800,38.4105593,2.0001306,2.0001306,-0.0096773,8.4999659,1.5
49.8668410,38.5923771,1.9974043,1.9974043,-0.0135400,8.4999657,1.5
49.7840796,38.7744616,1.9937571,1.9937571,-0.0181514,8.4999656,1.5
49.7019867,38.9568382,1.9890382,1.9890382,-0.0235275,8.4999655,1.5
49.6207601,39.1395894,1.9830932,1.9830932,-0.0296742,8.4999655,1.5
49.5406268,39.3228079,1.9757727,1.9757727,-0.0365621,8.4999657,1.5
49.4618422,39.5065957,1.9669411,1.9669411,-0.0441308,8.4999661,1.5
49.3846884,39.6910611,1.9564585,1.9564585,-0.0524022,8.4999667,1.5
49.3094757,39.8763172,1.9442314,1.9442314,-0.0611587,8.4999676,1.5
49.2365351,40.0624755,1.9302628,1.9302628,-0.0699002,8.4999684,1.5
49.1662005,40.2496382,1.9146149,1.9146149,-0.0782825,8.4999689,1.5
49.0987967,40.4378964,1.8974028,1.8974028,-0.0862406,8.4999686,1.5
49.0346464,40.6272769,1.8786643,1.8786643,-0.0935582,8.4999674,1.5
48.9740791,40.8177531,1.8584678,1.8584678,-0.1014227,8.4999652,1.5
48.9173638,41.0094374,1.8374518,1.8374518,-0.1050971,8.4999622,1.5
48.8646700,41.2023414,1.8157070,1.8157070,-0.1087616,8.4999590,1.5
48.8161808,41.3963543,1.7933094,1.7933094,-0.1120459,8.4999566,1.5
48.7720463,41.5914156,1.7704222,1.7704222,-0.1144843,8.4999570,1.5
48.7323860,41.7874426,1.7471894,1.7471894,-0.1162134,8.4999598,1.5
48.6972898,41.9843406,1.7237288,1.7237288,-0.1173597,8.4999622,1.5
48.6668222,42.1820076,1.7001398,1.7001398,-0.1180219,8.4999639,1.5
48.6410280,42.3803183,1.6765128,1.6765128,-0.1182312,8.4999650,1.5
48.6199302,42.5791439,1.6529327,1.6529327,-0.1180002,8.4999656,2.0
48.6035255,42.7784197,1.6294823,1.6294823,-0.1173364,8.4999658,2.0
48.5917976,42.9780317,1.6062662,1.6062662,-0.1161671,8.4999659,2.0
48.5847065,43.1778669,1.5834174,1.5834174,-0.1143399,8.4999659,2.0
48.5821828,43.3778158,1.5611226,1.5611226,-0.1115835,8.4999659,1.5
48.5841172,43.5777745,1.5396598,1.5396598,-0.1074579,8.4999659,1.5
48.5903426,43.7776484,1.5194275,1.5194275,-0.1013351,8.4999662,1.5
48.6006105,43.9773582,1.5009543,1.5009543,-0.0925517,8.4999666,1.5
48.6145659,44.1768471,1.4847998,1.4847998,-0.0809055,8.4999667,1.5
48.6317422,44.3760869,1.4713543,1.4713543,-0.0672637,8.4999668,1.5
48.6515959,44.5750794,1.4606533,1.4606533,-0.0534366,8.4999668,1.5
48.6735779,44.7738486,1.4524078,1.4524078,-0.0411158,8.4999668,1.5
48.6971981,44.9724298,1.4461730,1.4461730,-0.0310637,8.4999668,1.5
48.7220559,45.1708596,1.4415100,1.4415100,-0.0232289,8.4999668,1.5
48.7478387,45.3691713,1.4380540,1.4380540,-0.0172149,8.4999668,1.5
48.7743067,45.5673926,1.4355265,1.4355265,-0.0125941,8.4999668,1.5
48.8012756,45.7655462,1.4337144,1.4337144,-0.0090217,8.4999668,1.5
48.8286037,45.9636518,1.4324588,1.4324588,-0.0062581,8.4999668,1.5
48.8561800,46.1617192,1.4316431,1.4316431,-0.0040667,8.4999669,1.5
48.8839196,46.3597765,1.4312109,1.4312109,-0.0021225,8.4999669,1.5
48.9117456,46.5578275,1.4310009,1.4310009,-0.0010313,8.4999669,1.5
48.9396088,46.7558415,1.4308943,1.4308943,-0.0005209,8.4999669,1.5
48.9674912,46.9538390,1.4308554,1.4308554,-0.0001707,8.4999669,1.5
48.9953816,47.1518376,1.4308045,1.4308045,-0.0002317,8.4999669,1.5
49.0232820,47.3498342,1.4306586,1.4306586,-0.0007039,8.4999669,1.5
49.0512114,47.5478275,1.4303386,1.4303386,-0.0015684,8.4999670,1.5
49.0792044,47.7458135,1.4297727,1.4297727,-0.0027992,8.4999670,1.5
49.1073098,47.9437862,1.4288938,1.4288938,-0.0043639,8.4999670,1.5
49.1355897,48.1417377,1.4276424,1.4276424,-0.0062226,8.4999670,1.5
49.1641180,48.3396586,1.4259711,1.4259711,-0.0083282,8.4999671,1.5
49.1929771,48.5375320,1.4238431,1.4238431,-0.0106267,8.4999671,1.5
49.2222566,48.7353393,1.4212341,1.4212341,-0.0130384,8.4999672,1.5
49.2520516,48.9330664,1.4181391,1.4181391,-0.0154841,8.4999672,1.5
49.2824581,49.1306982,1.4145668,1.4145668,-0.0178748,8.4999673,2.0
49.3135702,49.3282189,1.4105490,1.4105490,-0.0201112,8.4999674,2.0
49.3454756,49.5256127,1.4061377,1.4061377,-0.0220837,8.4999674,2.0
49.3782515,49.7228641,1.4014098,1.4014098,-0.0236721,8.4999675,1.5
49.4119597,49.9199589,1.3964679,1.3964679,-0.0247457,8.4999675,1.5
49.4466417,50.1168858,1.3914440,1.3914440,-0.0251650,8.4999675,1.5
49.4823128,50.3136371,1.3864963,1.3864963,-0.0247855,8.4999675,1.5
49.5189571,50.5102104,1.3818139,1.3818139,-0.0234639,8.4999675,1.5
49.5565216,50.7066109,1.3776120,1.3776120,-0.0210661,8.4999674,1.5
49.5949111,50.9028522,1.3741280,1.3741280,-0.0174792,8.4999672,1.5
49.6339841,51.0989587,1.3716146,1.3716146,-0.0126276,8.4999670,1.5
49.6735498,51.2949660,1.3703285,1.3703285,-0.0064815,8.4999668,1.5
49.7133674,51.4909215,1.3705269,1.3705269,0.0009450,8.4999668,1.5
49.7531458,51.6868833,1.3724490,1.3724490,0.0095830,8.4999670,1.5
49.7925474,51.8829209,1.3763052,1.3763052,0.0192727,8.4999678,1.5
49.8311918,52.0791042,1.3822519,1.3822519,0.0297359,8.4999697,1.5
49.8686701,52.2755202,1.3904160,1.3904160,0.0408815,8.4999728,1.5
49.9045411,52.4722219,1.4006925,1.4006925,0.0514748,8.4999761,1.5
49.9383836,52.6692513,1.4129185,1.4129185,0.0612098,8.4999778,1.5
49.9698212,52.8667203,1.4270501,1.4270501,0.0707009,8.4999771,1.5
49.9984740,53.0646745,1.4428758,1.4428758,0.0792283,8.4999730,1.5
50.0239920,53.2630685,1.4600248,1.4600248,0.0858280,8.4999624,1.5
50.0461048,53.4618767,1.4782298,1.4782298,0.0911072,8.4999372,1.5
50.0645956,53.6610627,1.4972925,1.4972925,0.0954218,8.4998719,1.5
50.0792835,53.8605276,1.5170578,1.5170578,0.0989504,8.4996776,1.5
50.0900211,54.0601472,1.5374258,1.5374258,0.1019215,8.4995020,1.5
50.0966920,54.2599769,1.5583421,1.5583421,0.1046129,8.4996202,1.5
50.0991824,54.4599307,1.5797734,1.5797734,0.1071516,8.4997792,1.5
50.0973871,54.6599132,1.6016979,1.6016979,0.1096018,8.4999233,1.5
50.0912077,54.8598201,1.6241094,1.6241094,0.1120261,8.4999916,1.5
50.0805500,55.0595384,1.6470092,1.6470092,0.1144822,8.4996054,1.0
50.0653230,55.2589471,1.6704063,1.6704063,0.1170001,8.4982748,1.5
50.0454378,55.4579171,1.6943089,1.6943089,0.1195744,8.4961078,1.5
50.0208018,55.6563633,1.7187244,1.7187244,0.1221296,8.4931067,1.5
49.9913207,55.8542010,1.7436554,1.7436554,0.1246485,8.4893149,1.5
49.9569147,56.0512553,1.7690960,1.7690960,0.1271594,8.4848051,2.0
49.9175069,56.2473721,1.7950358,1.7950358,0.1296353,8.4795952,1.0
49.8730276,56.4423925,1.8214563,1.8214563,0.1320376,8.4737078,1.0
49.8234160,56.6361537,1.8483291,1.8483291,0.1343138,8.4671726,1.0
49.7686217,56.8284920,1.8756119,1.8756119,0.1363938,8.4600266,1.0
49.7086068,57.0192453,1.9032449,1.9032449,0.1381842,8.4523144,1.0
49.6433485,57.2082557,1.9311443,1.9311443,0.1395628,8.4440875,1.0
49.5728427,57.3953729,1.9592005,1.9592005,0.1403704,8.4354033,1.0
49.4971085,57.5804558,1.9872592,1.9872592,0.1404032,8.4263246,1.0
49.4161969,57.7633744,2.0151201,2.0151201,0.1394007,8.4169182,1.5
49.3302021,57.9440079,2.0425108,2.0425108,0.1370503,8.4072550,1.5
49.2392783,58.1222463,2.0690853,2.0690853,0.1329665,8.3974097,1.5
49.1436628,58.2979833,2.0943705,2.0943705,0.1266164,8.3874610,1.5
49.0436870,58.4711563,2.1181621,2.1181621,0.1190238,8.3774927,1.5
48.9397660,58.6416621,2.1404056,2.1404056,0.1125996,8.3675864,1.5
48.8321306,58.8097328,2.1598621,2.1598621,0.0950794,8.3578474,1.0
48.7209404,58.9761345,2.1777433,2.1777433,0.0892276,8.3484602,1.0
48.6069428,59.1403053,2.1949482,2.1949482,0.0859097,8.3394978,1.0
48.4901599,59.3024597,2.2120682,2.2120682,0.0851928,8.3310546,1.0
48.3705843,59.4626365,2.2297035,2.2297035,0.0881013,8.3233341,1.0
48.2481959,59.6206885,2.2482924,2.2482924,0.0929100,8.3162564,1.0
48.1227717,59.7765863,2.2680572,2.2680572,0.0987257,8.3098364,1.0
47.9945035,59.9297210,2.2890734,2.2890734,0.1052071,8.3042389,2.0
47.8629792,60.0802023,2.3113297,2.3113297,0.1113910,8.2994162,2.0
47.7280165,60.2278529,2.3347110,2.3347110,0.1169121,8.2954139,2.0
47.5895312,60.3724201,2.3590181,2.3590181,0.1216077,8.2922940,2.0
47.4478575,60.5132960,2.3840628,2.3840628,0.1254104,8.2902315,2.0
47.3026763,60.6506027,2.4096993,2.4096993,0.1283192,8.2891828,2.0
47.1539583,60.7842010,2.4357695,2.4357695,0.1304256,8.2891680,2.0
47.0017656,60.9139136,2.4621294,2.4621294,0.1318360,8.2902110,1.0
46.8461831,61.0395891,2.4886584,2.4886584,0.1326591,8.2923149,1.5
46.6873127,61.1611003,2.5152567,2.5152567,0.1330009,8.2954537,2.0
46.5252679,61.2783426,2.5418468,2.5418468,0.1329629,8.2995619,1.0
46.3601704,61.3912303,2.5683720,2.5683720,0.1326415,8.3045223,1.5
46.1921468,61.4996932,2.5947941,2.5947941,0.1321279,8.3101559,1.5
46.0213264,61.6036731,2.6210901,2.6210901,0.1315049,8.3162165,1.5
45.8478398,61.7031207,2.6472559,2.6472559,0.1308461,8.3223934,1.5
45.6718170,61.7979920,2.6732926,2.6732926,0.1302038,8.3283248,1.5
45.4933872,61.8882470,2.6992142,2.6992142,0.1296233,8.3336213,1.5
45.3126785,61.9738468,2.7250306,2.7250306,0.1290918,8.3378967,1.0
45.1298182,62.0547543,2.7507610,2.7507610,0.1286736,8.3408013,1.0
44.9449327,62.1309322,2.7764021,2.7764021,0.1281373,8.3420533,1.5
44.7581489,62.2023472,2.8021341,2.8021341,0.1286828,8.3414663,1.0
44.5695730,62.2689386,2.8279401,2.8279401,0.1290755,8.3389765,1.0
44.3793221,62.3306483,2.8533486,2.8533486,0.1270717,8.3346742,2.0
44.1875622,62.3875054,2.8781557,2.8781557,0.1239210,8.3288521,2.0
43.9944565,62.4395870,2.9025161,2.9025161,0.1218468,8.3220955,2.0
43.8001472,62.4869476,2.9262916,2.9262916,0.1189513,8.3154589,1.0
43.6047831,62.5296719,2.9493022,2.9493022,0.1153178,8.3108323,1.0
43.4085074,62.5678860,2.9711715,2.9711715,0.1100489,8.3117203,1.0
43.2114221,62.6018025,2.9909636,2.9909636,0.1008218,8.3283566,1.0
43.0136921,62.6318137,3.0061654,3.0061654,0.0782778,8.3788395,1.0
42.8155280,62.6588158,3.0131730,3.0131730,0.0344268,8.4732649,1.5
42.6171787,62.6844287,3.0119420,3.0119420,-0.0067325,8.4999618,1.5
42.4188584,62.7102861,3.0044948,3.0044948,-0.0375035,8.4999795,1.5
42.2207354,62.7376198,2.9924659,2.9924659,-0.0603024,8.4999793,1.5
42.0229567,62.7673345,2.9769590,2.9769590,-0.0776474,8.4999737,1.5
41.8256640,62.8001122,2.9588142,2.9588142,-0.0908071,8.4999514,1.5
41.6290003,62.8364638,2.9386312,2.9386312,-0.1009701,8.4971298,1.5
41.4331117,62.8767767,2.9167494,2.9167494,-0.1094028,8.4880302,1.5
41.2381512,62.9213662,2.8933936,2.8933936,-0.1168609,8.4822246,1.5
41.0442796,62.9704980,2.8689656,2.8689656,-0.1222438,8.4905584,1.5
40.8516547,63.0243537,2.8438195,2.8438195,-0.1257313,8.4956714,1.5
40.6604293,63.0830404,2.8181314,2.8181314,-0.1284400,8.4984687,1.5
40.4707574,63.1466251,2.7920906,2.7920906,-0.1301900,8.4996916,1.5
40.2827980,63.2151296,2.7659257,2.7659257,-0.1308335,8.4999941,1.5
40.0967185,63.2885188,2.7399373,2.7399373,-0.1300276,8.4998969,1.5
39.9126967,63.3666813,2.7145402,2.7145402,-0.1272617,8.4996626,1.5
39.7309134,63.4494033,2.6902667,2.6902667,-0.1218072,8.4994591,1.5
39.5511634,63.5365266,2.6677377,2.6677377,-0.1128565,8.4993739,1.5
39.3728443,63.6279731,2.6476873,2.6476873,-0.1005474,8.4994238,1.5
39.1969029,63.7227026,2.6303528,2.6303528,-0.0860871,8.4995542,1.5
39.0228543,63.8203417,2.6144722,2.6144722,-0.0793368,8.4997048,1.5
38.8503295,63.9207607,2.5990808,2.5990808,-0.0763641,8.4998044,1.5
38.6788453,64.0241398,2.5824774,2.5824774,-0.0822072,8.4998387,1.5
38.5097745,64.1299304,2.5635085,2.5635085,-0.0951443,8.4998121,1.5
38.3423178,64.2391848,2.5422392,2.5422392,-0.1064899,8.4997622,1.5
38.1768745,64.3522137,2.5191112,2.5191112,-0.1157821,8.4997129,1.5
38.0145787,64.4686872,2.4946145,2.4946145,-0.1228046,8.4996846,1.5
37.8552075,64.5890837,2.4691322,2.4691322,-0.1276426,8.4996831,2.0
37.6988235,64.7136071,2.4430084,2.4430084,-0.1307142,8.4997046,2.0
37.5456813,64.8422268,2.4165323,2.4165323,-0.1324077,8.4997420,2.0
37.3959751,64.9748756,2.3899202,2.3899202,-0.1330502,8.4997863,2.0
37.2498498,65.1114626,2.3633358,2.3633358,-0.1329046,8.4998297,2.0
37.1074122,65.2518802,2.3368945,2.3368945,-0.1321789,8.4998669,2.0
36.9687421,65.3960090,2.3106810,2.3106810,-0.1310358,8.4998957,2.0
36.8338997,65.5437203,2.2847524,2.2847524,-0.1296026,8.4999161,2.0
36.7029312,65.6948789,2.2591471,2.2591471,-0.1279784,8.4999295,2.0
36.5758727,65.8493447,2.2338875,2.2338875,-0.1262405,8.4999375,1.5
36.4527524,66.0069750,2.2089873,2.2089873,-0.1244492,8.4999412,1.5
36.3335921,66.1676256,2.1844466,2.1844466,-0.1226523,8.4999412,1.5
36.2184090,66.3311529,2.1602614,2.1602614,-0.1208880,8.4999378,1.5
36.1072161,66.4974149,2.1364200,2.1364200,-0.1191881,8.4999321,1.5
36.0000236,66.6662721,2.1129049,2.1129049,-0.1175800,8.4999263,1.5
35.8968394,66.8375892,2.0896937,2.0896937,-0.1160894,8.4999245,1.5
35.7976700,67.0112359,2.0667553,2.0667553,-0.1147260,8.4999312,1.5
35.7025052,67.1871195,2.0440540,2.0440540,-0.1135091,8.4999483,1.5
35.6113491,67.3651341,2.0215493,2.0215493,-0.1125011,8.4999689,1.5
35.5242174,67.5451642,1.9991974,1.9991974,-0.1117233,8.4999855,1.5
35.4411296,67.7271001,1.9769483,1.9769483,-0.1112063,8.4999845,1.5
35.3621106,67.9108379,1.9547461,1.9547461,-0.1109677,8.4999188,1.5
35.2871923,68.0962793,1.9325367,1.9325367,-0.1110111,8.4997539,1.5
35.2164133,68.2833318,1.9102651,1.9102651,-0.1113215,8.4995180,1.5
35.1498207,68.4719050,1.8878675,1.8878675,-0.1119627,8.4993513,2.0
35.0874767,68.6618959,1.8652442,1.8652442,-0.1131381,8.4995372,2.0
35.0294529,68.8532274,1.8423784,1.8423784,-0.1144014,8.4999534,2.0
34.9758177,69.0458396,1.8193831,1.8193831,-0.1150635,8.4999648,2.0
34.9266247,69.2396371,1.7964352,1.7964352,-0.1148641,8.4999663,1.5
34.8818907,69.4345159,1.7738289,1.7738289,-0.1132155,8.4999672,1.5
34.8415726,69.6303592,1.7520271,1.7520271,-0.1092707,8.4999677,1.5
34.8055330,69.8270375,1.7317142,1.7317142,-0.1018989,8.4999680,1.5
34.7734953,70.0244095,1.7137365,1.7137365,-0.0902069,8.4999681,1.5
34.7450106,70.2223275,1.6988325,1.6988325,-0.0746822,8.4999681,1.5
34.7194786,70.4206490,1.6872842,1.6872842,-0.0577162,8.4999680,1.5
34.6962386,70.6192516,1.6788372,1.6788372,-0.0421081,8.4999679,1.5
34.6746772,70.8180415,1.6729528,1.6729528,-0.0292956,8.4999679,1.5
34.6542862,71.0169522,1.6690701,1.6690701,-0.0193131,8.4999678,1.5
34.6346679,71.2159382,1.6667364,1.6667364,-0.0116003,8.4999677,1.5
34.6155142,71.4149677,1.6656169,1.6656169,-0.0055463,8.4999677,1.5
34.5965834,71.6140176,1.6654751,1.6654751,-0.0006724,8.4999676,1.5
34.5776808,71.8130705,1.6661387,1.6661387,0.0033523,8.4999676,1.5
34.5586460,72.0121120,1.6674812,1.6674812,0.0067434,8.4999676,1.5
34.5393438,72.2111299,1.6694030,1.6694030,0.0096360,8.4999676,1.5
34.5196589,72.4101129,1.6718189,1.6718189,0.0121107,8.4999676,1.5
34.4994931,72.6090501,1.6746551,1.6746551,0.0142114,8.4999677,2.0
34.4787630,72.8079308,1.6778395,1.6778395,0.0159557,8.4999677,2.0
34.4573997,73.0067444,1.6813016,1.6813016,0.0173452,8.4999677,2.0
34.4353485,73.2054804,1.6849669,1.6849669,0.0183630,8.4999678,1.5
34.4125696,73.4041292,1.6887579,1.6887579,0.0190028,8.4999679,1.5
34.3890387,73.6026824,1.6925906,1.6925906,0.0191943,8.4999679,1.5
34.3647483,73.8011332,1.6963856,1.6963856,0.0190592,8.4999680,1.5
34.3397063,73.9994798,1.7000445,1.7000445,0.0181105,8.4999680,1.5
34.3139406,74.1977191,1.7038384,1.7038384,0.0190565,8.4999681,1.5
34.2874198,74.3958830,1.7076708,1.7076708,0.0197247,8.4999682,1.5
34.2601265,74.5940401,1.7099251,1.7099251,0.0112031,8.4999682,1.5
34.2323788,74.7921906,1.7100546,1.7100546,0.0005590,8.4999683,1.5
34.2046052,74.9903392,1.7083790,1.7083790,-0.0083086,8.4999683,1.5
34.1771643,75.1885294,1.7046590,1.7046590,-0.0185498,8.4999684,1.5
34.1504658,75.3867836,1.6987597,1.6987597,-0.0294125,8.4999687,1.5
34.1249444,75.5851368,1.6905242,1.6905242,-0.0411424,8.4999693,1.5
34.1010657,75.7836244,1.6798089,1.6798089,-0.0536032,8.4999703,1.5
34.0793129,75.9823772,1.6664869,1.6664869,-0.0667919,8.4999719,1.5
34.0601959,76.1815465,1.6505410,1.6505410,-0.0799336,8.4999738,1.5
34.0442580,76.3809842,1.6320841,1.6320841,-0.0925317,8.4999753,2.0
34.0320064,76.5806368,1.6113556,1.6113556,-0.1040320,8.4999759,2.0
34.0238996,76.7804024,1.5887981,1.5887981,-0.1134525,8.4999749,2.0
34.0203042,76.9801061,1.5650736,1.5650736,-0.1195278,8.4999719,2.0
34.0214509,77.1804788,1.5412708,1.5412708,-0.1195928,8.4999659,1.5
34.0273690,77.3808610,1.5190688,1.5190688,-0.1118837,8.4999569,1.5
34.0377126,77.5806458,1.4999434,1.4999434,-0.0948916,8.4999464,1.5
34.0517973,77.7791010,1.4829657,1.4829657,-0.0872581,8.4999385,1.5
34.0692734,77.9775640,1.4686586,1.4686586,-0.0698610,8.4999389,1.5
34.0896666,78.1765330,1.4540826,1.4540826,-0.0728783,8.4999444,1.5
34.1130083,78.3756152,1.4388112,1.4388112,-0.0784058,8.4999535,1.5
34.1392505,78.5732863,1.4256773,1.4256773,-0.0669860,8.4999610,1.5
34.1681454,78.7709983,1.4177576,1.4177576,-0.0398657,8.4999658,1.5
34.1986331,78.9686562,1.4165599,1.4165599,-0.0055725,8.4999701,1.5
34.2293681,79.1663455,1.4215726,1.4215726,0.0255298,8.4999738,1.5
34.2591161,79.3642153,1.4315559,1.4315559,0.0502175,8.4999762,1.5
34.2868903,79.5623939,1.4453976,1.4453976,0.0693519,8.4999766,1.5
34.3119215,79.7609594,1.4622226,1.4622226,0.0841424,8.4999744,1.5
34.3336102,79.9599340,1.4813345,1.4813345,0.0955073,8.4999684,1.5
34.3514923,80.1592857,1.5021709,1.5021709,0.1040962,8.4999571,1.5
34.3652150,80.3589370,1.5247135,1.5247135,0.1123670,8.4999400,1.5
34.3744309,80.5587811,1.5486416,1.5486416,0.1205309,8.4999217,1.5
34.3788616,80.7587376,1.5726303,1.5726303,0.1195941,8.4999131,2.0
34.3784948,80.9587438,1.5970437,1.5970437,0.1220376,8.4999166,2.0
34.3732451,81.1587066,1.6218812,1.6218812,0.1243407,8.4999211,1.5
34.3630288,81.3585194,1.6467889,1.6467889,0.1246186,8.4999278,1.5
34.3478361,81.5580579,1.6713552,1.6713552,0.1229410,8.4999425,1.5
34.3277468,81.7571606,1.6950004,1.6950004,0.1184375,8.4999744,1.5
34.3029705,81.9556144,1.7169549,1.7169549,0.1102160,8.4999847,1.5
34.2738903,82.1531590,1.7362588,1.7362588,0.0971350,8.4999232,1.5
34.2410127,82.3500436,1.7518748,1.7518748,0.0783255,8.4998561,1.5
34.2049291,82.5471314,1.7630257,1.7630257,0.0557434,8.4998402,1.5
34.1668086,82.7429901,1.7703759,1.7703759,0.0361955,8.4998619,1.5
34.1272279,82.9386703,1.7785648,1.7785648,0.0371676,8.4998972,1.5
34.0860819,83.1338502,1.7934111,1.7934111,0.0761116,8.4999217,2.0
34.0419194,83.3289431,1.8132247,1.8132247,0.0982745,8.4999291,2.0
33.9940614,83.5224714,1.8375470,1.8375470,0.1226516,8.4999275,2.0
33.9413539,83.7153533,1.8645079,1.8645079,0.1351807,8.4999296,2.0
33.8834142,83.9069152,1.8925952,1.8925952,0.1405052,8.4999423,2.0
33.8201151,84.0967819,1.9208864,1.9208864,0.1413963,8.4999634,2.0
33.7514800,84.2847560,1.9488366,1.9488366,0.1396162,8.4999826,2.0
33.6776228,84.4707277,1.9761292,1.9761292,0.1362794,8.4999844,2.0
33.5987157,84.6546202,2.0025860,2.0025860,0.1320691,8.4999266,1.5
33.5149676,84.8363696,2.0281096,2.0281096,0.1274138,8.4997783,1.5
33.4266088,85.0159216,2.0526524,2.0526524,0.1225436,8.4995715,1.5
33.3338798,85.1932331,2.0762196,2.0762196,0.1177200,8.4994371,1.5
33.2370152,85.3682795,2.0987364,2.0987364,0.1126513,8.4995749,2.0
33.1362655,85.5410466,2.1199358,2.1199358,0.1062121,8.4999591,2.0
33.0319155,85.7115749,2.1401551,2.1401551,0.0996716,8.4999652,2.0
32.9241464,85.8799472,2.1607494,2.1607494,0.1039511,8.4999665,2.0
32.8129125,86.0460950,2.1810878,2.1810878,0.1018165,8.4999673,1.5
32.6982936,86.2099878,2.2007930,2.2007930,0.0988355,8.4999677,1.5
32.5804756,86.3715794,2.2194417,2.2194417,0.0935738,8.4999679,1.5
32.4596700,86.5309390,2.2364888,2.2364888,0.0855590,8.4999680,1.5
32.3361689,86.6882118,2.2513664,2.2513664,0.0745594,8.4999680,1.5
32.2103433,86.8436279,2.2636886,2.2636886,0.0615995,8.4999679,1.5
32.0826124,86.9974816,2.2734284,2.2734284,0.0485693,8.4999679,1.5
31.9533886,87.1500845,2.2808723,2.2808723,0.0370711,8.4999678,1.5
31.8230318,87.3017220,2.2864491,2.2864491,0.0277637,8.4999678,1.5
31.6918310,87.4526306,2.2905797,2.2905797,0.0205606,8.4999677,1.5
31.5600077,87.6029963,2.2936065,2.2936065,0.0150696,8.4999677,1.5
31.4277297,87.7529625,2.2957896,2.2957896,0.0108733,8.4999676,1.5
31.2951245,87.9026397,2.2973224,2.2973224,0.0076334,8.4999676,1.5
31.1622901,88.0521134,2.2983482,2.2983482,0.0051030,8.4999676,1.5
31.0293024,88.2014508,2.2989733,2.2989733,0.0031097,8.4999676,1.5
30.8962214,88.3507050,2.2992833,2.2992833,0.0015337,8.4999676,1.5
30.7630941,88.4999180,2.2993435,2.2993435,0.0002905,8.4999676,1.5
30.6299579,88.6491229,2.2992096,2.2992096,-0.0006813,8.4999676,1.5
30.4968417,88.7983456,2.2989252,2.2989252,-0.0014290,8.4999676,1.5
30.3637679,88.9476062,2.2985281,2.2985281,-0.0019902,8.4999676,1.5
30.2307534,89.0969196,2.2980506,2.2980506,-0.0023965,8.4999676,1.5
30.0978102,89.2462965,2.2975165,2.2975165,-0.0026757,8.4999676,1.5
29.9649469,89.3957443,2.2969462,2.2969462,-0.0028524,8.4999676,1.5
29.8321688,89.5452679,2.2963574,2.2963574,-0.0029490,8.4999676,1.5
29.6994788,89.6948696,2.2957609,2.2957609,-0.0029858,8.4999676,1.5
29.5668780,89.8445505,2.2951643,2.2951643,-0.0029817,8.4999676,1.5
29.4343666,89.9943104,2.2945741,2.2945741,-0.0029535,8.4999677,1.5
29.3019436,90.1441485,2.2939909,2.2939909,-0.0029166,8.4999677,1.5
29.1696080,90.2940638,2.2934134,2.2934134,-0.0028845,8.4999677,1.5
29.0373590,90.4440555,2.2928401,2.2928401,-0.0028692,8.4999677,1.5
28.9051960,90.5941230,2.2922633,2.2922633,-0.0028807,8.4999677,1.5
28.7731196,90.7442667,2.2916775,2.2916775,-0.0029276,8.4999677,1.5
28.6411312,90.8944877,2.2910740,2.2910740,-0.0030162,8.4999677,1.5
28.5092335,91.0447883,2.2904433,2.2904433,-0.0031511,8.4999677,1.5
28.3774306,91.1951721,2.2897760,2.2897760,-0.0033350,8.4999677,1.5
28.2457281,91.3456438,2.2890615,2.2890615,-0.0035682,8.4999677,1.5
28.1141331,91.4962096,2.2882917,2.2882917,-0.0038491,8.4999677,1.5
27.9826541,91.6468766,2.2874570,2.2874570,-0.0041733,8.4999678,1.5
27.8513009,91.7976533,2.2865496,2.2865496,-0.0045342,8.4999678,1.5
27.7200846,91.9485491,2.2855655,2.2855655,-0.0049223,8.4999678,1.5
27.5890169,92.0995739,2.2845006,2.2845006,-0.0053252,8.4999678,1.5
27.4581100,92.2507383,2.2833554,2.2833554,-0.0057275,8.4999678,2.0
27.3273764,92.4020524,2.2821347,2.2821347,-0.0061104,8.4999678,2.0
27.1968276,92.5535260,2.2808446,2.2808446,-0.0064518,8.4999678,2.0
27.0664743,92.7051679,2.2795016,2.2795016,-0.0067262,8.4999678,1.5
26.9363248,92.8569847,2.2781223,2.2781223,-0.0069042,8.4999679,1.5
26.8063849,93.0089808,2.2767350,2.2767350,-0.0069530,8.4999679,1.5
26.6766560,93.1611570,2.2753696,2.2753696,-0.0068363,8.4999679,1.5
26.5471350,93.3135102,2.2740710,2.2740710,-0.0065145,8.4999679,1.5
26.4178120,93.4660314,2.2728859,2.2728859,-0.0059449,8.4999679,1.5
26.2886698,93.6187058,2.2718742,2.2718742,-0.0050828,8.4999679,1.5
26.1596822,93.7715107,2.2711031,2.2711031,-0.0038814,8.4999679,1.5
26.0308124,93.9244151,2.2706502,2.2706502,-0.0022938,8.4999679,1.5
25.9020119,94.0773778,2.2706013,2.2706013,-0.0002738,8.4999679,1.5
25.7732188,94.2303469,2.2710524,2.2710524,0.0022230,8.4999679,1.5
25.6443566,94.3832580,2.2721057,2.2721057,0.0052351,8.4999679,1.5
25.5153335,94.5360332,2.2738720,2.2738720,0.0088011,8.4999679,1.5
25.3860403,94.6885808,2.2764649,2.2764649,0.0129331,8.4999679,1.5
25.2563528,94.8407917,2.2800055,2.2800055,0.0176837,8.4999679,1.5
25.1261245,94.9925456,2.2845885,2.2845885,0.0229129,8.4999680,1.5
24.9952082,95.1436940,2.2902717,2.2902717,0.0283557,8.4999682,1.5
24.8634460,95.2940834,2.2972542,2.2972542,0.0349196,8.4999684,1.5
24.7306278,95.4435594,2.3056717,2.3056717,0.0420872,8.4999689,1.5
24.5965459,95.5919234,2.3155595,2.3155595,0.0494334,8.4999695,1.5
24.4610046,95.7389533,2.3269952,2.3269952,0.0571836,8.4999703,1.5
24.3237911,95.8844233,2.3400147,2.3400147,0.0651142,8.4999713,1.5
24.1846953,96.0280946,2.3545799,2.3545799,0.0728553,8.4999721,1.5
24.0435221,96.1697244,2.3706149,2.3706149,0.0802092,8.4999726,1.5
23.9000963,96.3090722,2.3880075,2.3880075,0.0870033,8.4999724,1.5
23.7542688,96.4459044,2.4066150,2.4066150,0.0930878,8.4999715,1.5
23.6059207,96.5799995,2.4262822,2.4262822,0.0983955,8.4999697,1.5
23.4549639,96.7111515,2.4468535,2.4468535,0.1029157,8.4999670,1.5
23.3013409,96.8391709,2.4681773,2.4681773,0.1066877,8.4999638,1.5
23.1450228,96.9638859,2.4901195,2.4901195,0.1097817,8.4999604,1.5
22.9860055,97.0851416,2.5125612,2.5125612,0.1122803,8.4999576,1.5
22.8243068,97.2027988,2.5353984,2.5353984,0.1142590,8.4999559,1.5
22.6599634,97.3167330,2.5585531,2.5585531,0.1158441,8.4999552,1.5
22.4930337,97.4268267,2.5819599,2.5819599,0.1171059,8.4999547,1.5
22.3235791,97.5329795,2.6055660,2.6055660,0.1180867,8.4999548,1.5
22.1516643,97.6351040,2.6293315,2.6293315,0.1188662,8.4999560,1.5
21.9773693,97.7331155,2.6532258,2.6532258,0.1195008,8.4999599,1.5
21.8007806,97.8269357,2.6772224,2.6772224,0.1200059,8.4999870,1.5
21.6219899,97.9164926,2.7013033,2.7013033,0.1204215,8.4999778,1.5
21.4410934,98.0017191,2.7254541,2.7254541,0.1207682,8.4993474,1.5
21.2581906,98.0825528,2.7496588,2.7496588,0.1210343,8.4977925,1.5
21.0733844,98.1589364,2.7738998,2.7738998,0.1212179,8.4951997,1.5
20.8867811,98.2308181,2.7981637,2.7981637,0.1213321,8.4914597,1.5
20.6984892,98.2981512,2.8224391,2.8224391,0.1213895,8.4864878,1.5
20.5086192,98.3608938,2.8467157,2.8467157,0.1213979,8.4802361,1.5
20.3172833,98.4190086,2.8709846,2.8709846,0.1213634,8.4726949,1.5
20.1245947,98.4724629,2.8952378,2.8952378,0.1212921,8.4638899,1.5
19.9306677,98.5212283,2.9194705,2.9194705,0.1211808,8.4538753,1.5
19.7356168,98.5652803,2.9436765,2.9436765,0.1210741,8.4427265,1.5
19.5395571,98.6045984,2.9678517,2.9678517,0.1208329,8.4305342,1.5
19.3426019,98.6391661,2.9920521,2.9920521,0.1209892,8.4173529,1.5
19.1448649,98.6689582,3.0163214,3.0163214,0.1213902,8.4033364,1.5
18.9464542,98.6939442,3.0406724,3.0406724,0.1217142,8.3885937,1.5
18.7474887,98.7140923,3.0651790,3.0651790,0.1225280,8.3732083,1.5
18.5480863,98.7293591,3.0898848,3.0898848,0.1235231,8.3572473,1.5
18.3483644,98.7396955,3.1148066,3.1148066,0.1245929,8.3407445,1.5
18.1484459,98.7450518,3.1399551,3.1399551,0.1257249,8.3236741,1.5
17.9484557,98.7453793,-3.1178367,-3.1178367,0.1269413,8.3060273,1.5
17.7485223,98.7406288,-3.0921812,-3.0921812,0.1282540,8.2881128,1.5
17.5487778,98.7307511,-3.0662497,-3.0662497,0.1296358,8.2703007,1.5
17.3493576,98.7156977,-3.0400371,-3.0400371,0.1310412,8.2526620,1.5
17.1504010,98.6954228,-3.0135434,-3.0135434,0.1324455,8.2350952,1.5
16.9520510,98.6698845,-2.9867725,-2.9867725,0.1338346,8.2175310,1.5
16.7544545,98.6390458,-2.9597300,-2.9597300,0.1351898,8.1999355,1.5
16.5577618,98.6028751,-2.9324288,-2.9324288,0.1364866,8.1822974,1.5
16.3621279,98.5613482,-2.9048856,-2.9048856,0.1376933,8.1646250,1.5
16.1677117,98.5144493,-2.8771287,-2.8771287,0.1387690,8.1469471,1.5
15.9746769,98.4621741,-2.8491951,-2.8491951,0.1396612,8.1293116,1.5
15.7831919,98.4045322,-2.8211396,-2.8211396,0.1403038,8.1117799,1.5
15.5934294,98.3415515,-2.7930309,-2.7930309,0.1406158,8.0944191,1.5
15.4055656,98.2732819,-2.7649609,-2.7649609,0.1405015,8.0772950,1.5
15.2197775,98.1998004,-2.7370187,-2.7370187,0.1398523,8.0604693,1.5
15.0359198,98.1210734,-2.7093162,-2.7093162,0.1385204,8.0440282,1.5
14.8541513,98.0372092,-2.6820264,-2.6820264,0.1364467,8.0280333,1.5
14.6748774,97.9484850,-2.6553300,-2.6553300,0.1336101,8.0125176,1.5
14.4982317,97.8551106,-2.6293602,-2.6293602,0.1300052,7.9975345,1.5
14.3240904,97.7571921,-2.6041681,-2.6041681,0.1259771,7.9831706,1.5
14.1521516,97.6547279,-2.5797051,-2.5797051,0.1220620,7.9695603,1.5
13.9830472,97.5482628,-2.5553634,-2.5553634,0.1219782,7.9566681,1.5
13.8166630,97.4377657,-2.5311007,-2.5311007,0.1210691,7.9446108,1.5
13.6529466,97.3232213,-2.5065801,-2.5065801,0.1224305,7.9335327,1.5
13.4918871,97.2045494,-2.4812061,-2.4812061,0.1268615,7.9233275,1.5
13.3340041,97.0819178,-2.4549689,-2.4549689,0.1313085,7.9140595,1.0
13.1794869,96.9552638,-2.4279249,-2.4279249,0.1353493,7.9056989,1.0
13.0282835,96.8243328,-2.4001790,-2.4001790,0.1387211,7.8981856,1.0
12.8806416,96.6891393,-2.3719050,-2.3719050,0.1414145,7.8915413,1.0
12.7371102,96.5500484,-2.3432539,-2.3432539,0.1434149,7.8858913,2.0
12.5976544,96.4069358,-2.3143234,-2.3143234,0.1447735,7.8812169,2.0
12.4623290,96.2597755,-2.2852125,-2.2852125,0.1455924,7.8775169,1.0
12.3313027,96.1086907,-2.2560208,-2.2560208,0.1459585,7.8748270,1.0
12.2047201,95.9538191,-2.2268279,-2.2268279,0.1459496,7.8731809,1.0
12.0827037,95.7953080,-2.1976999,-2.1976999,0.1456332,7.8726101,2.0
11.9653557,95.6333108,-2.1686881,-2.1686881,0.1450663,7.8731450,2.0
11.8527611,95.4679849,-2.1398352,-2.1398352,0.1442960,7.8748154,2.0
11.7449895,95.2994900,-2.1111741,-2.1111741,0.1433604,7.8776517,2.0
11.6421059,95.1280011,-2.0827347,-2.0827347,0.1422837,7.8816958,2.0
11.5441600,94.9536911,-2.0545347,-2.0545347,0.1410831,7.8869952,2.0
11.4511630,94.7766793,-2.0265902,-2.0265902,0.1397926,7.8935581,2.0
11.3631450,94.5971317,-1.9989181,-1.9989181,0.1384203,7.9014292,2.0
11.2801265,94.4152131,-1.9715357,-1.9715357,0.1369682,7.9106611,2.0
11.2021187,94.2310870,-1.9444594,-1.9444594,0.1354325,7.9213167,2.0
11.1291236,94.0449146,-1.9177097,-1.9177097,0.1338046,7.9334711,2.0
11.0611337,93.8568554,-1.8913073,-1.8913073,0.1320691,7.9472139,2.0
10.9981319,93.6670661,-1.8652770,-1.8652770,0.1302132,7.9626495,2.0
10.9400919,93.4757038,-1.8396494,-1.8396494,0.1281992,7.9799037,2.0
10.8869788,93.2829324,-1.8144555,-1.8144555,0.1260532,7.9991412,2.0
10.8387387,93.0888842,-1.7897162,-1.7897162,0.1236143,8.0204432,2.0
10.7953137,92.8937030,-1.7653126,-1.7653126,0.1219260,8.0438952,2.0
10.7566639,92.6975184,-1.7411404,-1.7411404,0.1212160,8.0695198,2.0
10.7227673,92.5004578,-1.7175045,-1.7175045,0.1179531,8.0972371,2.0
10.6935378,92.3026536,-1.6942072,-1.6942072,0.1165177,8.1268181,2.0
10.6689236,92.1042180,-1.6711054,-1.6711054,0.1155021,8.1578756,2.0
10.6488991,91.9052599,-1.6481505,-1.6481505,0.1147720,8.1898844,2.0
10.6334460,91.7058879,-1.6252765,-1.6252765,0.1143546,8.2222179,1.5
10.6225566,91.5062074,-1.6024208,-1.6024208,0.1142644,8.2542055,1.5
10.6162333,91.3063243,-1.5795215,-1.5795215,0.1144751,8.2852013,1.5
10.6144884,91.1063449,-1.5565380,-1.5565380,0.1149019,8.3146521,1.5
10.6173398,90.9063772,-1.5334506,-1.5334506,0.1154248,8.3421578,1.5
10.6248067,90.7065305,-1.5102712,-1.5102712,0.1158976,8.3675191,1.5
10.6369032,90.5069154,-1.4870443,-1.4870443,0.1161622,8.3907753,1.5
10.6536319,90.3076418,-1.4638442,-1.4638442,0.1160560,8.4122419,1.5
10.6749780,90.1088179,-1.4407854,-1.4407854,0.1154040,8.4325578,1.5
10.7009016,89.9105471,-1.4180205,-1.4180205,0.1139576,8.4527637,1.5
10.7313306,89.7129250,-1.3957769,-1.3957769,0.1116242,8.4744276,1.5
10.7661466,89.5160338,-1.3744351,-1.3744351,0.1068246,8.4996895,1.5
10.8051638,89.3198931,-1.3541458,-1.3541458,0.1014586,8.4999539,1.5
10.8481529,89.1245814,-1.3349964,-1.3349964,0.0960479,8.4999676,1.5
10.8948735,88.9301307,-1.3173524,-1.3173524,0.0885093,8.4999694,1.5
10.9450169,88.7365370,-1.3016848,-1.3016848,0.0785560,8.4999698,1.5
10.9981865,88.5437551,-1.2884010,-1.2884010,0.0664960,8.4999692,1.5
11.0539116,88.3516986,-1.2776966,-1.2776966,0.0534620,8.4999687,1.5
11.1116888,88.1602513,-1.2694967,-1.2694967,0.0408578,8.4999682,1.5
11.1710333,87.9692861,-1.2635224,-1.2635224,0.0297054,8.4999678,1.5
11.2315169,87.7786811,-1.2594101,-1.2594101,0.0204062,8.4999674,1.5
11.2927828,87.5883296,-1.2567982,-1.2567982,0.0129196,8.4999670,1.5
11.3545444,87.3981427,-1.2553713,-1.2553713,0.0070116,8.4999667,1.5
11.4165759,87.2080484,-1.2548640,-1.2548640,0.0024287,8.4999664,1.5
11.4787019,87.0179915,-1.2550620,-1.2550620,-0.0011076,8.4999661,2.0
11.5407891,86.8279259,-1.2557817,-1.2557817,-0.0036233,8.4999658,2.0
11.6027369,86.6378236,-1.2568943,-1.2568943,-0.0058963,8.4999656,1.5
11.6644791,86.4476342,-1.2583153,-1.2583153,-0.0061322,8.4999654,1.5
11.7259438,86.2573795,-1.2604884,-1.2604884,-0.0118509,8.4999654,1.5
11.7869778,86.0670450,-1.2625000,-1.2625000,-0.0103192,8.4999655,1.5
11.8476496,85.8765228,-1.2639758,-1.2639758,-0.0071279,8.4999658,1.5
11.9080429,85.6859026,-1.2652114,-1.2652114,-0.0061829,8.4999661,1.5
11.9682030,85.4952004,-1.2662305,-1.2662305,-0.0051210,8.4999665,1.5
12.0281720,85.3044266,-1.2669873,-1.2669873,-0.0037873,8.4999668,1.5
12.0879982,85.1136024,-1.2674635,-1.2674635,-0.0023858,8.4999671,2.0
12.1477350,84.9227450,-1.2676517,-1.2676517,-0.0009376,8.4999673,1.5
12.2074367,84.7318737,-1.2675605,-1.2675605,0.0004617,8.4999676,1.5
12.2671563,84.5410063,-1.2672152,-1.2672152,0.0017411,8.4999678,1.5
12.3269419,84.3501592,-1.2666550,-1.2666550,0.0028176,8.4999680,1.5
12.3868342,84.1593463,-1.2659398,-1.2659398,0.0036068,8.4999681,1.5
12.4468625,83.9685777,-1.2651432,-1.2651432,0.0040165,8.4999683,1.5
12.5070419,83.7778597,-1.2643643,-1.2643643,0.0039541,8.4999684,1.5
12.5673692,83.5871906,-1.2637150,-1.2637150,0.0032827,8.4999685,1.5
12.6278190,83.3965648,-1.2633441,-1.2633441,0.0020013,8.4999685,1.5
12.6883383,83.2059652,-1.2633907,-1.2633907,-0.0003651,8.4999686,1.5
12.7488544,83.0153449,-1.2637176,-1.2637176,-0.0016231,8.4999686,1.5
12.8093087,82.8247032,-1.2646632,-1.2646632,-0.0039933,8.4999685,1.5
12.8695699,82.6340449,-1.2670046,-1.2670046,-0.0120361,8.4999684,1.5
12.9293807,82.4432582,-1.2704820,-1.2704820,-0.0174034,8.4999683,1.5
12.9885293,82.2522595,-1.2750326,-1.2750326,-0.0227306,8.4999682,1.5
13.0468062,82.0610000,-1.2807085,-1.2807085,-0.0283704,8.4999682,1.5
13.1039958,81.8694155,-1.2875474,-1.2875474,-0.0341957,8.4999682,1.5
13.1598728,81.6774479,-1.2955783,-1.2955783,-0.0401664,8.4999684,1.5
13.2142058,81.4850397,-1.3048076,-1.3048076,-0.0461721,8.4999688,1.5
13.2667606,81.2921387,-1.3152289,-1.3152289,-0.0521304,8.4999693,1.5
13.3173028,81.0986986,-1.3268268,-1.3268268,-0.0580436,8.4999701,1.5
13.3655991,80.9046815,-1.3395079,-1.3395079,-0.0634925,8.4999710,1.5
13.4114334,80.7100584,-1.3531112,-1.3531112,-0.0681007,8.4999718,1.5
13.4546187,80.5148177,-1.3674612,-1.3674612,-0.0718465,8.4999722,1.5
13.4950019,80.3189582,-1.3821761,-1.3821761,-0.0739748,8.4999719,1.5
13.5325113,80.1224601,-1.3968739,-1.3968739,-0.0729161,8.4999708,1.5
13.5671346,79.9253982,-1.4123269,-1.4123269,-0.0764029,8.4999688,1.5
13.5986927,79.7279249,-1.4293975,-1.4293975,-0.0861508,8.4999659,1.5
13.6268764,79.5299344,-1.4477215,-1.4477215,-0.0914297,8.4999623,1.5
13.6514360,79.3313928,-1.4674114,-1.4674114,-0.0984539,8.4999587,1.5
13.6720876,79.1323505,-1.4885461,-1.4885461,-0.1055448,8.4999553,1.5
13.6885304,78.9328895,-1.5111578,-1.5111578,-0.1128786,8.4999529,1.5
13.7004599,78.7330966,-1.5352834,-1.5352834,-0.1203997,8.4999511,1.5
13.7075661,78.5330790,-1.5609037,-1.5609037,-0.1278697,8.4999495,1.5
13.7095458,78.3329660,-1.5879204,-1.5879204,-0.1349120,8.4999478,1.5
13.7061202,78.1329394,-1.6160590,-1.6160590,-0.1407756,8.4999463,1.5
13.6970782,77.9333084,-1.6446878,-1.6446878,-0.1438706,8.4999455,1.5
13.6823698,77.7346166,-1.6727281,-1.6727281,-0.1417915,8.4999479,1.5
13.6619122,77.5346133,-1.6977489,-1.6977489,-0.1255709,8.4999623,1.5
13.6366189,77.3364506,-1.7172874,-1.7172874,-0.0976480,8.4999791,1.5
13.6076417,77.1400589,-1.7314709,-1.7314709,-0.0696349,8.4999728,1.5
13.5755950,76.9423273,-1.7450147,-1.7450147,-0.0613401,8.4999680,1.5
13.5411442,76.7465871,-1.7634804,-1.7634804,-0.0936079,8.4999761,2.0
13.5027978,76.5500444,-1.7862161,-1.7862161,-0.1142528,8.4999489,2.0
13.4598657,76.3538417,-1.8114587,-1.8114587,-0.1268073,8.4998250,2.0
13.4122771,76.1599340,-1.8378644,-1.8378644,-0.1326981,8.4995924,2.0
13.3595344,75.9671639,-1.8646629,-1.8646629,-0.1342980,8.4994131,2.0
13.3015926,75.7757021,-1.8912942,-1.8912942,-0.1332935,8.4995565,2.0
13.2385526,75.5857894,-1.9173764,-1.9173764,-0.1304584,8.4999604,2.0
13.1705791,75.3975794,-1.9426322,-1.9426322,-0.1264924,8.4999660,2.0
13.0978856,75.2111747,-1.9668521,-1.9668521,-0.1210155,8.4999677,2.0
13.0207180,75.0266302,-1.9897860,-1.9897860,-0.1161034,8.4999686,1.5
12.9393602,74.8439520,-2.0103363,-2.0103363,-0.1022212,8.4999690,1.5
12.8542677,74.6629883,-2.0290156,-2.0290156,-0.0925879,8.4999691,1.5
12.7657985,74.4836223,-2.0463945,-2.0463945,-0.0882065,8.4999690,1.5
12.6742350,74.3058390,-2.0613109,-2.0613109,-0.0746254,8.4999688,1.5
12.5800341,74.1294491,-2.0733109,-2.0733109,-0.0598672,8.4999686,1.5
12.4837250,73.9542053,-2.0825650,-2.0825650,-0.0459994,8.4999685,1.5
12.3857987,73.7798609,-2.0895117,-2.0895117,-0.0344806,8.4999683,1.5
12.2866634,73.6062005,-2.0946506,-2.0946506,-0.0254945,8.4999682,1.5
12.1866365,73.4330510,-2.0984151,-2.0984151,-0.0186786,8.4999681,1.5
12.0859581,73.2602786,-2.1011395,-2.1011395,-0.0135222,8.4999680,1.5
11.9848091,73.0877807,-2.1030711,-2.1030711,-0.0095861,8.4999679,1.5
11.8833268,72.9154780,-2.1043910,-2.1043910,-0.0065433,8.4999678,1.5
11.7816170,72.7433091,-2.1052317,-2.1052317,-0.0041654,8.4999678,1.5
11.6797624,72.5712256,-2.1056975,-2.1056975,-0.0022955,8.4999677,1.5
11.5778275,72.3991893,-2.1058678,-2.1058678,-0.0008252,8.4999677,1.5
11.4758632,72.2271702,-2.1058070,-2.1058070,0.0003232,8.4999676,1.5
11.3739093,72.0551448,-2.1055702,-2.1055702,0.0012072,8.4999676,1.5
11.2719961,71.8830952,-2.1051982,-2.1051982,0.0018719,8.4999676,1.5
11.1701468,71.7110075,-2.1047305,-2.1047305,0.0023540,8.4999675,1.5
11.0683780,71.5388722,-2.1041957,-2.1041957,0.0026847,8.4999675,1.5
10.9667012,71.3666824,-2.1036189,-2.1036189,0.0028913,8.4999675,1.5
10.8651237,71.1944339,-2.1030215,-2.1030215,0.0029978,8.4999675,1.5
10.7636491,71.0221247,-2.1024171,-2.1024171,0.0030260,8.4999675,1.5
10.6622786,70.8497541,-2.1018190,-2.1018190,0.0029952,8.4999674,1.5
10.5610112,70.6773229,-2.1012349,-2.1012349,0.0029227,8.4999674,1.5
10.4598445,70.5048325,-2.1006707,-2.1006707,0.0028241,8.4999674,1.5
10.3587751,70.3322850,-2.1001283,-2.1001283,0.0027128,8.4999674,1.5
10.2577993,70.1596827,-2.0996076,-2.0996076,0.0026007,8.4999674,1.5
10.1569133,69.9870277,-2.0991078,-2.0991078,0.0024977,8.4999674,1.5
10.0561136,69.8143223,-2.0986249,-2.0986249,0.0024123,8.4999674,1.5
9.9553973,69.6415682,-2.0981540,-2.0981540,0.0023512,8.4999673,1.5
9.8547623,69.4687666,-2.0976890,-2.0976890,0.0023195,8.4999673,1.5
9.7542076,69.2959181,-2.0972240,-2.0972240,0.0023208,8.4999673,1.5
9.6537333,69.1230229,-2.0967519,-2.0967519,0.0023570,8.4999673,1.5
9.5533406,68.9500802,-2.0962651,-2.0962651,0.0024287,8.4999673,1.5
9.4530320,68.7770885,-2.0957576,-2.0957576,0.0025347,8.4999673,1.5
9.3528112,68.6040459,-2.0952223,-2.0952223,0.0026725,8.4999673,1.5
9.2526830,68.4309496,-2.0946539,-2.0946539,0.0028377,8.4999673,1.5
9.1526532,68.2577964,-2.0940483,-2.0940483,0.0030247,8.4999673,1.5
9.0527283,68.0845827,-2.0934034,-2.0934034,0.0032260,8.4999673,1.5
8.9529152,67.9113047,-2.0927171,-2.0927171,0.0034325,8.4999673,1.5
8.8532210,67.7379582,-2.0919907,-2.0919907,0.0036339,8.4999673,1.5
8.7536528,67.5645394,-2.0912282,-2.0912282,0.0038188,8.4999673,1.5
8.6542169,67.3910448,-2.0904341,-2.0904341,0.0039752,8.4999673,1.5
8.5549188,67.2174713,-2.0896172,-2.0896172,0.0040912,8.4999673,1.5
8.4557625,67.0438167,-2.0887874,-2.0887874,0.0041564,8.4999673,2.0
8.3567504,66.8700800,-2.0879567,-2.0879567,0.0041627,8.4999673,2.0
8.2578826,66.6962610,-2.0871370,-2.0871370,0.0041068,8.4999673,2.0
8.1591573,66.5223610,-2.0863398,-2.0863398,0.0039917,8.4999673,2.0
8.0605707,66.3483824,-2.0855762,-2.0855762,0.0038246,8.4999673,2.0
7.9621170,66.1743286,-2.0848540,-2.0848540,0.0036145,8.4999673,2.0
7.8637890,66.0002037,-2.0841800,-2.0841800,0.0033718,8.4999673,2.0
7.7655784,65.8260126,-2.0835593,-2.0835593,0.0031063,8.4999673,2.0
7.6674759,65.6517605,-2.0829941,-2.0829941,0.0028274,8.4999673,2.0
7.5694719,65.4774530,-2.0824855,-2.0824855,0.0025431,8.4999673,1.5
7.4715566,65.3030957,-2.0820334,-2.0820334,0.0022605,8.4999673,1.5
7.3737201,65.1286941,-2.0816362,-2.0816362,0.0019853,8.4999673,1.5
7.2759529,64.9542537,-2.0812914,-2.0812914,0.0017220,8.4999674,1.5
7.1782458,64.7797795,-2.0809963,-2.0809963,0.0014740,8.4999674,1.5
7.0805902,64.6052765,-2.0807476,-2.0807476,0.0012438,8.4999674,1.5
6.9829780,64.4307492,-2.0805407,-2.0805407,0.0010331,8.4999674,1.5
6.8854019,64.2562017,-2.0803717,-2.0803717,0.0008426,8.4999674,1.5
6.7878553,64.0816377,-2.0802369,-2.0802369,0.0006726,8.4999674,1.5
6.6903322,63.9070605,-2.0801321,-2.0801321,0.0005229,8.4999674,1.5
6.5928274,63.7324731,-2.0800531,-2.0800531,0.0003928,8.4999674,1.5
6.4953364,63.5578780,-2.0799967,-2.0799967,0.0002814,8.4999674,1.5
6.3978552,63.3832773,-2.0799591,-2.0799591,0.0001874,8.4999674,1.5
6.3003806,63.2086730,-2.0799367,-2.0799367,0.0001096,8.4999674,1.5
6.2029099,63.0340665,-2.0799273,-2.0799273,0.0000464,8.4999674,1.5
6.1054408,62.8594590,-2.0799279,-2.0799279,-0.0000037,8.4999674,1.5
6.0079716,62.6848516,-2.0799362,-2.0799362,-0.0000421,8.4999674,1.5
5.9105009,62.5102449,-2.0799501,-2.0799501,-0.0000703,8.4999675,1.5
5.8130278,62.3356396,-2.0799678,-2.0799678,-0.0000897,8.4999675,2.0
5.7155516,62.1610360,-2.0799884,-2.0799884,-0.0001017,8.4999675,2.0
5.6180718,61.9864344,-2.0800094,-2.0800094,-0.0001075,8.4999675,2.0
5.5205883,61.8118348,-2.0800311,-2.0800311,-0.0001083,8.4999675,2.0
5.4231010,61.6372373,-2.0800524,-2.0800524,-0.0001051,8.4999675,1.5
5.3256100,61.4626419,-2.0800721,-2.0800721,-0.0000988,8.4999675,1.5
5.2281155,61.2880483,-2.0800895,-2.0800895,-0.0000903,8.4999675,1.5
5.1306180,61.1134565,-2.0801061,-2.0801061,-0.0000802,8.4999675,1.5
5.0331176,60.9388663,-2.0801202,-2.0801202,-0.0000692,8.4999675,1.5
4.9356147,60.7642774,-2.0801312,-2.0801312,-0.0000578,8.4999675,1.5
4.8381099,60.5896896,-2.0801408,-2.0801408,-0.0000465,8.4999676,1.5
4.7406034,60.4151027,-2.0801477,-2.0801477,-0.0000355,8.4999676,1.5
4.6430957,60.2405165,-2.0801526,-2.0801526,-0.0000251,8.4999676,1.5
4.5455871,60.0659307,-2.0801562,-2.0801562,-0.0000157,8.4999676,1.5
4.4480779,59.8913453,-2.0801573,-2.0801573,-0.0000073,8.4999676,1.5
4.3505685,59.7167600,-2.0801573,-2.0801573,0.0000000,8.4999676,1.5
4.2530591,59.5421747,-2.0801562,-2.0801562,0.0000061,8.4999676,2.0
4.1555499,59.3675893,-2.0801542,-2.0801542,0.0000110,8.4999676,2.0
4.0580410,59.1930036,-2.0801511,-2.0801511,0.0000147,8.4999676,1.5
3.9605327,59.0184177,-2.0801475,-2.0801475,0.0000171,8.4999676,1.5
3.8630250,58.8438314,-2.0801441,-2.0801441,0.0000184,8.4999676,1.5
3.7655179,58.6692448,-2.0801405,-2.0801405,0.0000187,8.4999676,1.5
3.6680114,58.4946578,-2.0801367,-2.0801367,0.0000179,8.4999676,1.5
3.5705056,58.3200705,-2.0801332,-2.0801332,0.0000162,8.4999676,1.5
3.4730004,58.1454828,-2.0801309,-2.0801309,0.0000136,8.4999677,1.5
3.3754956,57.9708949,-2.0801287,-2.0801287,0.0000103,8.4999677,1.5
3.2779912,57.7963068,-2.0801276,-2.0801276,0.0000064,8.4999677,1.5
3.1804870,57.6217186,-2.0801276,-2.0801276,0.0000019,8.4999677,1.5
3.0829828,57.4471304,-2.0801276,-2.0801276,-0.0000030,8.4999677,1.5
2.9854786,57.2725422,-2.0801294,-2.0801294,-0.0000082,8.4999677,1.5
2.8879741,57.0979542,-2.0801320,-2.0801320,-0.0000137,8.4999677,1.5
2.7904691,56.9233664,-2.0801363,-2.0801363,-0.0000193,8.4999677,1.5
2.6929634,56.7487791,-2.0801408,-2.0801408,-0.0000249,8.4999677,1.5
2.5954569,56.5741922,-2.0801473,-2.0801473,-0.0000305,8.4999677,1.5
2.4979493,56.3996060,-2.0801540,-2.0801540,-0.0000358,8.4999677,1.5
2.4004405,56.2250204,-2.0801627,-2.0801627,-0.0000407,8.4999677,1.5
2.3029302,56.0504357,-2.0801712,-2.0801712,-0.0000453,8.4999677,1.5
2.2054184,55.8758518,-2.0801811,-2.0801811,-0.0000492,8.4999677,2.0
2.1079049,55.7012689,-2.0801916,-2.0801916,-0.0000524,8.4999677,2.0
2.0103896,55.5266871,-2.0802028,-2.0802028,-0.0000547,8.4999677,2.0
1.9128723,55.3521063,-2.0802138,-2.0802138,-0.0000561,8.4999677,1.5
1.8153531,55.1775266,-2.0802248,-2.0802248,-0.0000563,8.4999677,1.5
1.7178320,55.0029480,-2.0802362,-2.0802362,-0.0000551,8.4999677,1.5
1.6203089,54.8283705,-2.0802467,-2.0802467,-0.0000525,8.4999677,1.5
1.5227840,54.6537941,-2.0802559,-2.0802559,-0.0000483,8.4999677,1.5
1.4252575,54.4792186,-2.0802644,-2.0802644,-0.0000423,8.4999677,1.5
1.3277295,54.3046439,-2.0802713,-2.0802713,-0.0000343,8.4999677,1.5
1.2302003,54.1300699,-2.0802762,-2.0802762,-0.0000242,8.4999677,1.5
1.1326702,53.9554963,-2.0802783,-2.0802783,-0.0000120,8.4999677,1.5
1.0351398,53.7809230,-2.0802783,-2.0802783,0.0000026,8.4999677,1.5
0.9376094,53.6063497,-2.0802738,-2.0802738,0.0000198,8.4999677,1.5
0.8400798,53.4317760,-2.0802664,-2.0802664,0.0000373,8.4999677,1.5
0.7425514,53.2572014,-2.0802609,-2.0802609,0.0000423,8.4999677,1.5
0.6450237,53.0826258,-2.0802608,-2.0802608,-0.0000300,8.4999677,1.5
0.5474963,52.9080507,-2.0802439,-2.0802439,0.0000951,8.4999677,1.5
0.4499721,52.7334744,-2.0802154,-2.0802154,0.0001479,8.4999677,1.5
0.3524528,52.5588952,-2.0801792,-2.0801792,0.0001787,8.4999677,1.5
0.2549398,52.3843124,-2.0801371,-2.0801371,0.0002110,8.4999677,1.5
0.1574342,52.2097256,-2.0800887,-2.0800887,0.0002425,8.4999677,1.5
0.0599370,52.0351340,-2.0800341,-2.0800341,0.0002729,8.4999677,1.5
-0.0375507,51.8605370,-2.0799743,-2.0799743,0.0003014,8.4999677,2.0
-0.1350279,51.6859343,-2.0799083,-2.0799083,0.0003269,8.4999677,2.0
-0.2324936,51.5113251,-2.0798395,-2.0798395,0.0003483,8.4999677,1.5
-0.3299473,51.3367092,-2.0797661,-2.0797661,0.0003642,8.4999677,1.5
-0.4273882,51.1620861,-2.0796925,-2.0796925,0.0003730,8.4999677,1.5
-0.5248162,50.9874559,-2.0796179,-2.0796179,0.0003731,8.4999677,1.5
-0.6222312,50.8128184,-2.0795456,-2.0795456,0.0003624,8.4999677,1.5
-0.7196336,50.6381738,-2.0794785,-2.0794785,0.0003388,8.4999677,1.5
-0.8170242,50.4635228,-2.0794187,-2.0794187,0.0003001,8.4999677,1.5
-0.9144044,50.2888659,-2.0793705,-2.0793705,0.0002437,8.4999677,1.5
-1.0117762,50.1142043,-2.0793374,-2.0793374,0.0001673,8.4999677,1.5
-1.1091422,49.9395395,-2.0793249,-2.0793249,0.0000680,8.4999677,1.5
-1.2065060,49.7648735,-2.0793367,-2.0793367,-0.0000566,8.4999677,1.5
-1.3038719,49.5902086,-2.0793793,-2.0793793,-0.0002091,8.4999677,1.5
-1.4012452,49.4155479,-2.0794583,-2.0794583,-0.0003920,8.4999677,1.5
-1.4986323,49.2408949,-2.0795808,-2.0795808,-0.0006073,8.4999677,1.5
-1.5960408,49.0662538,-2.0797531,-2.0797531,-0.0008569,8.4999677,1.5
-1.6934794,48.8916295,-2.0799821,-2.0799821,-0.0011421,8.4999677,1.5
-1.7909580,48.7170275,-2.0802761,-2.0802761,-0.0014635,8.4999677,1.5
-1.8884879,48.5424542,-2.0806408,-2.0806408,-0.0018208,8.4999677,1.5
-1.9860815,48.3679164,-2.0810841,-2.0810841,-0.0022128,8.4999677,1.5
-2.0837524,48.1934220,-2.0816122,-2.0816122,-0.0026371,8.4999677,1.5
-2.1815155,48.0189791,-2.0822304,-2.0822304,-0.0030896,8.4999677,1.5
-2.2793864,47.8445967,-2.0829440,-2.0829440,-0.0035649,8.4999677,1.5
-2.3773817,47.6702842,-2.0837552,-2.0837552,-0.0040553,8.4999677,1.5
-2.4755184,47.4960512,-2.0846647,-2.0846647,-0.0045510,8.4999677,1.5
-2.5738135,47.3219076,-2.0856724,-2.0856724,-0.0050401,8.4999677,1.5
-2.6722841,47.1478630,-2.0867726,-2.0867726,-0.0055075,8.4999677,2.0
-2.7709461,46.9739269,-2.0879585,-2.0879585,-0.0059356,8.4999677,2.0
-2.8698143,46.8001079,-2.0892162,-2.0892162,-0.0063036,8.4999677,1.5
-2.9689011,46.6264133,-2.0905308,-2.0905308,-0.0065873,8.4999677,1.5
-3.0682161,46.4528492,-2.0918790,-2.0918790,-0.0067593,8.4999677,1.5
-3.1677651,46.2794190,-2.0932317,-2.0932317,-0.0067886,8.4999677,1.5
-3.2675486,46.1061236,-2.0945535,-2.0945535,-0.0066410,8.4999677,1.5
-3.3675611,45.9329602,-2.0958023,-2.0958023,-0.0062790,8.4999677,1.5
-3.4677898,45.7599218,-2.0969264,-2.0969264,-0.0056620,8.4999677,1.5
-3.5682130,45.5869961,-2.0978651,-2.0978651,-0.0047472,8.4999677,1.5
-3.6687985,45.4141647,-2.0985515,-2.0985515,-0.0034899,8.4999676,1.5
-3.7695027,45.2414022,-2.0989071,-2.0989071,-0.0018448,8.4999676,1.5
-3.8702683,45.0686756,-2.0988456,-2.0988456,0.0002328,8.4999676,1.5
-3.9710234,44.8959426,-2.0982713,-2.0982713,0.0027860,8.4999676,1.5
-4.0716792,44.7231519,-2.0970822,-2.0970822,0.0058541,8.4999675,1.5
-4.1721290,44.5502424,-2.0951679,-2.0951679,0.0094762,8.4999675,1.5
-4.2722474,44.3771413,-2.0924145,-2.0924145,0.0136755,8.4999675,1.5
-4.3718888,44.2037652,-2.0887031,-2.0887031,0.0184666,8.4999675,1.5
-4.4708860,44.0300206,-2.0839169,-2.0839169,0.0238506,8.4999676,1.5
-4.5690504,43.8558043,-2.0779408,-2.0779408,0.0298065,8.4999678,1.5
-4.6661718,43.6810047,-2.0706707,-2.0706707,0.0362967,8.4999680,1.5
-4.7620196,43.5055041,-2.0620141,-2.0620141,0.0432271,8.4999685,1.5
-4.8563443,43.3291809,-2.0518801,-2.0518801,0.0506252,8.4999691,1.5
-4.9488769,43.1519117,-2.0401995,-2.0401995,0.0584214,8.4999700,1.5
-5.0393321,42.9735748,-2.0269729,-2.0269729,0.0661795,8.4999710,1.5
-5.1274198,42.7940589,-2.0122613,-2.0122613,0.0736274,8.4999717,1.5
-5.2128568,42.6132672,-1.9961694,-1.9961694,0.0805368,8.4999720,1.5
-5.2953714,42.4311289,-1.9788896,-1.9788896,0.0867755,8.4999716,1.5
-5.3747285,42.2475875,-1.9608998,-1.9608998,0.0895604,8.4999703,1.5
-5.4507826,42.0626202,-1.9417738,-1.9417738,0.0956774,8.4999680,1.5
-5.5232892,41.8762222,-1.9213350,-1.9213350,0.1023223,8.4999649,1.5
-5.5919699,41.6883848,-1.8999109,-1.8999109,0.1071192,8.4999614,1.5
-5.6566131,41.4991127,-1.8776622,-1.8776622,0.1112449,8.4999579,1.5
-5.7170313,41.3084440,-1.8546720,-1.8546720,0.1149358,8.4999552,1.5
-5.7730511,41.1164344,-1.8310396,-1.8310396,0.1181449,8.4999537,1.5
-5.8245181,40.9231544,-1.8068588,-1.8068588,0.1208874,8.4999526,1.5
-5.8712959,40.7286904,-1.7822410,-1.7822410,0.1230839,8.4999519,1.5
-5.9132705,40.5331443,-1.7573161,-1.7573161,0.1246436,8.4999514,1.5
-5.9503545,40.3366346,-1.7322390,-1.7322390,0.1254558,8.4999520,1.5
-5.9824929,40.1392971,-1.7071903,-1.7071903,0.1253835,8.4999563,1.5
-6.0096693,39.9412849,-1.6823789,-1.6823789,0.1242977,8.4999732,1.5
-6.0319129,39.7427663,-1.6580037,-1.6580037,0.1219854,8.4999924,1.5
-6.0493509,39.5433134,-1.6342846,-1.6342846,0.1186494,8.4999690,1.5
-6.0620490,39.3435752,-1.6113948,-1.6113948,0.1142583,8.4999246,1.5
-6.0701653,39.1437689,-1.5886359,-1.5886359,0.1138435,8.4998968,1.5
-6.0737263,38.9441778,-1.5658869,-1.5658869,0.1147832,8.4998939,1.5
-6.0727452,38.7443388,-1.5440366,-1.5440366,0.1068810,8.4999102,1.5
-6.0674003,38.5446501,-1.5216625,-1.5216625,0.1123324,8.4999349,1.5
-6.0575852,38.3450483,-1.4986471,-1.4986471,0.1151241,8.4999541,1.5
-6.0431692,38.1455869,-1.4750532,-1.4750532,0.1180223,8.4999605,1.5
-6.0240428,37.9464298,-1.4510498,-1.4510498,0.1200328,8.4999580,1.5
-6.0001357,37.7477375,-1.4267972,-1.4267972,0.1213384,8.4999515,1.5
-5.9714415,37.5498502,-1.4024359,-1.4024359,0.1219457,8.4999427,1.5
-5.9379475,37.3527912,-1.3780539,-1.3780539,0.1220027,8.4999310,1.5
-5.8996493,37.1565564,-1.3537185,-1.3537185,0.1217088,8.4999161,1.5
-5.8565800,36.9612778,-1.3294771,-1.3294771,0.1211964,8.4999010,1.5
-5.8087854,36.7670819,-1.3053347,-1.3053347,0.1206823,8.4998935,1.5
-5.7563133,36.5740834,-1.2813425,-1.2813425,0.1199234,8.4999026,1.5
-5.6992182,36.3823721,-1.2575517,-1.2575517,0.1187773,8.4999299,1.5
-5.6375852,36.1920932,-1.2336320,-1.2336320,0.1195844,8.4999602,1.5
-5.5714358,36.0033912,-1.2094754,-1.2094754,0.1208501,8.4999844,1.5
-5.5007493,35.8163462,-1.1852246,-1.1852246,0.1212738,8.4999906,1.5
-5.4255463,35.6310659,-1.1608941,-1.1608941,0.1216886,8.4998594,2.0
-5.3458582,35.4476704,-1.1365051,-1.1365051,0.1219786,8.4994559,2.0
-5.2617207,35.2662712,-1.1121003,-1.1121003,0.1220681,8.4987634,2.0
-5.1731812,35.0869782,-1.0877428,-1.0877428,0.1218465,8.4979709,1.5
-5.0803006,34.9098935,-1.0635226,-1.0635226,0.1211992,8.4976167,1.5
-4.9831578,34.7351086,-1.0396071,-1.0396071,0.1197417,8.4988103,1.5
-4.8818623,34.5626953,-1.0162642,-1.0162642,0.1169534,8.4998559,1.5
-4.7765692,34.3926918,-0.9938927,-0.9938927,0.1122945,8.4999623,1.5
-4.6674985,34.2250846,-0.9731581,-0.9731581,0.1044643,8.4999643,1.5
-4.5549754,34.0597736,-0.9551420,-0.9551420,0.0912281,8.4999655,1.5
-4.4394918,33.8965156,-0.9412123,-0.9412123,0.0705823,8.4999663,1.5
-4.3217453,33.7348820,-0.9323689,-0.9323689,0.0442513,8.4999668,1.5
-4.2025779,33.5743012,-0.9286519,-0.9286519,0.0179972,8.4999672,1.5
-4.0828142,33.4141641,-0.9293994,-0.9293994,-0.0043524,8.4999677,1.5
-3.9631697,33.2539368,-0.9338493,-0.9338493,-0.0226692,8.4999683,1.5
-3.8442390,33.0931782,-0.9414233,-0.9414233,-0.0381879,8.4999692,1.5
-3.7265289,32.9315229,-0.9516937,-0.9516937,-0.0516140,8.4999704,1.5
-3.6104848,32.7686666,-0.9643119,-0.9643119,-0.0633115,8.4999716,1.5
-3.4965053,32.6043597,-0.9789858,-0.9789858,-0.0735899,8.4999726,1.5
-3.3849533,32.4384044,-0.9954396,-0.9954396,-0.0824813,8.4999730,1.5
-3.2761483,32.2706384,-1.0134057,-1.0134057,-0.0900257,8.4999724,1.5
-3.1703763,32.1009472,-1.0326229,-1.0326229,-0.0962673,8.4999706,1.5
-3.0678861,31.9292573,-1.0528510,-1.0528510,-0.1012961,8.4999677,1.5
-2.9688911,31.7555321,-1.0738736,-1.0738736,-0.1052344,8.4999639,1.5
-2.8735706,31.5797657,-1.0955044,-1.0955044,-0.1082751,8.4999594,1.5
-2.7820755,31.4019815,-1.1175735,-1.1175735,-0.1104086,8.4999554,1.5
-2.6945269,31.2222236,-1.1399770,-1.1399770,-0.1120465,8.4999534,1.5
-2.6110228,31.0405401,-1.1626982,-1.1626982,-0.1136407,8.4999544,1.5
-2.5316628,30.8569944,-1.1857055,-1.1857055,-0.1150567,8.4999774,1.5
-2.4565441,30.6716661,-1.2089515,-1.2089515,-0.1162305,8.4999887,1.5
-2.3857515,30.4846367,-1.2324031,-1.2324031,-0.1172541,8.4988545,1.5
-2.3193624,30.2959938,-1.2560493,-1.2560493,-0.1182238,8.4960281,1.5
-2.2574511,30.1058308,-1.2798767,-1.2798767,-0.1191273,8.4918104,1.5
-2.2000877,29.9142456,-1.3038635,-1.3038635,-0.1199343,8.4865995,1.5
-2.1473363,29.7213412,-1.3279622,-1.3279622,-0.1205276,8.4809723,1.5
-2.0992497,29.5272265,-1.3521263,-1.3521263,-0.1207967,8.4758210,1.5
-2.0558691,29.3320148,-1.3761726,-1.3761726,-0.1208586,8.4725301,1.5
-2.0171972,29.1358291,-1.3994589,-1.3994589,-0.1164012,8.4697533,1.0
-1.9831026,28.9387892,-1.4221562,-1.4221562,-0.1124993,8.3866753,1.5
-1.9534849,28.7410010,-1.4452090,-1.4452090,-0.1153006,8.3023994,1.5
-1.9284337,28.5425785,-1.4688666,-1.4688666,-0.1182545,8.2178717,1.5
-1.9080831,28.3436172,-1.4931729,-1.4931729,-0.1215341,8.1331242,1.5
-1.8925741,28.1442207,-1.5181361,-1.5181361,-0.1248065,8.0480027,1.5
-1.8820471,27.9445014,-1.5437416,-1.5437416,-0.1280153,7.9623368,1.5
-1.8766370,27.7445814,-1.5699763,-1.5699763,-0.1311558,7.8759903,1.5
-1.8764730,27.5445923,-1.5968248,-1.5968248,-0.1342257,7.7888721,1.5
-1.8816777,27.3446753,-1.6242741,-1.6242741,-0.1372315,7.7009377,1.5
-1.8923671,27.1449808,-1.6523124,-1.6523124,-0.1401812,7.6121877,1.5
-1.9086503,26.9456690,-1.6809309,-1.6809309,-0.1430890,7.5226690,1.5
-1.9306295,26.7469098,-1.7101269,-1.7101269,-0.1459790,7.4324786,1.5
-1.9584006,26.5488832,-1.7399032,-1.7399032,-0.1488895,7.3417723,1.5
-1.9920536,26.3517795,-1.7702760,-1.7702760,-0.1518797,7.2507808,1.5
-2.0316745,26.1557998,-1.8012771,-1.8012771,-0.1550285,7.1598346,1.5
-2.0773478,25.9611559,-1.8329627,-1.8329627,-0.1584635,7.0694008,1.5
-2.1291605,25.7680717,-1.8654110,-1.8654110,-0.1622392,6.9801297,1.5
-2.1872061,25.5767832,-1.8987475,-1.8987475,-0.1668293,6.8928999,1.5
-2.2515929,25.3875423,-1.9330611,-1.9330611,-0.1708784,6.8086990,1.5
-2.3224382,25.2006108,-1.9690378,-1.9690378,-0.1799342,6.7259150,1.5
-2.3999855,25.0162912,-2.0064388,-2.0064388,-0.1880973,6.7058435,1.5
-2.4843596,24.8350240,-2.0441748,-2.0441748,-0.1883575,6.6856124,1.5
-2.5755346,24.6570255,-2.0824931,-2.0824931,-0.1914063,6.6652455,1.0
-2.6734740,24.4826284,-2.1215648,-2.1215648,-0.1953061,6.6451364,1.5
-2.7781485,24.3121940,-2.1612914,-2.1612914,-0.1985295,6.6256888,1.0
-2.8894996,24.1460660,-2.2016451,-2.2016451,-0.2017298,6.6071834,1.5
-3.0074349,23.9846027,-2.2425670,-2.2425670,-0.2047102,6.5897773,1.5
-3.1318264,23.8281630,-2.2840161,-2.2840161,-0.2074452,6.5735696,1.5
-3.2626801,23.6769120,-2.3259393,-2.3259393,-0.2096472,6.5587242,1.5
-3.3998649,23.5311644,-2.3682081,-2.3682081,-0.2112618,6.5453004,1.5
-3.5430100,23.3914180,-2.4106710,-2.4106710,-0.2123674,6.5332536,1.5
-3.6918129,23.2580045,-2.4531841,-2.4531841,-0.2127624,6.5225756,1.5
-3.8460107,23.1311515,-2.4959345,-2.4959345,-0.2131833,6.5132695,2.0
-4.0058166,23.0107576,-2.5396425,-2.5396425,-0.2199923,6.5055692,2.0
-4.1703303,22.8977361,-2.5829533,-2.5829533,-0.2168905,6.4993026,2.0
-4.3400320,22.7916631,-2.6256185,-2.6256185,-0.2135442,6.4945784,2.0
-4.5137581,22.6931207,-2.6682514,-2.6682514,-0.2132429,6.4917447,2.0
-4.6916716,22.6019976,-2.7108333,-2.7108333,-0.2129586,6.4906448,2.0
-4.8734456,22.5184651,-2.7532200,-2.7532200,-0.2118618,6.4913566,2.0
-5.0586803,22.4426756,-2.7952426,-2.7952426,-0.2102616,6.4939883,2.0
-5.2466976,22.3748206,-2.8367723,-2.8367723,-0.2078245,6.4988995,2.0
-5.4373981,22.3148213,-2.8777308,-2.8777308,-0.2048146,6.5060473,2.0
-5.6304556,22.2626647,-2.9179922,-2.9179922,-0.2012557,6.5155164,2.0
-5.8254794,22.2183157,-2.9574347,-2.9574347,-0.1972448,6.5274630,2.0
-6.0221015,22.1816912,-2.9958259,-2.9958259,-0.1921165,6.5420644,2.0
-6.2199687,22.1526427,-3.0331522,-3.0331522,-0.1853032,6.5595392,2.0
-6.4186725,22.1310103,-3.0701907,-3.0701907,-0.1858012,6.5804885,2.0
-6.6179706,22.1167558,-3.1064801,-3.1064801,-0.1814940,6.6050087,2.0
-6.8177116,22.1097395,3.1410709,3.1410709,-0.1782263,6.6333271,2.0
-7.0176104,22.1098438,3.1059006,3.1059006,-0.1759726,6.6658142,2.0
-7.2174301,22.1169788,3.0713638,3.0713638,-0.1727592,6.7028354,2.0
-7.4169111,22.1310112,3.0376461,3.0376461,-0.1686406,6.7447160,2.0
-7.6158191,22.1517618,3.0049446,3.0049446,-0.1635393,6.7916754,2.0
-7.8139443,22.1790050,2.9734343,2.9734343,-0.1575698,6.8437711,2.0
-8.0111097,22.2124761,2.9432477,2.9432477,-0.1509406,6.9008730,2.0
-8.2071716,22.2518821,2.9144644,2.9144644,-0.1439015,6.9626808,2.0
-8.4020173,22.2969141,2.8871204,2.8871204,-0.1366896,7.0287726,2.0
-8.5955614,22.3472571,2.8612117,2.8612117,-0.1294988,7.0986617,2.0
-8.7877419,22.4025987,2.8367048,2.8367048,-0.1224783,7.1718405,2.0
-8.9785160,22.4626353,2.8135453,2.8135453,-0.1157331,7.2478053,1.0
-9.1678559,22.5270761,2.7916604,2.7916604,-0.1093648,7.3260641,1.0
-9.3557465,22.5956471,2.7709697,2.7709697,-0.1033917,7.4061349,2.0
-9.5421794,22.6680912,2.7514003,2.7514003,-0.0977906,7.4875409,2.0
-9.7271479,22.7441650,2.7327569,2.7327569,-0.0931144,7.5697989,2.0
-9.9106554,22.8236692,2.7147823,2.7147823,-0.0898467,7.6523989,2.0
-10.0927002,22.9064570,2.6973743,2.6973743,-0.0869942,7.7347936,2.0
-10.2732670,22.9923967,2.6804097,2.6804097,-0.0847636,7.8164218,2.0
-10.4523376,23.0813810,2.6637569,2.6637569,-0.0832095,7.8967190,2.0
-10.6299019,23.1733350,2.6472946,2.6472946,-0.0822617,7.9750824,1.0
-10.8059588,23.2682159,2.6309173,2.6309173,-0.0818493,8.0509314,2.0
-10.9804435,23.3659702,2.6145536,2.6145536,-0.0818103,8.1240195,1.5
-11.1533070,23.4665675,2.5981656,2.5981656,-0.0819469,8.1941904,1.5
-11.3244977,23.5699834,2.5817655,2.5817655,-0.0820282,8.2615394,1.5
-11.4939662,23.6761908,2.5654246,2.5654246,-0.0817411,8.3264767,1.5
-11.6616716,23.7851499,2.5492587,2.5492587,-0.0809125,8.3897759,1.5
-11.8275901,23.8968033,2.5334862,2.5334862,-0.0788306,8.4525864,1.5
-11.9917170,24.0110527,2.5181114,2.5181114,-0.0768853,8.4910126,2.0
-12.1540787,24.1278196,2.5030958,2.5030958,-0.0751376,8.4999620,1.5
-12.3146195,24.2469746,2.4885919,2.4885919,-0.0724723,8.4999634,1.5
-12.4733475,24.3683936,2.4745071,2.4745071,-0.0708316,8.4999648,1.5
-12.6304023,24.4920776,2.4613224,2.4613224,-0.0660941,8.4999661,1.5
-12.7858524,24.6178536,2.4496655,2.4496655,-0.0584054,8.4999669,1.5
-12.9398227,24.7454305,2.4398725,2.4398725,-0.0490207,8.4999674,1.5
-13.0925402,24.8745124,2.4320891,2.4320891,-0.0388921,8.4999676,1.5
-13.2442508,25.0047811,2.4262855,2.4262855,-0.0289398,8.4999677,1.5
-13.3952047,25.1359297,2.4222955,2.4222955,-0.0198364,8.4999676,1.5
-13.5456354,25.2676807,2.4198852,2.4198852,-0.0119241,8.4999675,1.5
-13.6957489,25.3997946,2.4188001,2.4188001,-0.0052900,8.4999674,1.5
-13.8457194,25.5320717,2.4187993,2.4187993,0.0001206,8.4999674,1.5
-13.9956900,25.6643491,2.4196606,2.4196606,0.0044251,8.4999674,1.5
-14.1457746,25.7964974,2.4211898,2.4211898,0.0077570,8.4999674,1.5
-14.2960612,25.9284161,2.4232190,2.4232190,0.0102459,8.4999674,1.5
-14.4466152,26.0600296,2.4256032,2.4256032,0.0120115,8.4999674,1.5
-14.5974825,26.1912837,2.4282201,2.4282201,0.0131622,8.4999675,1.5
-14.7486927,26.3221425,2.4309647,2.4309647,0.0137957,8.4999675,2.0
-14.9002615,26.4525858,2.4337532,2.4337532,0.0140004,8.4999676,2.0
-15.0521914,26.5826042,2.4365150,2.4365150,0.0138535,8.4999676,2.0
-15.2044798,26.7122025,2.4391936,2.4391936,0.0134304,8.4999677,2.0
-15.3571149,26.8413925,2.4417473,2.4417473,0.0127944,8.4999677,2.0
-15.5100794,26.9701923,2.4441437,2.4441437,0.0120010,8.4999678,2.0
-15.6633524,27.0986254,2.4463607,2.4463607,0.0110981,8.4999678,1.5
-15.8169098,27.2267184,2.4483845,2.4483845,0.0101263,8.4999679,1.5
-15.9707264,27.3545006,2.4502077,2.4502077,0.0091195,8.4999679,1.5
-16.1247759,27.4820023,2.4518287,2.4518287,0.0081049,8.4999680,1.5
-16.2790321,27.6092543,2.4532502,2.4532502,0.0071036,8.4999680,1.5
-16.4334695,27.7362873,2.4544775,2.4544775,0.0061324,8.4999680,1.5
-16.5880630,27.8631309,2.4555149,2.4555149,0.0051977,8.4999681,1.5
-16.7427889,27.9898148,2.4563323,2.4563323,0.0042025,8.4999681,1.5
-16.8976187,28.1163725,0.0000000,0.0000000,0.0025142,8.4999358,1.0
