x_m,y_m,heading,theta_rad,kappa_1pm,v_mps
-30.3199390,-8.8037397,-2.9849283,-2.9849283,-0.1045199,8.1058741
-30.5174158,-8.8349329,-3.0076215,-3.0076215,-0.1135466,8.0210089
-30.7155521,-8.8616374,-3.0320107,-3.0320107,-0.1221752,7.9420065
-30.9142974,-8.8835039,-3.0579833,-3.0579833,-0.1296717,7.8689573
-31.1135547,-8.9002026,-3.0857388,-3.0857388,-0.1389856,7.8100260
-31.3132147,-8.9113660,-3.1150891,-3.1150891,-0.1470088,7.7858225
-31.5131334,-8.9166658,3.1376907,3.1376907,-0.1519986,7.7688451
-31.7131372,-8.9158854,3.1064354,3.1064354,-0.1562280,7.7514390
-31.9130308,-8.9088548,3.0743707,3.0743707,-0.1602406,7.7337410
-32.1126047,-8.8954188,3.0415653,3.0415653,-0.1639200,7.7158520
-32.3116356,-8.8754436,3.0081100,3.0081100,-0.1671644,7.6978560
-32.5098905,-8.8488217,2.9741432,2.9741432,-0.1697207,7.6798370
-32.7071303,-8.8154818,2.9398734,2.9398734,-0.1712571,7.6618862
-32.9031161,-8.7754026,2.9056011,2.9056011,-0.1713061,7.6441045
-33.0976141,-8.7286312,2.8717611,2.8717611,-0.1692259,7.6266026
-33.2904014,-8.6753107,2.8389690,2.8389690,-0.1641340,7.6095003
-33.4812709,-8.6157187,2.8080894,2.8080894,-0.1548429,7.5929276
-33.6700461,-8.5503187,2.7802831,2.7802831,-0.1398422,7.5770245
-33.8566210,-8.4798123,2.7569032,2.7569032,-0.1175021,7.5619383
-34.0423756,-8.4046076,2.7394183,2.7394183,-0.0877783,7.5479763
-34.2264116,-8.3263263,2.7285595,2.7285595,-0.0541895,7.5351594
-34.4091152,-8.2462579,2.7228758,2.7228758,-0.0258028,7.5235227
-34.5915748,-8.1650571,2.7179693,2.7179693,-0.0223859,7.5133501
-34.7735818,-8.0829855,2.7078580,2.7078580,-0.0501884,7.5045838
-34.9552568,-7.9988429,2.6883469,2.6883469,-0.0910442,7.4973020
-35.1340713,-7.9117487,2.6569058,2.6569058,-0.1612840,7.4917259
-35.3106829,-7.8187481,2.6200495,2.6200495,-0.1853297,7.4876081
-35.4841817,-7.7190535,2.5816839,2.5816839,-0.1916912,7.4848682
-35.6537929,-7.6127374,2.5427549,2.5427549,-0.1944051,7.4833871
-35.8191606,-7.4998852,2.5044322,2.5044322,-0.1912208,7.4830395
-35.9801039,-7.3807647,2.4673677,2.4673677,-0.1849751,7.4837090
-36.1365238,-7.2557611,2.4318889,2.4318889,-0.1772363,7.4853129
-36.2883776,-7.1253166,2.3981609,2.3981609,-0.1687664,7.4878304
-36.4356497,-6.9899143,2.3662528,2.3662528,-0.1598989,7.4913630
-36.5784324,-6.8499754,2.3361611,2.3361611,-0.1505219,7.4964706
-36.7170336,-6.7057066,2.3078869,2.3078869,-0.1412441,7.5037293
-36.8515343,-6.5575403,2.2814718,2.2814718,-0.1319407,7.5143777
-36.9820659,-6.4058835,2.2570601,2.2570601,-0.1219913,7.5303814
-37.1088114,-6.2511411,2.2348815,2.2348815,-0.1109851,7.5546497
-37.2320529,-6.0936785,2.2155034,2.2155034,-0.0973595,7.5910255
-37.3521645,-5.9339314,2.1999497,2.1999497,-0.0784671,7.6436096
-37.4697223,-5.7724107,2.1884441,2.1884441,-0.0552936,7.7147450
-37.5854508,-5.6094963,2.1790506,2.1790506,-0.0469596,7.8027249
-37.6996902,-5.4454355,2.1714261,2.1714261,-0.0378320,7.9029893
-37.8126897,-5.2804876,2.1652901,2.1652901,-0.0300709,8.0114301
-37.9246835,-5.1148368,2.1600987,2.1600987,-0.0256631,8.1250392
-38.0358194,-4.9486015,2.1554877,2.1554877,-0.0228258,8.2416197
-38.1461873,-4.7818560,2.1512185,2.1512185,-0.0213019,8.3596636
-38.2558398,-4.6146447,2.1471600,2.1471600,-0.0200661,8.4733705
-38.3648089,-4.4469957,2.1430755,2.1430755,-0.0203579,8.4999668
-38.4730886,-4.2789088,2.1388921,2.1388921,-0.0210145,8.4999669
-38.5806608,-4.1103757,2.1347626,2.1347626,-0.0207746,8.4999670
-38.6875331,-3.9414046,2.1308500,2.1308500,-0.0195591,8.4999672
-38.7937519,-3.7720032,2.1271748,2.1271748,-0.0183832,8.4999673
-38.8993618,-3.6021894,2.1238555,2.1238555,-0.0167550,8.4999674
-39.0044009,-3.4320366,2.1210701,2.1210701,-0.0138462,8.4999674
-39.1089594,-3.2616021,2.1186957,2.1186957,-0.0118585,8.4999675
-39.2131164,-3.0909141,2.1166827,2.1166827,-0.0100619,8.4999675
-39.3169285,-2.9200186,2.1150123,2.1150123,-0.0083462,8.4999675
-39.4204556,-2.7489489,2.1136548,2.1136548,-0.0067788,8.4999675
-39.5237504,-2.5777388,2.1125823,2.1125823,-0.0053549,8.4999676
-39.6268617,-2.4064177,2.1117632,2.1117632,-0.0040859,8.4999676
-39.7298327,-2.2350121,2.1111678,2.1111678,-0.0029693,8.4999676
-39.8327017,-2.0635451,2.1107667,2.1107667,-0.0020013,8.4999676
-39.9355020,-1.8920367,2.1105298,2.1105298,-0.0011742,8.4999676
-40.0382617,-1.7205039,2.1104329,2.1104329,-0.0004790,8.4999677
-40.1410048,-1.5489611,2.1104505,2.1104505,0.0000948,8.4999677
-40.2437510,-1.3774200,2.1105613,2.1105613,0.0005582,8.4999677
-40.3465162,-1.2058903,2.1107448,2.1107448,0.0009227,8.4999677
-40.4493129,-1.0343794,2.1109839,2.1109839,0.0011994,8.4999677
-40.5521506,-0.8628931,2.1112632,2.1112632,0.0013994,8.4999677
-40.6550362,-0.6914355,2.1115689,2.1115689,0.0015331,8.4999677
-40.7579742,-0.5200094,2.1118901,2.1118901,0.0016103,8.4999678
-40.8609673,-0.3486163,2.1122181,2.1122181,0.0016402,8.4999678
-40.9640166,-0.1772570,2.1125438,2.1125438,0.0016309,8.4999678
-41.0671217,-0.0059313,2.1128613,2.1128613,0.0015902,8.4999678
-41.1702812,0.1653617,2.1131666,2.1131666,0.0015246,8.4999678
-41.2734930,0.3366232,2.1134536,2.1134536,0.0014402,8.4999678
-41.3767539,0.5078550,2.1137226,2.1137226,0.0013420,8.4999678
-41.4800609,0.6790591,2.1139687,2.1139687,0.0012346,8.4999678
-41.5834100,0.8502377,2.1141935,2.1141935,0.0011216,8.4999678
-41.6867976,1.0213931,2.1143941,2.1143941,0.0010063,8.4999678
-41.7902195,1.1925277,2.1145729,2.1145729,0.0008911,8.4999678
-41.8936720,1.3636438,2.1147280,2.1147280,0.0007783,8.4999678
-41.9971510,1.5347438,2.1148624,2.1148624,0.0006694,8.4999678
-42.1006530,1.7058299,2.1149755,2.1149755,0.0005657,8.4999678
-42.2041743,1.8769042,2.1150691,2.1150691,0.0004682,8.4999678
-42.3077116,2.0479688,2.1151448,2.1151448,0.0003774,8.4999678
-42.4112618,2.2190255,2.1152033,2.1152033,0.0002938,8.4999678
-42.5148220,2.3900761,2.1152473,2.1152473,0.0002176,8.4999678
-42.6183897,2.5611221,2.1152774,2.1152774,0.0001488,8.4999678
-42.7219625,2.7321649,2.1152945,2.1152945,0.0000874,8.4999678
-42.8255382,2.9032059,2.1153013,2.1153013,0.0000333,8.4999678
-42.9291150,3.0742461,2.1152993,2.1152993,-0.0000138,8.4999678
-43.0326914,3.2452864,2.1152877,2.1152877,-0.0000541,8.4999678
-43.1362658,3.4163279,2.1152708,2.1152708,-0.0000879,8.4999678
-43.2398373,3.5873711,2.1152480,2.1152480,-0.0001153,8.4999678
-43.3434048,3.7584165,2.1152204,2.1152204,-0.0001368,8.4999678
-43.4469676,3.9294648,2.1151900,2.1151900,-0.0001526,8.4999677
-43.5505251,4.1005161,2.1151579,2.1151579,-0.0001629,8.4999677
-43.6540771,4.2715707,2.1151240,2.1151240,-0.0001680,8.4999677
-43.7576233,4.4426288,2.1150908,2.1150908,-0.0001681,8.4999677
-43.8611638,4.6136903,2.1150583,2.1150583,-0.0001632,8.4999677
-43.9646987,4.7847551,2.1150276,2.1150276,-0.0001543,8.4999677
-44.0682283,4.9558230,2.1149980,2.1149980,-0.0001412,8.4999677
-44.1717528,5.1268939,2.1149612,2.1149612,-0.0001755,8.4999677
-44.2752707,5.2979681,2.1149196,2.1149196,-0.0002490,8.4999676
-44.3787816,5.4690468,2.1149027,2.1149027,-0.0000598,8.4999676
-44.4822898,5.6401276,2.1148982,2.1148982,-0.0000260,8.4999676
-44.5857972,5.8112088,2.1149018,2.1149018,0.0000190,8.4999676
-44.6893052,5.9822896,2.1149136,2.1149136,0.0000584,8.4999676
-44.7928153,6.1533693,2.1149329,2.1149329,0.0000992,8.4999676
-44.8963287,6.3244470,2.1149610,2.1149610,0.0001384,8.4999676
-44.9998469,6.4955218,2.1149960,2.1149960,0.0001754,8.4999676
-45.1033711,6.6665930,2.1150371,2.1150371,0.0002090,8.4999676
-45.2069023,6.8376599,2.1150848,2.1150848,0.0002376,8.4999676
-45.3104417,7.0087219,2.1151366,2.1151366,0.0002598,8.4999676
-45.4139900,7.1797786,2.1151909,2.1151909,0.0002737,8.4999676
-45.5175476,7.3508297,2.1152455,2.1152455,0.0002772,8.4999675
-45.6211145,7.5218751,2.1152991,2.1152991,0.0002681,8.4999675
-45.7246906,7.6929150,2.1153471,2.1153471,0.0002439,8.4999675
-45.8282749,7.8639499,2.1153872,2.1153872,0.0002019,8.4999675
-45.9318661,8.0349807,2.1154137,2.1154137,0.0001393,8.4999675
-46.0354618,8.2060087,2.1154243,2.1154243,0.0000532,8.4999675
-46.1390593,8.3770356,2.1154106,2.1154106,-0.0000597,8.4999675
-46.2426545,8.5480640,2.1153697,2.1153697,-0.0002022,8.4999675
-46.3462427,8.7190966,2.1152928,2.1152928,-0.0003776,8.4999675
-46.4498177,8.8901371,2.1151739,2.1151739,-0.0005887,8.4999675
-46.5533724,9.0611900,2.1150049,2.1150049,-0.0008382,8.4999675
-46.6568982,9.2322604,2.1147783,2.1147783,-0.0011282,8.4999675
-46.7603852,9.4033542,2.1144848,2.1144848,-0.0014605,8.4999675
-46.8638220,9.5744784,2.1141166,2.1141166,-0.0018361,8.4999675
-46.9671958,9.7456407,2.1136641,2.1136641,-0.0022549,8.4999675
-47.0704921,9.9168497,2.1131195,2.1131195,-0.0027160,8.4999675
-47.1736952,10.0881150,2.1124759,2.1124759,-0.0032167,8.4999675
-47.2767880,10.2594466,2.1117242,2.1117242,-0.0037531,8.4999675
-47.3797520,10.4308557,2.1108599,2.1108599,-0.0043191,8.4999675
-47.4825678,10.6023537,2.1098781,2.1098781,-0.0049066,8.4999675
-47.5852152,10.7739526,2.1087778,2.1087778,-0.0055054,8.4999675
-47.6876737,10.9456643,2.1075582,2.1075582,-0.0061023,8.4999675
-47.7899227,11.1175008,2.1062224,2.1062224,-0.0066821,8.4999675
-47.8919421,11.2894738,2.1047798,2.1047798,-0.0072265,8.4999675
-47.9937133,11.4615938,2.1032389,2.1032389,-0.0077154,8.4999675
-48.0952191,11.6338703,2.1016165,2.1016165,-0.0081271,8.4999675
-48.1964453,11.8063113,2.0999320,2.0999320,-0.0084398,8.4999675
-48.2973809,11.9789226,2.0982099,2.0982099,-0.0086339,8.4999675
-48.3980191,12.1517075,2.0964747,2.0964747,-0.0086945,8.4999675
-48.4983573,12.3246667,2.0947558,2.0947558,-0.0086155,8.4999675
-48.5983981,12.4977982,2.0930786,2.0930786,-0.0084043,8.4999675
-48.6981483,12.6710971,2.0914662,2.0914662,-0.0080765,8.4999675
-48.7976190,12.8445567,2.0899385,2.0899385,-0.0076518,8.4999675
-48.8968246,13.0181681,2.0885090,2.0885090,-0.0071523,8.4999675
-48.9957819,13.1919211,2.0871909,2.0871909,-0.0065996,8.4999675
-49.0945101,13.3658044,2.0859889,2.0859889,-0.0060139,8.4999675
-49.1930292,13.5398062,2.0849063,2.0849063,-0.0054130,8.4999675
-49.2913599,13.7139146,2.0839437,2.0839437,-0.0048124,8.4999675
-49.3895229,13.8881175,2.0830985,2.0830985,-0.0042246,8.4999675
-49.4875387,14.0624034,2.0823657,2.0823657,-0.0036599,8.4999675
-49.5854267,14.2367610,2.0817401,2.0817401,-0.0031261,8.4999675
-49.6832056,14.4111798,2.0812132,2.0812132,-0.0026287,8.4999675
-49.7808926,14.5856501,2.0807782,2.0807782,-0.0021717,8.4999675
-49.8785037,14.7601629,2.0804253,2.0804253,-0.0017573,8.4999675
-49.9760532,14.9347101,2.0801475,2.0801475,-0.0013863,8.4999675
-50.0735542,15.1092844,2.0799346,2.0799346,-0.0010584,8.4999675
-50.1710180,15.2838794,2.0797796,2.0797796,-0.0007725,8.4999675
-50.2684548,15.4584896,2.0796729,2.0796729,-0.0005269,8.4999675
-50.3658729,15.6331101,2.0796086,2.0796086,-0.0003190,8.4999675
-50.4632798,15.8077369,2.0795788,2.0795788,-0.0001461,8.4999675
-50.5606815,15.9823666,2.0795766,2.0795766,-0.0000053,8.4999675
-50.6580828,16.1569965,2.0795976,2.0795976,0.0001065,8.4999675
-50.7554878,16.3316244,2.0796357,2.0796357,0.0001925,8.4999675
-50.8528994,16.5062485,2.0796858,2.0796858,0.0002557,8.4999675
-50.9503198,16.6808678,2.0797456,2.0797456,0.0002993,8.4999675
-51.0477506,16.8554812,2.0798108,2.0798108,0.0003259,8.4999675
-51.1451928,17.0300883,2.0798777,2.0798777,0.0003384,8.4999675
-51.2426467,17.2046889,2.0799456,2.0799456,0.0003391,8.4999675
-51.3401124,17.3792828,2.0800116,2.0800116,0.0003304,8.4999675
-51.4375897,17.5538704,2.0800739,2.0800739,0.0003142,8.4999675
-51.5350778,17.7284518,2.0801327,2.0801327,0.0002923,8.4999675
-51.6325762,17.9030275,2.0801858,2.0801858,0.0002664,8.4999675
-51.7300839,18.0775981,2.0802330,2.0802330,0.0002377,8.4999675
-51.8275998,18.2521640,2.0802747,2.0802747,0.0002075,8.4999675
-51.9251230,18.4267259,2.0803100,2.0803100,0.0001767,8.4999675
-52.0226524,18.6012844,2.0803394,2.0803394,0.0001461,8.4999675
-52.1201869,18.7758400,2.0803624,2.0803624,0.0001164,8.4999676
-52.2177254,18.9503933,2.0803801,2.0803801,0.0000881,8.4999676
-52.3152670,19.1249449,2.0803924,2.0803924,0.0000615,8.4999676
-52.4128108,19.2994954,2.0804000,2.0804000,0.0000370,8.4999676
-52.5103559,19.4740451,2.0804029,2.0804029,0.0000147,8.4999676
-52.6079015,19.6485945,2.0804018,2.0804018,-0.0000053,8.4999676
-52.7054469,19.8231440,2.0803976,2.0803976,-0.0000229,8.4999676
-52.8029916,19.9976940,2.0803897,2.0803897,-0.0000381,8.4999676
-52.9005349,20.1722447,2.0803799,2.0803799,-0.0000511,8.4999676
-52.9980765,20.3467964,2.0803673,2.0803673,-0.0000618,8.4999676
-53.0956159,20.5213493,2.0803530,2.0803530,-0.0000705,8.4999676
-53.1931528,20.6959036,2.0803380,2.0803380,-0.0000773,8.4999676
-53.2906871,20.8704594,2.0803214,2.0803214,-0.0000824,8.4999676
-53.3882185,21.0450168,2.0803046,2.0803046,-0.0000858,8.4999676
-53.4857470,21.2195759,2.0802863,2.0802863,-0.0000879,8.4999676
-53.5832723,21.3941368,2.0802690,2.0802690,-0.0000889,8.4999677
-53.6807946,21.5686994,2.0802513,2.0802513,-0.0000889,8.4999677
-53.7783138,21.7432637,2.0802337,2.0802337,-0.0000881,8.4999677
-53.8758299,21.9178297,2.0802162,2.0802162,-0.0000869,8.4999677
-53.9733430,22.0923975,2.0801996,2.0801996,-0.0000854,8.4999677
-54.0708532,22.2669669,2.0801824,2.0801824,-0.0000839,8.4999677
-54.1683604,22.4415380,2.0801658,2.0801658,-0.0000826,8.4999677
-54.2658647,22.6161107,2.0801497,2.0801497,-0.0000818,8.4999677
-54.3633662,22.7906850,2.0801329,2.0801329,-0.0000818,8.4999677
-54.4608648,22.9652610,2.0801165,2.0801165,-0.0000830,8.4999677
-54.5583605,23.1398385,2.0800995,2.0800995,-0.0000852,8.4999677
-54.6558533,23.3144178,2.0800811,2.0800811,-0.0000906,8.4999678
-54.7533429,23.4889989,2.0800612,2.0800612,-0.0000943,8.4999678
-54.8508290,23.6635819,2.0800256,2.0800256,-0.0001561,8.4999678
-54.9483089,23.8381684,2.0799696,2.0799696,-0.0003419,8.4999678
-55.0457791,24.0127605,2.0799367,2.0799367,-0.0001340,8.4999678
-55.1432435,24.1873557,2.0799109,2.0799109,-0.0001240,8.4999678
-55.2407031,24.3619529,2.0798849,2.0798849,-0.0001313,8.4999678
-55.3381582,24.5365527,2.0798560,2.0798560,-0.0001437,8.4999678
-55.4356083,24.7111554,2.0798235,2.0798235,-0.0001596,8.4999678
-55.5330528,24.8857614,2.0797879,2.0797879,-0.0001797,8.4999678
-55.6304911,25.0603709,2.0797469,2.0797469,-0.0002041,8.4999678
-55.7279223,25.2349845,2.0797001,2.0797001,-0.0002330,8.4999678
-55.8253454,25.4096028,2.0796470,2.0796470,-0.0002664,8.4999678
-55.9227593,25.5842264,2.0795856,2.0795856,-0.0003043,8.4999678
-56.0201625,25.7588560,2.0795166,2.0795166,-0.0003464,8.4999678
-56.1175537,25.9334924,2.0794378,2.0794378,-0.0003922,8.4999678
-56.2149312,26.1081366,2.0793500,2.0793500,-0.0004410,8.4999678
-56.3122934,26.2827894,2.0792515,2.0792515,-0.0004920,8.4999678
-56.4096384,26.4574518,2.0791425,2.0791425,-0.0005439,8.4999678
-56.5069644,26.6321249,2.0790238,2.0790238,-0.0005951,8.4999678
-56.6042697,26.8068096,2.0788951,2.0788951,-0.0006437,8.4999678
-56.7015525,26.9815068,2.0787576,2.0787576,-0.0006873,8.4999678
-56.7988113,27.1562174,2.0786134,2.0786134,-0.0007233,8.4999678
-56.8960449,27.3309420,2.0784641,2.0784641,-0.0007483,8.4999677
-56.9932524,27.5056811,2.0783126,2.0783126,-0.0007588,8.4999677
-57.0904334,27.6804349,2.0781633,2.0781633,-0.0007503,8.4999677
-57.1875883,27.8552032,2.0780200,2.0780200,-0.0007183,8.4999677
-57.2847181,28.0299853,2.0778891,2.0778891,-0.0006576,8.4999677
-57.3818250,28.2047801,2.0777774,2.0777774,-0.0005624,8.4999676
-57.4789123,28.3795856,2.0776928,2.0776928,-0.0004267,8.4999676
-57.5759848,28.5543993,2.0776451,2.0776451,-0.0002441,8.4999676
-57.6730489,28.7292175,2.0776447,2.0776447,-0.0000078,8.4999676
-57.7701129,28.9040357,2.0777029,2.0777029,0.0002890,8.4999675
-57.8671870,29.0788481,2.0778355,2.0778355,0.0006530,8.4999675
-57.9642842,29.2536475,2.0780544,2.0780544,0.0010908,8.4999675
-58.0614196,29.4284255,2.0783780,2.0783780,0.0016086,8.4999675
-58.1586115,29.6031720,2.0788213,2.0788213,0.0022116,8.4999674
-58.2558808,29.7778753,2.0794034,2.0794034,0.0029042,8.4999674
-58.3532517,29.9525218,2.0801429,2.0801429,0.0036890,8.4999674
-58.4507517,30.1270962,2.0810582,2.0810582,0.0045670,8.4999674
-58.5484114,30.3015812,2.0821663,2.0821663,0.0055367,8.4999673
-58.6462643,30.4759577,2.0834866,2.0834866,0.0065937,8.4999673
-58.7443473,30.6502048,2.0850331,2.0850331,0.0077301,8.4999673
-58.8426996,30.8242999,2.0868209,2.0868209,0.0089342,8.4999673
-58.9413630,30.9982189,2.0888584,2.0888584,0.0101897,8.4999673
-59.0403805,31.1719364,2.0911534,2.0911534,0.0114752,8.4999673
-59.1397964,31.3454262,2.0937042,2.0937042,0.0127640,8.4999672
-59.2396545,31.5186618,2.0965076,2.0965076,0.0140239,8.4999672
-59.3399978,31.6916167,2.0995467,2.0995467,0.0152169,8.4999672
-59.4408663,31.8642659,2.1028028,2.1028028,0.0163006,8.4999672
-59.5422964,32.0365857,2.1062417,2.1062417,0.0172292,8.4999671
-59.6443185,32.2085557,2.1098260,2.1098260,0.0179569,8.4999671
-59.7469564,32.3801590,2.1135058,2.1135058,0.0184441,8.4999670
-59.8502251,32.5513835,2.1172289,2.1172289,0.0186623,8.4999669
-59.9541306,32.7222224,2.1209409,2.1209409,0.0186036,8.4999669
-60.0586702,32.8926755,2.1245940,2.1245940,0.0183008,8.4999669
-60.1638318,33.0627456,2.1281556,2.1281556,0.0177932,8.4999669
-60.2695976,33.2324387,2.1316294,2.1316294,0.0174059,8.4999669
-60.3759508,33.4017611,2.1349708,2.1349708,0.0167600,8.4999669
-60.4828702,33.5707288,2.1381350,2.1381350,0.0157728,8.4999669
-60.5903244,33.7393584,2.1411725,2.1411725,0.0151837,8.4999669
-60.6982899,33.9076602,2.1441144,2.1441144,0.0146891,8.4999669
-60.8067503,34.0756440,2.1469962,2.1469962,0.0143896,8.4999670
-60.9156943,34.2433145,2.1498634,2.1498634,0.0143120,8.4999670
-61.0251187,34.4106721,2.1527670,2.1527670,0.0144955,8.4999670
-61.1350286,34.5777113,2.1557647,2.1557647,0.0149645,8.4999670
-61.2454389,34.7444205,2.1589166,2.1589166,0.0157359,8.4999670
-61.3563741,34.9107809,2.1622843,2.1622843,0.0168163,8.4999671
-61.4678691,35.0767670,2.1659289,2.1659289,0.0182031,8.4999671
-61.5799684,35.2423458,2.1699094,2.1699094,0.0198830,8.4999671
-61.6927260,35.4074772,2.1742779,2.1742779,0.0218321,8.4999672
-61.8062040,35.5721146,2.1790833,2.1790833,0.0240156,8.4999673
-61.9204719,35.7362049,2.1843618,2.1843618,0.0263876,8.4999673
-62.0356044,35.8996898,2.1901398,2.1901398,0.0288910,8.4999674
-62.1516797,36.0625069,2.1964302,2.1964302,0.0314585,8.4999675
-62.2687768,36.2245905,2.2032301,2.2032301,0.0340117,8.4999675
-62.3869734,36.3858742,2.2105181,2.2105181,0.0364586,8.4999675
-62.5063422,36.5462921,2.2182504,2.2182504,0.0386926,8.4999675
-62.6269478,36.7057822,2.2263637,2.2263637,0.0405988,8.4999673
-62.7488433,36.8642884,2.2347686,2.2347686,0.0420678,8.4999671
-62.8720667,37.0217645,2.2433598,2.2433598,0.0430025,8.4999670
-62.9966384,37.1781761,2.2520206,2.2520206,0.0433465,8.4999670
-63.1225600,37.3335029,2.2606320,2.2606320,0.0431036,8.4999670
-63.2498146,37.4877397,2.2690851,2.2690851,0.0423033,8.4999670
-63.3783684,37.6408953,2.2772748,2.2772748,0.0409882,8.4999670
-63.5081723,37.7929931,2.2851121,2.2851121,0.0392161,8.4999670
-63.6391643,37.9440690,2.2925167,2.2925167,0.0370516,8.4999670
-63.7712715,38.0941710,2.2994264,2.2994264,0.0345701,8.4999671
-63.9044127,38.2433566,2.3057945,2.3057945,0.0318576,8.4999672
-64.0385014,38.3916915,2.3115925,2.3115925,0.0290000,8.4999672
-64.1734479,38.5392465,2.3168067,2.3168067,0.0260780,8.4999673
-64.3091620,38.6860959,2.3214393,2.3214393,0.0231640,8.4999673
-64.4455550,38.8323151,2.3255036,2.3255036,0.0203189,8.4999673
-64.5825412,38.9779788,2.3290226,2.3290226,0.0175912,8.4999673
-64.7200391,39.1231595,2.3320277,2.3320277,0.0150172,8.4999674
-64.8579727,39.2679264,2.3345532,2.3345532,0.0126221,8.4999674
-64.9962714,39.4123444,2.3366397,2.3366397,0.0104218,8.4999674
-65.1348712,39.5564736,2.3383265,2.3383265,0.0084243,8.4999674
-65.2737138,39.7003687,2.3396542,2.3396542,0.0066313,8.4999674
-65.4127474,39.8440794,2.3406643,2.3406643,0.0050396,8.4999674
-65.5519260,39.9876495,2.3413943,2.3413943,0.0036421,8.4999674
-65.6912095,40.1311181,2.3418820,2.3418820,0.0024289,8.4999674
-65.8305628,40.2745186,2.3421610,2.3421610,0.0013882,8.4999674
-65.9699562,40.4178803,2.3422636,2.3422636,0.0005066,8.4999674
-66.1093643,40.5612277,2.3422187,2.3422187,-0.0002300,8.4999674
-66.2487660,40.7045814,2.3420531,2.3420531,-0.0008362,8.4999674
-66.3881440,40.8479582,2.3417886,2.3417886,-0.0013266,8.4999674
-66.5274840,40.9913718,2.3414463,2.3414463,-0.0017154,8.4999674
-66.6667750,41.1348332,2.3410434,2.3410434,-0.0020182,8.4999674
-66.8060082,41.2783507,2.3405938,2.3405938,-0.0022510,8.4999674
-66.9451754,41.4219293,2.3401126,2.3401126,-0.0024115,8.4999674
-67.0842719,41.5655732,2.3396114,2.3396114,-0.0025080,8.4999674
-67.2232963,41.7092867,2.3390993,2.3390993,-0.0025616,8.4999675
-67.3622472,41.8530715,2.3385853,2.3385853,-0.0025736,8.4999675
-67.5011241,41.9969276,2.3380750,2.3380750,-0.0025516,8.4999675
-67.6399276,42.1408546,2.3375752,2.3375752,-0.0025015,8.4999675
-67.7786592,42.2848510,2.3370899,2.3370899,-0.0024282,8.4999675
-67.9173210,42.4289148,2.3366231,2.3366231,-0.0023351,8.4999675
-68.0559156,42.5730434,2.3361785,2.3361785,-0.0022239,8.4999675
-68.1944462,42.7172337,2.3357597,2.3357597,-0.0020956,8.4999675
-68.3329164,42.8614820,2.3353703,2.3353703,-0.0019493,8.4999675
-68.4713306,43.0057844,2.3350138,2.3350138,-0.0017832,8.4999675
-68.6096935,43.1501363,2.3346954,2.3346954,-0.0015944,8.4999676
-68.7480105,43.2945323,2.3344203,2.3344203,-0.0013790,8.4999676
-68.8862879,43.4389665,2.3341943,2.3341943,-0.0011321,8.4999676
-69.0245328,43.5834321,2.3340248,2.3340248,-0.0008483,8.4999676
-69.1627533,43.7279212,2.3339216,2.3339216,-0.0005216,8.4999676
-69.3009590,43.8724247,2.3338929,2.3338929,-0.0001457,8.4999676
-69.4391606,44.0169322,2.3339513,2.3339513,0.0002857,8.4999676
-69.5773707,44.1614317,2.3341077,2.3341077,0.0007789,8.4999676
-69.7156035,44.3059097,2.3343772,2.3343772,0.0013395,8.4999676
-69.8538752,44.4503504,2.3347726,2.3347726,0.0019722,8.4999676
-69.9922040,44.5947364,2.3353096,2.3353096,0.0026808,8.4999677
-70.1306103,44.7390481,2.3360042,2.3360042,0.0034671,8.4999677
-70.2691167,44.8832635,2.3368722,2.3368722,0.0043314,8.4999677
-70.4077481,45.0273585,2.3379269,2.3379269,0.0052713,8.4999677
-70.5465313,45.1713071,2.3391839,2.3391839,0.0062817,8.4999677
-70.6854951,45.3150809,2.3406555,2.3406555,0.0073541,8.4999677
-70.8246701,45.4586498,2.3423503,2.3423503,0.0084764,8.4999677
-70.9640880,45.6019824,2.3442770,2.3442770,0.0096326,8.4999677
-71.1037815,45.7450458,2.3464364,2.3464364,0.0108019,8.4999677
-71.2437833,45.8878069,2.3488267,2.3488267,0.0119590,8.4999678
-71.3841256,46.0302326,2.3514398,2.3514398,0.0130734,8.4999678
-71.5248393,46.1722908,2.3542590,2.3542590,0.0141096,8.4999678
-71.6659526,46.3139514,2.3572618,2.3572618,0.0150267,8.4999678
-71.8074904,46.4551874,2.3604138,2.3604138,0.0157788,8.4999678
-71.9494724,46.5959763,2.3636733,2.3636733,0.0163159,8.4999679
-72.0919125,46.7363016,2.3669853,2.3669853,0.0165826,8.4999679
-72.2348166,46.8761544,2.3702864,2.3702864,0.0165272,8.4999678
-72.3781818,47.0155349,2.3734985,2.3734985,0.0160801,8.4999678
-72.5219945,47.1544547,2.3765413,2.3765413,0.0152411,8.4999677
-72.6662300,47.2929370,2.3793008,2.3793008,0.0138137,8.4999677
-72.8108482,47.4310218,2.3817025,2.3817025,0.0119927,8.4524164
-72.9557990,47.5687602,2.3838710,2.3838710,0.0107936,8.3020172
-73.1010499,47.7061856,2.3859642,2.3859642,0.0104773,8.0821015
-73.2465905,47.8433089,2.3878700,2.3878700,0.0096340,7.8556971
-73.3923954,47.9801576,2.3892401,2.3892401,0.0069971,7.6209426
-73.5383915,48.1168100,2.3895936,2.3895936,0.0021175,7.3756814
-73.6844402,48.2534148,2.3880931,2.3880931,-0.0066917,7.1195594
-73.8302878,48.3902424,2.3834448,2.3834448,-0.0219989,6.8651821
-73.9754800,48.5277296,2.3741978,2.3741978,-0.0452604,6.6200878
-74.1193727,48.6665323,2.3592193,2.3592193,-0.0746489,6.3929195
-74.2611660,48.8074704,2.3380345,2.3380345,-0.1060906,6.1879726
-74.3999492,48.9513880,2.3108156,2.3108156,-0.1365464,6.0065507
-74.5347340,49.0989963,2.2785114,2.2785114,-0.1618065,5.8471300
-74.6646129,49.2508014,2.2417784,2.2417784,-0.1840678,5.7065573
-74.7888958,49.4073578,2.2004421,2.2004421,-0.2065460,5.5806505
-74.9067128,49.5690672,2.1543089,2.1543089,-0.2305136,5.4644266
-75.0169477,49.7360391,2.1034836,2.1034836,-0.2538207,5.3526951
-75.1185254,49.9083412,2.0474154,2.0474154,-0.2799317,5.2409597
-75.2102532,50.0859977,1.9852976,1.9852976,-0.3104858,5.1267965
-75.2907930,50.2690455,1.9163862,1.9163862,-0.3442700,5.0068600
-75.3585604,50.4572680,1.8399171,1.8399171,-0.3817805,4.8787772
-75.4117649,50.6501695,1.7552112,1.7552112,-0.4224170,4.7392385
-75.4484693,50.8469398,1.6618035,1.6618035,-0.4650267,4.5838456
-75.4666689,51.0463673,1.5596271,1.5596271,-0.5076717,4.4064259
-75.4644304,51.2467756,1.4493808,1.4493808,-0.5467285,4.1978431
-75.4401151,51.4460557,1.3336648,1.3336648,-0.5740485,3.9438347
-75.3929206,51.6413337,1.2253340,1.2253340,-0.5551936,3.6211596
-75.3263476,51.8263128,1.2031212,1.2031212,-0.2987785,3.1899944
-75.2547285,52.0122442,1.4193566,1.4193566,1.8396755,2.6471077
-75.2246350,52.2094388,1.4173035,1.4173035,-0.1693181,2.4842526
-75.1944568,52.4045022,1.3173951,1.3173951,-0.5177089,2.5992587
-75.1439195,52.5996510,1.2073595,1.2073595,-0.5499549,2.8876113
-75.0725762,52.7872328,1.0971984,1.0971984,-0.5611622,3.1612730
-74.9813508,52.9652334,0.9931495,0.9931495,-0.5213851,3.3899160
-74.8721467,53.1327731,0.8946074,0.8946074,-0.4941689,3.5871581
-74.7469207,53.2888418,0.8019284,0.8019284,-0.4634347,3.7608553
-74.6077473,53.4326941,0.7160451,0.7160451,-0.4270882,3.9161227
-74.4568750,53.5639673,0.6348577,0.6348577,-0.4049936,4.0566230
-74.2960436,53.6824327,0.5553901,0.5553901,-0.3990416,4.1846066
-74.1262633,53.7877892,0.4783929,0.4783929,-0.3851099,4.3015022
-73.9488282,53.8798017,0.4051487,0.4051487,-0.3672102,4.4091056
-73.7651579,53.9585734,0.3377946,0.3377946,-0.3373579,4.5149088
-73.5765737,54.0248150,0.2784615,0.2784615,-0.2969846,4.6273313
-73.3843731,54.0797631,0.2281357,0.2281357,-0.2516652,4.7511347
-73.1896257,54.1249791,0.1868776,0.1868776,-0.2061496,4.8877494
-72.9931605,54.1621275,0.1539935,0.1539935,-0.1641800,5.0362901
-72.7955679,54.1927983,0.1283406,0.1283406,-0.1279786,5.1945809
-72.5972478,54.2183915,0.1085667,0.1085667,-0.0985771,5.3598030
-72.3984584,54.2400586,0.0933766,0.0933766,-0.0756886,5.5290594
-72.1993627,54.2587037,0.0817147,0.0817147,-0.0580838,5.6999651
-72.0000637,54.2750257,0.0727622,0.0727622,-0.0445521,5.8708392
-71.8006272,54.2895628,0.0658797,0.0658797,-0.0342236,6.0405057
-71.6010962,54.3027269,0.0605615,0.0605615,-0.0264095,6.2081501
-71.4014990,54.3148296,0.0564105,0.0564105,-0.0205852,6.3732177
-71.2018546,54.3261036,0.0531094,0.0531094,-0.0163459,6.5353384
-71.0021760,54.3367184,0.0504015,0.0504015,-0.0133838,6.6942712
-70.8024721,54.3467923,0.0480772,0.0480772,-0.0114739,6.8498369
-70.6027457,54.3564020,0.0459612,0.0459612,-0.0104765,7.0017842
-70.4029963,54.3655892,0.0438996,0.0438996,-0.0102262,7.1502057
-70.2032252,54.3743647,0.0417567,0.0417567,-0.0106539,7.2950323
-70.0034336,54.3827122,0.0394093,0.0394093,-0.0116854,7.4361822
-69.8036196,54.3905908,0.0367367,0.0367367,-0.0133579,7.5735473
-69.6037840,54.3979354,0.0336765,0.0336765,-0.0152591,7.7070006
-69.4039425,54.4046679,0.0301204,0.0301204,-0.0177208,7.8363800
-69.2040888,54.4106894,0.0258628,0.0258628,-0.0212952,7.9614517
-69.0042012,54.4158602,0.0208359,0.0208359,-0.0251410,8.0819672
-68.8042870,54.4200262,0.0150535,0.0150535,-0.0289170,8.1977401
-68.6043549,54.4230361,0.0085270,0.0085270,-0.0326536,8.3086867
-68.4044069,54.4247411,0.0013113,0.0013113,-0.0360745,8.4148795
-68.2044529,54.4250033,-0.0066746,-0.0066746,-0.0398889,8.4845403
-68.0045037,54.4236687,-0.0156218,-0.0156218,-0.0447388,8.4999674
-67.8045751,54.4205452,-0.0254813,-0.0254813,-0.0493787,8.4999673
-67.6046872,54.4154507,-0.0359777,-0.0359777,-0.0525879,8.4999672
-67.4048636,54.4082584,-0.0467890,-0.0467890,-0.0541633,8.4999672
-67.2051292,54.3989062,-0.0576302,-0.0576302,-0.0543120,8.4999673
-67.0055075,54.3873892,-0.0682561,-0.0682561,-0.0532275,8.4999674
-66.8060190,54.3737517,-0.0784683,-0.0784683,-0.0511429,8.4999675
-66.6066798,54.3580777,-0.0881084,-0.0881084,-0.0482746,8.4999677
-66.4075008,54.3404828,-0.0970613,-0.0970613,-0.0448192,8.4999678
-66.2084872,54.3211054,-0.1052475,-0.1052475,-0.0409705,8.4999679
-66.0096389,54.3000995,-0.1126255,-0.1126255,-0.0369059,8.4999680
-65.8109512,54.2776271,-0.1191817,-0.1191817,-0.0327784,8.4999680
-65.6124154,54.2538526,-0.1249282,-0.1249282,-0.0287128,8.4999680
-65.4140187,54.2289375,-0.1298965,-0.1298965,-0.0248057,8.4999681
-65.2157443,54.2030365,-0.1341297,-0.1341297,-0.0211296,8.4999681
-65.0175812,54.1762964,-0.1376827,-0.1376827,-0.0177229,8.4999680
-64.8195144,54.1488524,-0.1406116,-0.1406116,-0.0146094,8.4999680
-64.6215289,54.1208284,-0.1429790,-0.1429790,-0.0117989,8.4999680
-64.4236105,54.0923358,-0.1448443,-0.1448443,-0.0092916,8.4999680
-64.2257457,54.0634741,-0.1462658,-0.1462658,-0.0070801,8.4999680
-64.0279225,54.0343312,-0.1473014,-0.1473014,-0.0051524,8.4999679
-63.8301299,54.0049835,-0.1480049,-0.1480049,-0.0034929,8.4999679
-63.6323582,53.9754967,-0.1484253,-0.1484253,-0.0020839,8.4999679
-63.4345992,53.9459268,-0.1486106,-0.1486106,-0.0009061,8.4999679
-63.2368460,53.9163203,-0.1486016,-0.1486016,0.0000607,8.4999678
-63.0390927,53.8867156,-0.1484365,-0.1484365,0.0008367,8.4999678
-62.8413348,53.8571436,-0.1481504,-0.1481504,0.0014425,8.4999678
-62.6435686,53.8276282,-0.1477729,-0.1477729,0.0018979,8.4999678
-62.4457915,53.7981875,-0.1473301,-0.1473301,0.0022222,8.4999678
-62.2480015,53.7688344,-0.1468447,-0.1468447,0.0024336,8.4999678
-62.0501973,53.7395773,-0.1463363,-0.1463363,0.0025494,8.4999677
-61.8523784,53.7104208,-0.1458198,-0.1458198,0.0025856,8.4999677
-61.6545446,53.6813665,-0.1453093,-0.1453093,0.0025569,8.4999677
-61.4566960,53.6524132,-0.1448144,-0.1448144,0.0024764,8.4999677
-61.2588331,53.6235578,-0.1443440,-0.1443440,0.0023562,8.4999677
-61.0609567,53.5947955,-0.1439028,-0.1439028,0.0022066,8.4999677
-60.8630676,53.5661205,-0.1434955,-0.1434955,0.0020368,8.4999677
-60.6651669,53.5375261,-0.1431247,-0.1431247,0.0018546,8.4999676
-60.4672556,53.5090051,-0.1427917,-0.1427917,0.0016666,8.4999676
-60.2693348,53.4805500,-0.1424961,-0.1424961,0.0014783,8.4999676
-60.0714056,53.4521534,-0.1422369,-0.1422369,0.0012939,8.4999676
-59.8734690,53.4238081,-0.1420136,-0.1420136,0.0011170,8.4999676
-59.6755261,53.3955070,-0.1418236,-0.1418236,0.0009503,8.4999676
-59.4775777,53.3672435,-0.1416645,-0.1416645,0.0007955,8.4999676
-59.2796249,53.3390115,-0.1415331,-0.1415331,0.0006540,8.4999676
-59.0816683,53.3108055,-0.1414280,-0.1414280,0.0005263,8.4999676
-58.8837087,53.2826203,-0.1413447,-0.1413447,0.0004129,8.4999676
-58.6857468,53.2544516,-0.1412825,-0.1412825,0.0003135,8.4999676
-58.4877831,53.2262952,-0.1412365,-0.1412365,0.0002277,8.4999676
-58.2898181,53.1981479,-0.1412052,-0.1412052,0.0001548,8.4999676
-58.0918522,53.1700068,-0.1411865,-0.1411865,0.0000941,8.4999676
-57.8938857,53.1418694,-0.1411773,-0.1411773,0.0000445,8.4999676
-57.6959189,53.1137338,-0.1411764,-0.1411764,0.0000050,8.4999676
-57.4979521,53.0855984,-0.1411809,-0.1411809,-0.0000255,8.4999676
-57.2999854,53.0574621,-0.1411909,-0.1411909,-0.0000480,8.4999676
-57.1020189,53.0293238,-0.1412031,-0.1412031,-0.0000635,8.4999676
-56.9040528,53.0011831,-0.1412182,-0.1412182,-0.0000732,8.4999676
-56.7060870,52.9730394,-0.1412334,-0.1412334,-0.0000779,8.4999676
-56.5081217,52.9448927,-0.1412490,-0.1412490,-0.0000786,8.4999676
-56.3101568,52.9167429,-0.1412641,-0.1412641,-0.0000760,8.4999676
-56.1121923,52.8885901,-0.1412787,-0.1412787,-0.0000710,8.4999676
-55.9142281,52.8604344,-0.1412909,-0.1412909,-0.0000642,8.4999676
-55.7162643,52.8322763,-0.1413025,-0.1413025,-0.0000561,8.4999676
-55.5183008,52.8041159,-0.1413120,-0.1413120,-0.0000473,8.4999676
-55.3203375,52.7759536,-0.1413196,-0.1413196,-0.0000382,8.4999676
-55.1223744,52.7477898,-0.1413252,-0.1413252,-0.0000291,8.4999676
-54.9244115,52.7196249,-0.1413291,-0.1413291,-0.0000204,8.4999676
-54.7264486,52.6914592,-0.1413322,-0.1413322,-0.0000122,8.4999676
-54.5284858,52.6632929,-0.1413327,-0.1413327,-0.0000049,8.4999676
-54.3305230,52.6351265,-0.1413327,-0.1413327,0.0000016,8.4999676
-54.1325602,52.6069601,-0.1413311,-0.1413311,0.0000071,8.4999676
-53.9345973,52.5787940,-0.1413291,-0.1413291,0.0000116,8.4999676
-53.7366344,52.5506283,-0.1413255,-0.1413255,0.0000150,8.4999676
-53.5386713,52.5224633,-0.1413225,-0.1413225,0.0000173,8.4999676
-53.3407081,52.4942989,-0.1413190,-0.1413190,0.0000186,8.4999676
-53.1427449,52.4661352,-0.1413149,-0.1413149,0.0000190,8.4999676
-52.9447815,52.4379723,-0.1413113,-0.1413113,0.0000183,8.4999676
-52.7468179,52.4098101,-0.1413078,-0.1413078,0.0000168,8.4999676
-52.5488543,52.3816486,-0.1413053,-0.1413053,0.0000144,8.4999676
-52.3508906,52.3534876,-0.1413028,-0.1413028,0.0000114,8.4999676
-52.1529269,52.3253271,-0.1413012,-0.1413012,0.0000076,8.4999676
-51.9549630,52.2971669,-0.1413008,-0.1413008,0.0000032,8.4999676
-51.7569992,52.2690068,-0.1413013,-0.1413013,-0.0000016,8.4999676
-51.5590354,52.2408466,-0.1413027,-0.1413027,-0.0000069,8.4999676
-51.3610716,52.2126861,-0.1413048,-0.1413048,-0.0000126,8.4999676
-51.1631079,52.1845252,-0.1413088,-0.1413088,-0.0000186,8.4999676
-50.9651443,52.1563635,-0.1413139,-0.1413139,-0.0000249,8.4999676
-50.7671809,52.1282008,-0.1413199,-0.1413199,-0.0000313,8.4999677
-50.5692176,52.1000369,-0.1413276,-0.1413276,-0.0000379,8.4999677
-50.3712546,52.0718715,-0.1413361,-0.1413361,-0.0000446,8.4999677
-50.1732918,52.0437044,-0.1413467,-0.1413467,-0.0000513,8.4999677
-49.9753293,52.0155352,-0.1413584,-0.1413584,-0.0000580,8.4999677
-49.7773672,51.9873637,-0.1413715,-0.1413715,-0.0000647,8.4999677
-49.5794054,51.9591896,-0.1413857,-0.1413857,-0.0000713,8.4999677
-49.3814441,51.9310127,-0.1414008,-0.1414008,-0.0000778,8.4999677
-49.1834832,51.9028328,-0.1414180,-0.1414180,-0.0000842,8.4999677
-48.9855228,51.8746495,-0.1414362,-0.1414362,-0.0000904,8.4999677
-48.7875629,51.8464626,-0.1414554,-0.1414554,-0.0000963,8.4999677
-48.5896036,51.8182719,-0.1414756,-0.1414756,-0.0001025,8.4999677
-48.3916448,51.7900772,-0.1414974,-0.1414974,-0.0001069,8.4999677
-48.1936867,51.7618782,-0.1415216,-0.1415216,-0.0001220,8.4999677
-47.9957293,51.7336744,-0.1415468,-0.1415468,-0.0001287,8.4999677
-47.7977725,51.7054656,-0.1415705,-0.1415705,-0.0001164,8.4999677
-47.5998163,51.6772521,-0.1415933,-0.1415933,-0.0001152,8.4999677
-47.4018608,51.6490341,-0.1416160,-0.1416160,-0.0001134,8.4999677
-47.2039059,51.6208116,-0.1416383,-0.1416383,-0.0001113,8.4999677
-47.0059517,51.5925847,-0.1416599,-0.1416599,-0.0001085,8.4999677
-46.8079980,51.5643535,-0.1416811,-0.1416811,-0.0001051,8.4999677
-46.6100449,51.5361181,-0.1417014,-0.1417014,-0.0001011,8.4999677
-46.4120924,51.5078787,-0.1417205,-0.1417205,-0.0000966,8.4999677
-46.2141404,51.4796355,-0.1417387,-0.1417387,-0.0000915,8.4999677
-46.0161889,51.4513887,-0.1417558,-0.1417558,-0.0000858,8.4999677
-45.8182378,51.4231385,-0.1417720,-0.1417720,-0.0000797,8.4999677
-45.6202872,51.3948851,-0.1417862,-0.1417862,-0.0000730,8.4999677
-45.4223370,51.3666289,-0.1417998,-0.1417998,-0.0000658,8.4999677
-45.2243872,51.3383700,-0.1418108,-0.1418108,-0.0000582,8.4999677
-45.0264376,51.3101089,-0.1418214,-0.1418214,-0.0000502,8.4999677
-44.8284883,51.2818457,-0.1418295,-0.1418295,-0.0000419,8.4999677
-44.6305392,51.2535809,-0.1418366,-0.1418366,-0.0000333,8.4999677
-44.4325903,51.2253147,-0.1418411,-0.1418411,-0.0000245,8.4999677
-44.2346415,51.1970476,-0.1418442,-0.1418442,-0.0000156,8.4999677
-44.0366928,51.1687799,-0.1418456,-0.1418456,-0.0000067,8.4999677
-43.8387441,51.1405119,-0.1418451,-0.1418451,0.0000021,8.4999677
-43.6407954,51.1122440,-0.1418431,-0.1418431,0.0000106,8.4999677
-43.4428466,51.0839765,-0.1418395,-0.1418395,0.0000187,8.4999677
-43.2448976,51.0557097,-0.1418340,-0.1418340,0.0000262,8.4999677
-43.0469485,51.0274440,-0.1418279,-0.1418279,0.0000329,8.4999677
-42.8489992,50.9991795,-0.1418198,-0.1418198,0.0000386,8.4999677
-42.6510497,50.9709166,-0.1418112,-0.1418112,0.0000430,8.4999677
-42.4530999,50.9426554,-0.1418021,-0.1418021,0.0000458,8.4999677
-42.2551499,50.9143960,-0.1417930,-0.1417930,0.0000469,8.4999677
-42.0571996,50.8861384,-0.1417834,-0.1417834,0.0000459,8.4999677
-41.8592490,50.8578827,-0.1417753,-0.1417753,0.0000426,8.4999677
-41.6612981,50.8296286,-0.1417678,-0.1417678,0.0000366,8.4999677
-41.4633471,50.8013760,-0.1417627,-0.1417627,0.0000276,8.4999677
-41.2653959,50.7731244,-0.1417591,-0.1417591,0.0000153,8.4999677
-41.0674446,50.7448735,-0.1417596,-0.1417596,-0.0000004,8.4999677
-40.8694933,50.7166225,-0.1417632,-0.1417632,-0.0000199,8.4999677
-40.6715422,50.6883708,-0.1417723,-0.1417723,-0.0000433,8.4999677
-40.4735913,50.6601173,-0.1417864,-0.1417864,-0.0000707,8.4999677
-40.2756408,50.6318610,-0.1418071,-0.1418071,-0.0001023,8.4999677
-40.0776908,50.6036006,-0.1418345,-0.1418345,-0.0001378,8.4999676
-39.8797417,50.5753348,-0.1418698,-0.1418698,-0.0001772,8.4999676
-39.6817936,50.5470620,-0.1419137,-0.1419137,-0.0002201,8.4999676
-39.4838467,50.5187805,-0.1419674,-0.1419674,-0.0002660,8.4999676
-39.2859014,50.4904884,-0.1420299,-0.1420299,-0.0003143,8.4999676
-39.0879578,50.4621839,-0.1421027,-0.1421027,-0.0003639,8.4999676
-38.8900163,50.4338650,-0.1421856,-0.1421856,-0.0004138,8.4999676
-38.6920772,50.4055297,-0.1422781,-0.1422781,-0.0004624,8.4999676
-38.4941407,50.3771761,-0.1423791,-0.1423791,-0.0005080,8.4999676
-38.2962071,50.3488025,-0.1424892,-0.1424892,-0.0005485,8.4999676
-38.0982766,50.3204071,-0.1426055,-0.1426055,-0.0005813,8.4999676
-37.9003495,50.2919887,-0.1427258,-0.1427258,-0.0006037,8.4999676
-37.7024258,50.2635465,-0.1428480,-0.1428480,-0.0006122,8.4999676
-37.5045056,50.2350801,-0.1429688,-0.1429688,-0.0006033,8.4999676
-37.3065888,50.2065898,-0.1430826,-0.1430826,-0.0005728,8.4999676
-37.1086754,50.1780770,-0.1431860,-0.1431860,-0.0005162,8.4999676
-36.9107648,50.1495437,-0.1432715,-0.1432715,-0.0004287,8.4999675
-36.7128568,50.1209935,-0.1433316,-0.1433316,-0.0003050,8.4999675
-36.5149504,50.0924314,-0.1433595,-0.1433595,-0.0001398,8.4999675
-36.3170449,50.0638638,-0.1433448,-0.1433448,0.0000727,8.4999675
-36.1191390,50.0352991,-0.1432761,-0.1432761,0.0003382,8.4999675
-35.9212311,50.0067480,-0.1431432,-0.1431432,0.0006622,8.4999675
-35.7233195,49.9782232,-0.1429330,-0.1429330,0.0010502,8.4999675
-35.5254018,49.9497400,-0.1426304,-0.1426304,0.0015072,8.4999675
-35.3274756,49.9213167,-0.1422227,-0.1422227,0.0020373,8.4999675
-35.1295378,49.8929741,-0.1416937,-0.1416937,0.0026440,8.4999675
-34.9315850,49.8647362,-0.1410264,-0.1410264,0.0033293,8.4999675
-34.7336134,49.8366304,-0.1402077,-0.1402077,0.0040934,8.4999675
-34.5356189,49.8086867,-0.1392204,-0.1392204,0.0049349,8.4999675
-34.3375969,49.7809385,-0.1380498,-0.1380498,0.0058497,8.4999675
-34.1395425,49.7534221,-0.1366833,-0.1366833,0.0068309,8.4999675
-33.9414508,49.7261764,-0.1351099,-0.1351099,0.0078684,8.4999675
-33.7433164,49.6992424,-0.1333204,-0.1333204,0.0089484,8.4999675
-33.5451341,49.6726630,-0.1313099,-0.1313099,0.0100533,8.4999675
-33.3468988,49.6464821,-0.1290780,-0.1290780,0.0111615,8.4999675
-33.1486055,49.6207437,-0.1266295,-0.1266295,0.0122476,8.4999675
-32.9502498,49.5954909,-0.1239741,-0.1239741,0.0132832,8.4999675
-32.7518278,49.5707649,-0.1211281,-0.1211281,0.0142388,8.4999674
-32.5533362,49.5466037,-0.1181125,-0.1181125,0.0150855,8.4999674
-32.3547727,49.5230412,-0.1149548,-0.1149548,0.0157988,8.4999674
-32.1561357,49.5001058,-0.1116837,-0.1116837,0.0163639,8.4999674
-31.9574248,49.4778203,-0.1083312,-0.1083312,0.0167760,8.4999674
-31.7586403,49.4562011,-0.1049256,-0.1049256,0.0170355,8.4999674
-31.5597833,49.4352590,-0.1014986,-0.1014986,0.0171441,8.4999674
-31.3608557,49.4149985,-0.0980804,-0.0980804,0.0171039,8.4999674
-31.1618600,49.3954181,-0.0946984,-0.0946984,0.0169172,8.4999674
-30.9627992,49.3765108,-0.0913829,-0.0913829,0.0165877,8.4999673
-30.7636768,49.3582636,-0.0881597,-0.0881597,0.0161232,8.4999673
-30.5644966,49.3406583,-0.0850534,-0.0850534,0.0155405,8.4999673
-30.3652627,49.3236718,-0.0820814,-0.0820814,0.0148649,8.4999673
-30.1659793,49.3072775,-0.0792576,-0.0792576,0.0141251,8.4999673
-29.9666503,49.2914460,-0.0765880,-0.0765880,0.0133498,8.4999673
-29.7672799,49.2761467,-0.0740758,-0.0740758,0.0125654,8.4999673
-29.5678717,49.2613483,-0.0717170,-0.0717170,0.0117938,8.4999673
-29.3684291,49.2470203,-0.0695066,-0.0695066,0.0110518,8.4999673
-29.1689555,49.2331332,-0.0674363,-0.0674363,0.0103505,8.4999673
-28.9694536,49.2196591,-0.0654976,-0.0654976,0.0096952,8.4999673
-28.7699260,49.2065718,-0.0636804,-0.0636804,0.0090858,8.4999673
-28.5703750,49.1938471,-0.0619767,-0.0619767,0.0085176,8.4999673
-28.3708027,49.1814624,-0.0603809,-0.0603809,0.0079813,8.4999673
-28.1712109,49.1693962,-0.0588879,-0.0588879,0.0074651,8.4999673
-27.9716014,49.1576280,-0.0574973,-0.0574973,0.0069559,8.4999673
-27.7719758,49.1461374,-0.0562099,-0.0562099,0.0064416,8.4999672
-27.5723355,49.1349038,-0.0550275,-0.0550275,0.0059116,8.4999672
-27.3726826,49.1239063,-0.0539539,-0.0539539,0.0053712,8.4999672
-27.1730169,49.1131231,-0.0529907,-0.0529907,0.0048003,8.4999672
-26.9733425,49.1025323,-0.0521103,-0.0521103,0.0044203,8.4999672
-26.7736647,49.0921176,-0.0513315,-0.0513315,0.0039122,8.4999672
-26.5739768,49.0818583,-0.0506873,-0.0506873,0.0031951,8.4999672
-26.3742774,49.0717274,-0.0501534,-0.0501534,0.0026699,8.4999673
-26.1745722,49.0617031,-0.0497118,-0.0497118,0.0022025,8.4999673
-25.9748627,49.0517670,-0.0493552,-0.0493552,0.0017791,8.4999673
-25.7751493,49.0419021,-0.0490737,-0.0490737,0.0014023,8.4999673
-25.5754330,49.0320934,-0.0488569,-0.0488569,0.0010770,8.4999674
-25.3757143,49.0223280,-0.0486941,-0.0486941,0.0008065,8.4999674
-25.1759940,49.0125951,-0.0485739,-0.0485739,0.0005932,8.4999674
-24.9762724,49.0028862,-0.0484843,-0.0484843,0.0004389,8.4999674
-24.7765499,48.9931952,-0.0484137,-0.0484137,0.0003449,8.4999674
-24.5768266,48.9835183,-0.0483491,-0.0483491,0.0003120,8.4999675
-24.3771027,48.9738543,-0.0482795,-0.0482795,0.0003404,8.4999675
-24.1773782,48.9642042,-0.0481914,-0.0481914,0.0004302,8.4999675
-23.9776529,48.9545717,-0.0480730,-0.0480730,0.0005810,8.4999675
-23.7779274,48.9449629,-0.0479129,-0.0479129,0.0007920,8.4999676
-23.5782009,48.9353861,-0.0476990,-0.0476990,0.0010618,8.4999676
-23.3784721,48.9258520,-0.0474191,-0.0474191,0.0013883,8.4999676
-23.1787405,48.9163738,-0.0470641,-0.0470641,0.0017688,8.4999676
-22.9790054,48.9069665,-0.0466225,-0.0466225,0.0021998,8.4999676
-22.7792660,48.8976474,-0.0460857,-0.0460857,0.0026765,8.4999676
-22.5795214,48.8884355,-0.0454469,-0.0454469,0.0031929,8.4999677
-22.3797708,48.8793512,-0.0446974,-0.0446974,0.0037415,8.4999677
-22.1800132,48.8704166,-0.0438344,-0.0438344,0.0043129,8.4999677
-21.9802482,48.8616544,-0.0428557,-0.0428557,0.0048959,8.4999677
-21.7804763,48.8530878,-0.0417615,-0.0417615,0.0054767,8.4999677
-21.5806954,48.8447398,-0.0405547,-0.0405547,0.0060388,8.4999677
-21.3809048,48.8366329,-0.0392439,-0.0392439,0.0065632,8.4999678
-21.1811040,48.8287879,-0.0378411,-0.0378411,0.0070279,8.4999678
-20.9812927,48.8212232,-0.0363633,-0.0363633,0.0074077,8.4999678
-20.7814707,48.8139538,-0.0348331,-0.0348331,0.0076742,8.4999678
-20.5816381,48.8069902,-0.0332789,-0.0332789,0.0077957,8.4999678
-20.3817952,48.8003372,-0.0317367,-0.0317367,0.0077375,8.4999678
-20.1819426,48.7939924,-0.0302507,-0.0302507,0.0074617,8.4999678
-19.9820811,48.7879446,-0.0288723,-0.0288723,0.0069282,8.4999678
-19.7822117,48.7821723,-0.0276601,-0.0276601,0.0060948,8.4999678
-19.5823357,48.7766423,-0.0266835,-0.0266835,0.0049188,8.4999678
-19.3824545,48.7713075,-0.0260186,-0.0260186,0.0033579,8.4999678
-19.1825699,48.7661056,-0.0257515,-0.0257515,0.0013718,8.4999678
-18.9826839,48.7609571,-0.0259721,-0.0259721,-0.0010726,8.4999678
-18.7827989,48.7557645,-0.0267785,-0.0267785,-0.0040087,8.4999678
-18.5829179,48.7504107,-0.0282704,-0.0282704,-0.0074305,8.4999678
-18.3830447,48.7447587,-0.0305548,-0.0305548,-0.0114089,8.4999679
-18.1831843,48.7386501,-0.0337401,-0.0337401,-0.0158437,8.4725629
-17.9833437,48.7319049,-0.0381928,-0.0381928,-0.0221434,8.3374613
-17.7835343,48.7242699,-0.0445526,-0.0445526,-0.0317264,8.1336482
-17.5837770,48.7153643,-0.0532645,-0.0532645,-0.0435446,7.9371924
-17.3841048,48.7047188,-0.0644800,-0.0644800,-0.0560792,7.7493491
-17.1845648,48.6918346,-0.0782788,-0.0782788,-0.0690111,7.5707474
-16.9852215,48.6761983,-0.0946652,-0.0946652,-0.0819628,7.4015866
-16.7861610,48.6572977,-0.1136009,-0.1136009,-0.0947293,7.2417794
-16.5874909,48.6346310,-0.1350205,-0.1350205,-0.1071418,7.0910568
-16.3893489,48.6077140,-0.1588328,-0.1588328,-0.1191807,6.9490325
-16.1918924,48.5760850,-0.1849271,-0.1849271,-0.1303004,6.8152353
-15.9953382,48.5393167,-0.2132322,-0.2132322,-0.1425248,6.6893137
-15.7999745,48.4970158,-0.2430930,-0.2430930,-0.1481940,6.5707673
-15.6060023,48.4489112,-0.2754855,-0.2754855,-0.1618052,6.4586722
-15.4136117,48.3945276,-0.3112712,-0.3112712,-0.1790174,6.3523385
-15.2231972,48.3332656,-0.3504861,-0.3504861,-0.1959016,6.2508509
-15.0353007,48.2645745,-0.3930832,-0.3930832,-0.2126949,6.1533625
-14.8504844,48.1879379,-0.4391770,-0.4391770,-0.2301054,6.0590591
-14.6694024,48.1028700,-0.4887975,-0.4887975,-0.2477586,5.9669707
-14.4927912,48.0089403,-0.5418262,-0.5418262,-0.2649899,5.8748230
-14.3214460,47.9058051,-0.5980119,-0.5980119,-0.2811253,5.7780917
-14.1561895,47.7932287,-0.6571498,-0.6571498,-0.2958988,5.6723630
-13.9978442,47.6710577,-0.7193647,-0.7193647,-0.3113621,5.5594714
-13.8472639,47.5391577,-0.7841725,-0.7841725,-0.3251728,5.4654696
-13.7053257,47.3975670,-0.8485264,-0.8485264,-0.3235329,5.3975361
-13.5727907,47.2471457,-0.9048059,-0.9048059,-0.2867509,5.3568611
-13.4497780,47.0905909,-0.9417730,-0.9417730,-0.1909109,5.3338224
-13.3324292,46.9293133,-0.9506732,-0.9506732,-0.0341108,5.3109725
-13.2167072,46.7672592,-0.9572234,-0.9572234,-0.0238521,5.2840952
-13.1018810,46.6042118,-0.9866820,-0.9866820,-0.1506285,5.2546972
-12.9916283,46.4374313,-1.0362414,-1.0362414,-0.2517393,5.2305306
-12.8899590,46.2657077,-1.0974275,-1.0974275,-0.3080704,5.2158228
-12.7986097,46.0873647,-1.1640639,-1.1640639,-0.3340140,5.2106061
-12.7192961,45.9032364,-1.2321684,-1.2321684,-0.3420286,5.2149678
-12.6529015,45.7147192,-1.2996488,-1.2996488,-0.3386053,5.2284723
-12.5993795,45.5221898,-1.3656602,-1.3656602,-0.3305560,5.2487001
-12.5586546,45.3264561,-1.4301158,-1.4301158,-0.3220817,5.2733526
-12.5306207,45.1284989,-1.4936273,-1.4936273,-0.3174854,5.3005473
-12.5152074,44.9291613,-1.5564736,-1.5564736,-0.3142662,5.3287531
-12.5123437,44.7292333,-1.6185651,-1.6185651,-0.3105058,5.3568484
-12.5218916,44.5295081,-1.6796916,-1.6796916,-0.3057656,5.3843567
-12.5436229,44.3307360,-1.7394832,-1.7394832,-0.2991477,5.4120960
-12.5771936,44.1336153,-1.7974960,-1.7974960,-0.2903284,5.4419477
-12.6221377,43.9387693,-1.8532211,-1.8532211,-0.2789809,5.4761225
-12.6778658,43.7467236,-1.9061196,-1.9061196,-0.2648889,5.5167779
-12.7436725,43.5578863,-1.9557278,-1.9557278,-0.2483899,5.5655265
-12.8187569,43.3725578,-2.0017786,-2.0017786,-0.2304415,5.6231296
-12.9022668,43.1909397,-2.0442639,-2.0442639,-0.2124408,5.6893939
-12.9934210,43.0130209,-2.0833708,-2.0833708,-0.1954772,5.7626873
-13.0914686,42.8387895,-2.1193578,-2.1193578,-0.1798745,5.8418534
-13.1957293,42.6681857,-2.1524922,-2.1524922,-0.1656127,5.9259538
-13.3055923,42.5011178,-2.1830164,-2.1830164,-0.1525695,6.0142663
-13.4205099,42.3374708,-2.2111528,-2.2111528,-0.1406298,6.1062225
-13.5399910,42.1771146,-2.2371055,-2.2371055,-0.1297115,6.2013475
-13.6635956,42.0199097,-2.2610677,-2.2610677,-0.1197580,6.2992214
-13.7909304,41.8657126,-2.2832245,-2.2832245,-0.1107254,6.3994583
-13.9216452,41.7143802,-2.3037533,-2.3037533,-0.1025732,6.5016980
-14.0554293,41.5657736,-2.3228236,-2.3228236,-0.0952621,6.6056029
-14.1920263,41.4197415,-2.3405985,-2.3405985,-0.0887912,6.7109411
-14.3312110,41.2761462,-2.3572326,-2.3572326,-0.0831092,6.8172997
-14.4727714,41.1348794,-2.3728700,-2.3728700,-0.0781308,6.9243620
-14.6165270,40.9958400,-2.3876583,-2.3876583,-0.0739254,7.0318666
-14.7623219,40.8589426,-2.4016788,-2.4016788,-0.0700670,7.1395622
-14.9100047,40.7241183,-2.4150795,-2.4150795,-0.0669890,7.2471864
-15.0594626,40.5913014,-2.4280580,-2.4280580,-0.0648852,7.3544171
-15.2106279,40.4604386,-2.4407283,-2.4407283,-0.0633605,7.4608580
-15.3634368,40.3315035,-2.4531812,-2.4531812,-0.0622338,7.5660587
-15.5178362,40.2044839,-2.4655545,-2.4655545,-0.0618243,7.6695253
-15.6737944,40.0793852,-2.4779981,-2.4779981,-0.0621566,7.7707137
-15.8312968,39.9562371,-2.4906619,-2.4906619,-0.0632474,7.8690343
-15.9903466,39.8350930,-2.5036947,-2.5036947,-0.0650827,7.9638639
-16.1509629,39.7160311,-2.5172279,-2.5172279,-0.0675938,8.0545746
-16.3132061,39.5991318,-2.5313651,-2.5313651,-0.0706551,8.1403916
-16.4770842,39.4845388,-2.5461653,-2.5461653,-0.0740134,8.2210600
-16.6426370,39.3723859,-2.5616316,-2.5616316,-0.0773924,8.2964139
-16.8099018,39.2628086,-2.5777022,-2.5777022,-0.0804274,8.3665882
-16.9789038,39.1559347,-2.5942631,-2.5942631,-0.0829647,8.4320750
-17.1496509,39.0518751,-2.6111533,-2.6111533,-0.0842389,8.4904480
-17.3221294,38.9507152,-2.6286248,-2.6286248,-0.0873121,8.4999636
-17.4963472,38.8525850,-2.6468515,-2.6468515,-0.0913227,8.4999638
-17.6723237,38.7576468,-2.6656023,-2.6656023,-0.0939298,8.4999644
-17.8500489,38.6660250,-2.6845180,-2.6845180,-0.0947555,8.4999652
-18.0294753,38.5777812,-2.7032493,-2.7032493,-0.0938270,8.4999660
-18.2105232,38.4929135,-2.7214466,-2.7214466,-0.0911709,8.4999667
-18.3930855,38.4113542,-2.7387507,-2.7387507,-0.0866996,8.4999672
-18.5770320,38.3329659,-2.7548130,-2.7548130,-0.0804667,8.4999675
-18.7622138,38.2575422,-2.7693396,-2.7693396,-0.0727349,8.4999677
-18.9484710,38.1848167,-2.7821376,-2.7821376,-0.0640197,8.4999677
-19.1356426,38.1144812,-2.7931472,-2.7931472,-0.0550078,8.4999677
-19.3235756,38.0462112,-2.8024431,-2.8024431,-0.0463687,8.4999676
-19.5121332,37.9796918,-2.8101925,-2.8101925,-0.0385942,8.4999675
-19.7011988,37.9146362,-2.8166197,-2.8166197,-0.0319524,8.4999674
-19.8906822,37.8507959,-2.8219672,-2.8219672,-0.0265445,8.4999673
-20.0805226,37.7879637,-2.8264762,-2.8264762,-0.0223842,8.4999672
-20.2706423,37.7259888,-2.8303764,-2.8303764,-0.0193705,8.4999670
-20.4609997,37.6647567,-2.8338824,-2.8338824,-0.0174265,8.4999669
-20.6515677,37.6041933,-2.8371926,-2.8371926,-0.0164733,8.4999669
-20.8423324,37.5442619,-2.8404913,-2.8404913,-0.0164320,8.4999668
-21.0332912,37.4849609,-2.8439442,-2.8439442,-0.0172205,8.4999668
-21.2244517,37.4263202,-2.8477009,-2.8477009,-0.0187512,8.4999668
-21.4158297,37.3683985,-2.8518904,-2.8518904,-0.0209270,8.4999668
-21.6074479,37.3112793,-2.8566212,-2.8566212,-0.0236398,8.4999668
-21.7993340,37.2550673,-2.8619765,-2.8619765,-0.0267709,8.4999669
-21.9915188,37.1998836,-2.8680148,-2.8680148,-0.0301919,8.4999669
-22.1840342,37.1458611,-2.8747656,-2.8747656,-0.0337661,8.4999670
-22.3769109,37.0931392,-2.8822296,-2.8822296,-0.0373426,8.4999670
-22.5701772,37.0418580,-2.8903711,-2.8903711,-0.0407496,8.4999669
-22.7638560,36.9921516,-2.8991191,-2.8991191,-0.0438031,8.4999666
-22.9579637,36.9441410,-2.9083718,-2.9083718,-0.0463487,8.4999661
-23.1525088,36.8979281,-2.9180005,-2.9180005,-0.0482595,8.4999658
-23.3474869,36.8535912,-2.9278668,-2.9278668,-0.0494321,8.4999659
-23.5428885,36.8111811,-2.9378457,-2.9378457,-0.0499650,8.4999660
-23.7387035,36.7707230,-2.9478448,-2.9478448,-0.0500425,8.4999661
-23.9349135,36.7322248,-2.9578029,-2.9578029,-0.0498145,8.4999662
-24.1314975,36.6956823,-2.9676884,-2.9676884,-0.0494436,8.4999664
-24.3284336,36.6610848,-2.9775046,-2.9775046,-0.0490829,8.4999665
-24.5257004,36.6284220,-2.9872775,-2.9872775,-0.0488649,8.4999666
-24.7232776,36.5976885,-2.9970578,-2.9970578,-0.0488961,8.4999667
-24.9211466,36.5688887,-3.0069094,-3.0069094,-0.0492525,8.4999668
-25.1192904,36.5420395,-3.0169055,-3.0169055,-0.0499770,8.4999669
-25.3176934,36.5171722,-3.0271227,-3.0271227,-0.0510789,8.4999671
-25.5163408,36.4943332,-3.0376305,-3.0376305,-0.0525368,8.4999672
-25.7152179,36.4735827,-3.0484923,-3.0484923,-0.0543056,8.4999673
-25.9143092,36.4549935,-3.0597575,-3.0597575,-0.0563305,8.4999674
-26.1135977,36.4386482,-3.0714574,-3.0714574,-0.0585170,8.4999674
-26.3130641,36.4246356,-3.0835896,-3.0835896,-0.0606915,8.4999674
-26.5126862,36.4130439,-3.0961166,-3.0961166,-0.0626758,8.4999671
-26.7124381,36.4039537,-3.1089691,-3.1089691,-0.0643248,8.4999669
-26.9122905,36.3974315,-3.1220554,-3.1220554,-0.0655075,8.4999669
-27.1122112,36.3935251,-3.1352633,-3.1352633,-0.0661303,8.4999668
-27.3121662,36.3922595,3.1347192,3.1347192,-0.0661208,8.4999666
-27.5121206,36.3936339,3.1216602,3.1216602,-0.0654139,8.4999663
-27.7120399,36.3976193,3.1088956,3.1088956,-0.0639657,8.4999659
-27.9118886,36.4041561,3.0965797,3.0965797,-0.0617200,8.4999658
-28.1116383,36.4131535,3.0848674,3.0848674,-0.0586739,8.4999661
-28.3112697,36.4244898,3.0738912,3.0738912,-0.0549687,8.4999663
-28.5107652,36.4380166,3.0637503,3.0637503,-0.0507637,8.4999665
-28.7101139,36.4535658,3.0545134,3.0545134,-0.0462186,8.4999666
-28.9093109,36.4709557,3.0462127,3.0462127,-0.0415147,8.4999667
-29.1083572,36.4899985,3.0388486,3.0388486,-0.0368167,8.4999668
-29.3072581,36.5105066,3.0323931,3.0323931,-0.0322622,8.4999668
-29.5060227,36.5322983,3.0267963,3.0267963,-0.0279572,8.4999668
-29.7046623,36.5552021,3.0219953,3.0219953,-0.0239768,8.4999668
-29.9031897,36.5790593,3.0179153,3.0179153,-0.0203690,8.4999668
-30.1016181,36.6037263,3.0144765,3.0144765,-0.0171605,8.4999668
-30.2999605,36.6290755,3.0115981,3.0115981,-0.0143621,8.4999668
-30.4982291,36.6549955,3.0091969,3.0091969,-0.0119732,8.4999668
-30.6964348,36.6813915,3.0071937,3.0071937,-0.0099859,8.4999668
-30.8945873,36.7081845,3.0055110,3.0055110,-0.0083866,8.4999668
-31.0926944,36.7353109,3.0040738,3.0040738,-0.0071585,8.4999668
-31.2907624,36.7627220,3.0028125,3.0028125,-0.0062821,8.4999668
-31.4887957,36.7903829,3.0016607,3.0016607,-0.0057360,8.4999668
-31.6867972,36.8182719,3.0005573,3.0005573,-0.0054972,8.4999668
-31.8847680,36.8463794,2.9994450,2.9994450,-0.0055414,8.4999668
-32.0827076,36.8747071,2.9982730,2.9982730,-0.0058426,8.4999668
-32.2806141,36.9032668,2.9969952,2.9969952,-0.0063738,8.4999668
-32.4784842,36.9320794,2.9955716,2.9955716,-0.0071063,8.4999669
-32.6763134,36.9611737,2.9939677,2.9939677,-0.0080100,8.4999669
-32.8740959,36.9905853,2.9921550,2.9921550,-0.0090537,8.4999669
-33.0718250,37.0203554,2.9901128,2.9901128,-0.0102047,8.4999669
-33.2694932,37.0505293,2.9878269,2.9878269,-0.0114300,8.4999670
-33.4670921,37.0811550,2.9852876,2.9852876,-0.0126971,8.4999670
-33.6646128,37.1122824,2.9824935,2.9824935,-0.0139728,8.4999670
-33.8620460,37.1439616,2.9794484,2.9794484,-0.0152385,8.4999670
-34.0593827,37.1762420,2.9761563,2.9761563,-0.0164498,8.4999670
-34.2566074,37.2091711,2.9725818,2.9725818,-0.0178147,8.4999671
-34.4537086,37.2428042,2.9687284,2.9687284,-0.0194861,8.4999671
-34.6506888,37.2771983,2.9647936,2.9647936,-0.0196117,8.4999672
-34.8475365,37.3123680,2.9607539,2.9607539,-0.0201902,8.4999673
-35.0442388,37.3483323,2.9565919,2.9565919,-0.0208408,8.4999674
-35.2407835,37.3851138,2.9523285,2.9523285,-0.0213463,8.4999675
-35.4371649,37.4227320,2.9479920,2.9479920,-0.0217145,8.4999676
-35.6333831,37.4612018,2.9436208,2.9436208,-0.0218959,8.4999677
-35.8294330,37.5005293,2.9392605,2.9392605,-0.0218440,8.4999677
-36.0253112,37.5407116,2.9349701,2.9349701,-0.0214954,8.4999678
-36.2210166,37.5817342,2.9308251,2.9308251,-0.0207754,8.4999678
-36.4165514,37.6235679,2.9269159,2.9269159,-0.0195969,8.4999678
-36.6119218,37.6661658,2.9233541,2.9233541,-0.0178616,8.4999678
-36.8071397,37.7094594,2.9202722,2.9202722,-0.0154626,8.4999678
-37.0022236,37.7533545,2.9178253,2.9178253,-0.0122888,8.4999677
-37.1971994,37.7977268,2.9161894,2.9161894,-0.0082301,8.4999676
-37.3921023,37.8424180,2.9155632,2.9155632,-0.0031822,8.4999676
-37.5869770,37.8872312,2.9161637,2.9161637,0.0029521,8.4999675
-37.7818783,37.9319273,2.9182232,2.9182232,0.0102478,8.4999676
-37.9768708,37.9762218,2.9219834,2.9219834,0.0187604,8.4999680
-38.1720281,38.0197827,2.9276746,2.9276746,0.0284092,8.4999690
-38.3674296,38.0622321,2.9355317,2.9355317,0.0392444,8.4999708
-38.5631576,38.1031447,2.9457614,2.9457614,0.0511342,8.4999733
-38.7592930,38.1420528,2.9584149,2.9584149,0.0632950,8.4999754
-38.9559037,38.1784758,2.9734016,2.9734016,0.0749835,8.4999763
-39.1530371,38.2119481,2.9905295,2.9905295,0.0857254,8.4999754
-39.3507138,38.2420390,3.0095208,3.0095208,0.0950599,8.4999719
-39.5489257,38.2683705,3.0300628,3.0300628,0.1028276,8.4999643
-39.7476361,38.2906250,3.0518535,3.0518535,0.1090666,8.4999512
-39.9467841,38.3085445,3.0746223,3.0746223,0.1139492,8.4999327
-40.1462885,38.3219254,3.0981422,3.0981422,0.1176924,8.4999157
-40.3460525,38.3306107,3.1222274,3.1222274,0.1205086,8.4999120
-40.5459680,38.3344826,-3.1364424,-3.1364424,0.1226443,8.4999219
-40.7459186,38.3334528,-3.1116092,-3.1116092,0.1242380,8.4999482
-40.9457823,38.3274584,-3.0865572,-3.0865572,0.1253172,8.4998017
-41.1454336,38.3164594,-3.0613583,-3.0613583,0.1260414,8.4985023
-41.3447447,38.3004334,-3.0360652,-3.0360652,0.1265135,8.4954359
-41.5435873,38.2793718,-3.0107243,-3.0107243,0.1267471,8.4907464
-41.7418329,38.2532786,-2.9853761,-2.9853761,0.1267811,8.4845354
-41.9393538,38.2221691,-2.9600545,-2.9600545,0.1266456,8.4768904
-42.1360240,38.1860685,-2.9347874,-2.9347874,0.1263677,8.4679007
-42.3317192,38.1450107,-2.9095998,-2.9095998,0.1259722,8.4576638
-42.5263177,38.0990375,-2.8845088,-2.8845088,0.1254840,8.4462867
-42.7197004,38.0481969,-2.8595288,-2.8595288,0.1249295,8.4338849
-42.9117511,37.9925425,-2.8346675,-2.8346675,0.1243371,8.4205794
-43.1023563,37.9321320,-2.8099265,-2.8099265,0.1237374,8.4064942
-43.2914055,37.8670258,-2.7853008,-2.7853008,0.1231627,8.3917542
-43.4787906,37.7972857,-2.7607793,-2.7607793,0.1226456,8.3764823
-43.6644056,37.7229736,-2.7363438,-2.7363438,0.1222175,8.3607982
-43.8481461,37.6441500,-2.7119721,-2.7119721,0.1219065,8.3448162
-44.0299085,37.5608734,-2.6876337,-2.6876337,0.1217349,8.3286443
-44.2095890,37.4731988,-2.6632994,-2.6632994,0.1217165,8.3123835
-44.3870834,37.3811780,-2.6389364,-2.6389364,0.1218568,8.2961273
-44.5622844,37.2848601,-2.6145158,-2.6145158,0.1221385,8.2799623
-44.7350858,37.1842902,-2.5899930,-2.5899930,0.1225872,8.2639680
-44.9053692,37.0795134,-2.5652712,-2.5652712,0.1236961,8.2482162
-45.0730166,36.9705554,-2.5403786,-2.5403786,0.1244778,8.2327722
-45.2379182,36.8574460,-2.5152928,-2.5152928,0.1254010,8.2176852
-45.3999362,36.7402320,-2.4899227,-2.4899227,0.1269271,8.2029792
-45.5589252,36.6189484,-2.4642923,-2.4642923,0.1281962,8.1886704
-45.7147518,36.4936317,-2.4384233,-2.4384233,0.1294052,8.1747758
-45.8672835,36.3643274,-2.4123243,-2.4123243,0.1305467,8.1613122
-46.0163879,36.2310876,-2.3860000,-2.3860000,0.1316815,8.1482975
-46.1619327,36.0939702,-2.3594464,-2.3594464,0.1328254,8.1357512
-46.3037842,35.9530383,-2.3326613,-2.3326613,0.1339935,8.1236954
-46.4418081,35.8083603,-2.3056400,-2.3056400,0.1351855,8.1121554
-46.5758688,35.6600103,-2.2783800,-2.2783800,0.1363922,8.1011594
-46.7058299,35.5080687,-2.2508836,-2.2508836,0.1375928,8.0907367
-46.8315704,35.3526043,-2.2231549,-2.2231549,0.1387417,8.0809220
-46.9529800,35.1936772,-2.1952139,-2.1952139,0.1397728,8.0717426
-47.0699125,35.0314060,-2.1670961,-2.1670961,0.1406323,8.0631896
-47.1822450,34.8658992,-2.1388618,-2.1388618,0.1411947,8.0552509
-47.2898640,34.6972815,-2.1105997,-2.1105997,0.1413193,8.0479295
-47.3926705,34.5256978,-2.0824245,-2.0824245,0.1408951,8.0412497
-47.4905858,34.3513156,-2.0544849,-2.0544849,0.1397688,8.0352444
-47.5835600,34.1743258,-2.0269680,-2.0269680,0.1377390,8.0299581
-47.6715834,33.9949387,-2.0000977,-2.0000977,0.1345946,8.0254430
-47.7547184,33.8133323,-1.9740859,-1.9740859,0.1301689,8.0217648
-47.8332733,33.6292234,-1.9491804,-1.9491804,0.1245807,8.0191085
-47.9071459,33.4433992,-1.9255740,-1.9255740,0.1182573,8.0174158
-47.9765628,33.2560150,-1.9031413,-1.9031413,0.1104956,8.0167390
-48.0417381,33.0671816,-1.8801647,-1.8801647,0.1162268,8.0171692
-48.1025000,32.8770816,-1.8570815,-1.8570815,0.1152263,8.0188967
-48.1589258,32.6853994,-1.8331958,-1.8331958,0.1195045,8.0218010
-48.2108122,32.4922205,-1.8078889,-1.8078889,0.1265582,8.0259287
-48.2578315,32.2976343,-1.7813611,-1.7813611,0.1326527,8.0313242
-48.2996762,32.1018540,-1.7539327,-1.7539327,0.1373316,8.0380388
-48.3360581,31.9054198,-1.7259117,-1.7259117,0.1404049,8.0462078
-48.3669383,31.7079401,-1.6975511,-1.6975511,0.1420150,8.0557722
-48.3922147,31.5095974,-1.6691045,-1.6691045,0.1423860,8.0667891
-48.4118436,31.3105740,-1.6407840,-1.6407840,0.1417319,8.0793178
-48.4258307,31.1110496,-1.6127596,-1.6127596,0.1402480,8.0934160
-48.4342220,30.9111994,-1.5851673,-1.5851673,0.1381037,8.1091320
-48.4370965,30.7111924,-1.5581233,-1.5581233,0.1354472,8.1264948
-48.4345634,30.5113223,-1.5316991,-1.5316991,0.1322968,8.1456184
-48.4267493,30.3115607,-1.5059340,-1.5059340,0.1289109,8.1663293
-48.4137893,30.1120333,-1.4808497,-1.4808497,0.1254305,8.1884672
-48.3958264,29.9128660,-1.4564471,-1.4564471,0.1219817,8.2117927
-48.3730070,29.7141777,-1.4327004,-1.4327004,0.1186818,8.2359853
-48.3454751,29.5160787,-1.4095641,-1.4095641,0.1156266,8.2606567
-48.3133680,29.3186715,-1.3869741,-1.3869741,0.1129037,8.2853730
-48.2768120,29.1220504,-1.3648576,-1.3648576,0.1105512,8.3096844
-48.2359206,28.9263044,-1.3431302,-1.3431302,0.1086142,8.3331583
-48.1907912,28.7315149,-1.3217096,-1.3217096,0.1071170,8.3554166
-48.1415057,28.5377592,-1.3006021,-1.3006021,0.1057546,8.3761720
-48.0881495,28.3451148,-1.2798574,-1.2798574,0.1033805,8.3952691
-48.0307941,28.1535698,-1.2590807,-1.2590807,0.1033157,8.4126717
-47.9694646,27.9632357,-1.2378680,-1.2378680,0.1065232,8.4286159
-47.9041135,27.7742505,-1.2165507,-1.2165507,0.1065469,8.4436456
-47.8347503,27.5867050,-1.1952239,-1.1952239,0.1067418,8.4586100
-47.7614065,27.4006891,-1.1740287,-1.1740287,0.1061675,8.4748347
-47.6841377,27.2162715,-1.1532991,-1.1532991,0.1037477,8.4943389
-47.6030640,27.0334977,-1.1332843,-1.1332843,0.1001303,8.4998677
-47.5183487,26.8523833,-1.1141287,-1.1141287,0.0959373,8.4999672
-47.4301797,26.6729246,-1.0961803,-1.0961803,0.0899101,8.4999690
-47.3388033,26.4950757,-1.0799711,-1.0799711,0.0811926,8.4999694
-47.2445549,26.3187287,-1.0660192,-1.0660192,0.0698447,8.4999692
-47.1478539,26.1437111,-1.0546530,-1.0546530,0.0568391,8.4999689
-47.0491687,25.9698018,-1.0459012,-1.0459012,0.0437200,8.4999687
-46.9489648,25.7967620,-1.0395327,-1.0395327,0.0317812,8.4999685
-46.8476609,25.6243638,-1.0351953,-1.0351953,0.0216233,8.4999684
-46.7456105,25.4524071,-1.0325299,-1.0325299,0.0132701,8.4999683
-46.6431026,25.2807238,-1.0312240,-1.0312240,0.0064804,8.4999682
-46.5403710,25.1091752,-1.0310234,-1.0310234,0.0009628,8.4999681
-46.4376054,24.9376479,-1.0317234,-1.0317234,-0.0035347,8.4999681
-46.3349603,24.7660494,-1.0331579,-1.0331579,-0.0072045,8.4999681
-46.2325618,24.5943044,-1.0351897,-1.0351897,-0.0101865,8.4999681
-46.1305127,24.4223521,-1.0377007,-1.0377007,-0.0125798,8.4999680
-46.0288960,24.2501446,-1.0405860,-1.0405860,-0.0144531,8.4999680
-45.9277767,24.0776448,-1.0437520,-1.0437520,-0.0158530,8.4999680
-45.8272043,23.9048262,-1.0471085,-1.0471085,-0.0168084,8.4999680
-45.7272126,23.7316711,-1.0505705,-1.0505705,-0.0173338,8.4999680
-45.6278211,23.5581711,-1.0540516,-1.0540516,-0.0174315,8.4999680
-45.5290343,23.3843264,-1.0574651,-1.0574651,-0.0170929,8.4999680
-45.4308415,23.2101455,-1.0607196,-1.0607196,-0.0162994,8.4999680
-45.3332161,23.0356460,-1.0637188,-1.0637188,-0.0150240,8.4999680
-45.2361145,22.8608545,-1.0663592,-1.0663592,-0.0132326,8.4999680
-45.1394747,22.6858071,-1.0685305,-1.0685305,-0.0108862,8.4999680
-45.0432151,22.5105501,-1.0701125,-1.0701125,-0.0079425,8.4999680
-44.9472327,22.3351407,-1.0709782,-1.0709782,-0.0043595,8.4999679
-44.8514021,22.1596481,-1.0709911,-1.0709911,-0.0000977,8.4999679
-44.7555735,21.9841538,-1.0700091,-1.0700091,0.0048765,8.4999679
-44.6595724,21.8087533,-1.0678858,-1.0678858,0.0105877,8.4999679
-44.5631989,21.6335567,-1.0644704,-1.0644704,0.0170459,8.4999680
-44.4662274,21.4586899,-1.0596184,-1.0596184,0.0242369,8.4999681
-44.3684085,21.2842955,-1.0531912,-1.0531912,0.0321158,8.4999685
-44.2694707,21.1105333,-1.0450707,-1.0450707,0.0405871,8.4999691
-44.1691253,20.9375805,-1.0351416,-1.0351416,0.0496324,8.4999700
-44.0670678,20.7656329,-1.0233156,-1.0233156,0.0591447,8.4999711
-43.9629845,20.5949050,-1.0096141,-1.0096141,0.0685504,8.4999722
-43.8565724,20.4256201,-0.9941402,-0.9941402,0.0774264,8.4999730
-43.7475543,20.2580030,-0.9770443,-0.9770443,0.0855533,8.4999730
-43.6356874,20.0922751,-0.9585278,-0.9585278,0.0926664,8.4999720
-43.5207716,19.9286475,-0.9388144,-0.9388144,0.0986575,8.4999698
-43.4026531,19.7673175,-0.9181299,-0.9181299,0.1035144,8.4999664
-43.2812231,19.6084651,-0.8966859,-0.8966859,0.1073080,8.4999620
-43.1564148,19.4522529,-0.8746710,-0.8746710,0.1101586,8.4999575
-43.0281972,19.2988250,-0.8522458,-0.8522458,0.1122006,8.4999537
-42.8965711,19.1483103,-0.8295468,-0.8295468,0.1135746,8.4999516
-42.7615602,19.0008192,-0.8066722,-0.8066722,0.1143843,8.4999510
-42.6232104,18.8564540,-0.7837201,-0.7837201,0.1149802,8.4999507
-42.4815874,18.7153055,-0.7608931,-0.7608931,0.1140308,8.4999510
-42.3367683,18.5774156,-0.7380022,-0.7380022,0.1141848,8.4999522
-42.1888197,18.4428663,-0.7147768,-0.7147768,0.1163261,8.4999564
-42.0377932,18.3117951,-0.6913050,-0.6913050,0.1174498,8.4999704
-41.8837573,18.1843254,-0.6676179,-0.6676179,0.1184821,8.4999921
-41.7267336,18.0605304,-0.6436897,-0.6436897,0.1196826,8.4999829
-41.5667814,17.9405191,-0.6195077,-0.6195077,0.1209346,8.4999498
-41.4039642,17.8244034,-0.5950695,-0.5950695,0.1221969,8.4999283
-41.2383502,17.7122955,-0.5703833,-0.5703833,0.1234256,8.4999274
-41.0700138,17.6043061,-0.5454598,-0.5454598,0.1245919,8.4999400
-40.8990353,17.5005434,-0.5203213,-0.5203213,0.1256653,8.4999550
-40.7255018,17.4011107,-0.4949929,-0.4949929,0.1266069,8.4999651
-40.5495066,17.3061052,-0.4695124,-0.4695124,0.1273677,8.4999684
-40.3711498,17.2156154,-0.4439301,-0.4439301,0.1278869,8.4999667
-40.1905394,17.1297188,-0.4183073,-0.4183073,0.1280909,8.4999624
-40.0077916,17.0484794,-0.3927271,-0.3927271,0.1278965,8.4999581
-39.8230332,16.9719439,-0.3672873,-0.3672873,0.1272141,8.4999549
-39.6364029,16.9001387,-0.3421063,-0.3421063,0.1259531,8.4999535
-39.4480530,16.8330657,-0.3173187,-0.3173187,0.1240305,8.4999533
-39.2581498,16.7706984,-0.2930696,-0.2930696,0.1213845,8.4999531
-39.0668699,16.7129780,-0.2694998,-0.2694998,0.1180014,8.4999505
-38.8742888,16.6597833,-0.2466992,-0.2466992,0.1139733,8.4999423
-38.6801685,16.6108982,-0.2247377,-0.2247377,0.1097442,8.4999247
-38.4851714,16.5663220,-0.2035932,-0.2035932,0.1057568,8.4998980
-38.2894417,16.5259129,-0.1830615,-0.1830615,0.1026506,8.4998645
-38.0930166,16.4895479,-0.1625978,-0.1625978,0.1016231,8.4998281
-37.8958061,16.4571963,-0.1411899,-0.1411899,0.1071084,8.4997872
-37.6981372,16.4291005,-0.1189058,-0.1189058,0.1118198,8.4997292
-37.4996394,16.4053861,-0.0958320,-0.0958320,0.1153490,8.4996439
-37.3004237,16.3862362,-0.0717078,-0.0717078,0.1206490,8.4995407
-37.1008732,16.3719023,-0.0468556,-0.0468556,0.1244745,8.4994370
-36.9013376,16.3625461,-0.0215102,-0.0215102,0.1269196,8.4993528
-36.7015236,16.3582474,0.0041460,0.0041460,0.1283895,8.4993006
-36.5015972,16.3590763,0.0299519,0.0299519,0.1290731,8.4992871
-36.3017199,16.3650648,0.0557880,0.0557880,0.1291849,8.4993121
-36.1020455,16.3762158,0.0815668,0.0815668,0.1288839,8.4993698
-35.9027188,16.3925104,0.1072292,0.1072292,0.1282979,8.4994506
-35.7038764,16.4139142,0.1327375,0.1327375,0.1275243,8.4995433
-35.5056478,16.4403822,0.1580678,0.1580678,0.1266358,8.4996373
-35.3081567,16.4718618,0.1832077,0.1832077,0.1256851,8.4997239
-35.1115222,16.5082953,0.2081520,0.2081520,0.1247089,8.4997973
-34.9158593,16.5496215,0.2329006,0.2329006,0.1237307,8.4998545
-34.7212800,16.5957767,0.2574559,0.2574559,0.1227617,8.4998954
-34.5278932,16.6466953,0.2818194,0.2818194,0.1218061,8.4999211
-34.3358049,16.7023097,0.3059918,0.3059918,0.1208505,8.4999333
-34.1451180,16.7625503,0.3299722,0.3299722,0.1198950,8.4999336
-33.9559318,16.8273454,0.3537473,0.3537473,0.1188692,8.4999232
-33.7683429,16.8966184,0.3773149,0.3773149,0.1178498,8.4999043
-33.5824410,16.9702918,0.4006238,0.4006238,0.1165319,8.4998818
-33.3983097,17.0482767,0.4237678,0.4237678,0.1156709,8.4998648
-33.2160574,17.1304906,0.4470067,0.4470067,0.1162912,8.4998646
-33.0357880,17.2169061,0.4701623,0.4701623,0.1159203,8.4998897
-32.8575526,17.3074800,0.4931125,0.4931125,0.1146790,8.4999353
-32.6814250,17.4021297,0.5161772,0.5161772,0.1153377,8.4999777
-32.5075220,17.5008191,0.5394252,0.5394252,0.1162433,8.4999831
-32.3359529,17.6035287,0.5628795,0.5628795,0.1172787,8.4998689
-32.1668358,17.7102362,0.5865399,0.5865399,0.1183117,8.4994964
-32.0002885,17.8209162,0.6103782,0.6103782,0.1192107,8.4988242
-31.8364268,17.9355345,0.6343453,0.6343453,0.1198700,8.4979743
-31.6753606,18.0540456,0.6583645,0.6583645,0.1201548,8.4973559
-31.5171900,18.1763886,0.6823086,0.6823086,0.1198461,8.4978507
-31.3619972,18.3024807,0.7059398,0.7059398,0.1183440,8.4998769
-31.2098299,18.4322023,0.7289280,0.7289280,0.1152070,8.4999636
-31.0606865,18.5653857,0.7507621,0.7507621,0.1096545,8.4999658
-30.9144871,18.7017928,0.7705732,0.7705732,0.0998094,8.4999671
-30.7710180,18.8410699,0.7871341,0.7871341,0.0836175,8.4999678
-30.6298729,18.9827059,0.7992634,0.7992634,0.0609682,8.4999682
-30.4904530,19.1260466,0.8065359,0.8065359,0.0360512,8.4999684
-30.3520756,19.2704012,0.8094183,0.8094183,0.0138923,8.4999685
-30.2141114,19.4151577,0.8087599,0.8087599,-0.0037307,8.4999684
-30.0760488,19.5598266,0.8053600,0.8053600,-0.0173082,8.4999681
-29.9374927,19.7040278,0.7998569,0.7998569,-0.0277316,8.4999675
-29.7981443,19.8474652,0.7927519,0.7927519,-0.0356727,8.4999665
-29.6577818,19.9899074,0.7844526,0.7844526,-0.0415999,8.4999657
-29.5162460,20.1311758,0.7752962,0.7752962,-0.0458597,8.4999651
-29.3734345,20.2711307,0.7655554,0.7655554,-0.0487414,8.4999647
-29.2292662,20.4096882,0.7552744,0.7552744,-0.0513104,8.4999644
-29.0837453,20.5466957,0.7442518,0.7442518,-0.0556282,8.4999642
-28.9367664,20.6820510,0.7332527,0.7332527,-0.0547331,8.4999642
-28.7882112,20.8158684,0.7222470,0.7222470,-0.0550535,8.4999644
-28.6381592,20.9480719,0.7109489,0.7109489,-0.0564439,8.4999646
-28.4866385,21.0785585,0.6993305,0.6993305,-0.0580809,8.4999649
-28.3336440,21.2072490,0.6873447,0.6873447,-0.0599093,8.4999652
-28.1791125,21.3341011,0.6749304,0.6749304,-0.0620625,8.4999655
-28.0230124,21.4590297,0.6620178,0.6620178,-0.0645582,8.4999659
-27.8653064,21.5819368,0.6485365,0.6485365,-0.0674035,8.4999663
-27.7059527,21.7027106,0.6344213,0.6344213,-0.0705795,8.4999668
-27.5449059,21.8212263,0.6196035,0.6196035,-0.0740915,8.4999672
-27.3821172,21.9373452,0.6040403,0.6040403,-0.0778293,8.4999675
-27.2175387,22.0509183,0.5877339,0.5877339,-0.0815533,8.4999676
-27.0511286,22.1617938,0.5707122,0.5707122,-0.0851308,8.4999673
-26.8828546,22.2698213,0.5530266,0.5530266,-0.0884605,8.4999667
-26.7126962,22.3748562,0.5347433,0.5347433,-0.0914477,8.4999659
-26.5406461,22.4767626,0.5159433,0.5159433,-0.0940353,8.4999652
-26.3667111,22.5754164,0.4967142,0.4967142,-0.0961880,8.4999652
-26.1909120,22.6707072,0.4771432,0.4771432,-0.0978970,8.4999652
-26.0132825,22.7625390,0.4573196,0.4573196,-0.0991651,8.4999653
-25.8338683,22.8508314,0.4373326,0.4373326,-0.0999876,8.4999653
-25.6527263,22.9355200,0.4172751,0.4172751,-0.1003472,8.4999655
-25.4699230,23.0165582,0.3972450,0.3972450,-0.1002178,8.4999655
-25.2855343,23.0939184,0.3773496,0.3773496,-0.0995574,8.4999654
-25.0996442,23.1675946,0.3577066,0.3577066,-0.0983059,8.4999652
-24.9123441,23.2376049,0.3384479,0.3384479,-0.0963918,8.4999650
-24.7237319,23.3039948,0.3197153,0.3197153,-0.0937915,8.4999652
-24.5339136,23.3668386,0.3016730,0.3016730,-0.0903380,8.4999658
-24.3429950,23.4262468,0.2844929,0.2844929,-0.0860060,8.4999662
-24.1510836,23.4823665,0.2683009,0.2683009,-0.0810340,8.4999664
-23.9582838,23.5353729,0.2531800,0.2531800,-0.0756296,8.4999666
-23.7646997,23.5854593,0.2391478,0.2391478,-0.0701391,8.4999667
-23.5704329,23.6328242,0.2261627,0.2261627,-0.0648795,8.4999667
-23.3755683,23.6776624,0.2141319,0.2141319,-0.0600953,8.4999667
-23.1801795,23.7201528,0.2029367,0.2029367,-0.0559244,8.4999667
-22.9843281,23.7604530,0.1924463,0.1924463,-0.0524067,8.4999667
-22.7880655,23.7986963,0.1825391,0.1825391,-0.0495059,8.4999667
-22.5914344,23.8349932,0.1731065,0.1731065,-0.0471406,8.4999668
-22.3944701,23.8694337,0.1640634,0.1640634,-0.0452081,8.4999668
-22.1972027,23.9020916,0.1553444,0.1553444,-0.0435930,8.4999668
-21.9996581,23.9330283,0.1469112,0.1469112,-0.0421725,8.4999667
-21.8018595,23.9622980,0.1387489,0.1387489,-0.0408211,8.4999666
-21.6038283,23.9899523,0.1308688,0.1308688,-0.0394191,8.4999665
-21.4055850,24.0160453,0.1232997,0.1232997,-0.0378632,8.4999663
-21.2071494,24.0406371,0.1160881,0.1160881,-0.0360793,8.4999664
-21.0085411,24.0637973,0.1092820,0.1092820,-0.0340494,8.4999665
-20.8097791,24.0856053,0.1029236,0.1029236,-0.0318050,8.4999665
-20.6108819,24.1061491,0.0970452,0.0970452,-0.0294009,8.4999666
-20.4118669,24.1255234,0.0916657,0.0916657,-0.0269059,8.4999667
-20.2127499,24.1438269,0.0867871,0.0867871,-0.0243925,8.4999668
-20.0135455,24.1611588,0.0824008,0.0824008,-0.0219285,8.4999668
-19.8142666,24.1776168,0.0784845,0.0784845,-0.0195726,8.4999669
-19.6149242,24.1932943,0.0750070,0.0750070,-0.0173720,8.4999669
-19.4155282,24.2082785,0.0719309,0.0719309,-0.0153621,8.4999669
-19.2160867,24.2226493,0.0692135,0.0692135,-0.0135670,8.4999670
-19.0166067,24.2364781,0.0668089,0.0668089,-0.0120006,8.4999670
-18.8170938,24.2498272,0.0646698,0.0646698,-0.0106675,8.4999671
-18.6175527,24.2627495,0.0627520,0.0627520,-0.0095644,8.4999671
-18.4179872,24.2752891,0.0610104,0.0610104,-0.0086816,8.4999671
-18.2184003,24.2874811,0.0594046,0.0594046,-0.0080034,8.4999672
-18.0187941,24.2993526,0.0578988,0.0578988,-0.0075093,8.4999672
-17.8191705,24.3109235,0.0564597,0.0564597,-0.0071749,8.4999672
-17.6195306,24.3222071,0.0550621,0.0550621,-0.0069727,8.4999673
-17.4198781,24.3332115,0.0536852,0.0536852,-0.0068733,8.4999673
-17.2202107,24.3439410,0.0523154,0.0523154,-0.0068453,8.4999673
-17.0205285,24.3543970,0.0509437,0.0509437,-0.0068585,8.4999674
-16.8208319,24.3645791,0.0495671,0.0495671,-0.0068855,8.4999674
-16.6211211,24.3744863,0.0481871,0.0481871,-0.0069038,8.4999674
-16.4213967,24.3841179,0.0468102,0.0468102,-0.0068943,8.4999675
-16.2216590,24.3934745,0.0454444,0.0454444,-0.0068404,8.4999675
-16.0219086,24.4025583,0.0441003,0.0441003,-0.0067291,8.4999675
-15.8221460,24.4113736,0.0427932,0.0427932,-0.0065504,8.4999675
-15.6223719,24.4199278,0.0415353,0.0415353,-0.0063014,8.4999676
-15.4225872,24.4282307,0.0403401,0.0403401,-0.0059847,8.4999676
-15.2227927,24.4362948,0.0392184,0.0392184,-0.0056175,8.4999676
-15.0229892,24.4441348,0.0381809,0.0381809,-0.0051885,8.4999677
-14.8231777,24.4517675,0.0372335,0.0372335,-0.0047827,8.4999677
-14.6233589,24.4592109,0.0364139,0.0364139,-0.0040870,8.4999677
-14.4235348,24.4664905,0.0357028,0.0357028,-0.0034706,8.4999677
-14.2237054,24.4736280,0.0350377,0.0350377,-0.0033792,8.4999677
-14.0238714,24.4806326,0.0344468,0.0344468,-0.0029540,8.4999677
-13.8240334,24.4875191,0.0339379,0.0339379,-0.0025434,8.4999677
-13.6241919,24.4943039,0.0335050,0.0335050,-0.0021562,8.4999677
-13.4243475,24.5010022,0.0331457,0.0331457,-0.0017962,8.4999677
-13.2245006,24.5076287,0.0328510,0.0328510,-0.0014667,8.4999677
-13.0246519,24.5141963,0.0326168,0.0326168,-0.0011686,8.4999677
-12.8248015,24.5207171,0.0324352,0.0324352,-0.0009025,8.4999677
-12.6249501,24.5272016,0.0323011,0.0323011,-0.0006677,8.4999677
-12.4250977,24.5336593,0.0322075,0.0322075,-0.0004635,8.4999677
-12.2252447,24.5400983,0.0321495,0.0321495,-0.0002883,8.4999677
-12.0253914,24.5465257,0.0321205,0.0321205,-0.0001404,8.4999677
-11.8255378,24.5529473,0.0321165,0.0321165,-0.0000177,8.4999677
-11.6256843,24.5593681,0.0321325,0.0321325,0.0000820,8.4999677
-11.4258308,24.5657921,0.0321645,0.0321645,0.0001610,8.4999677
-11.2259775,24.5722225,0.0322080,0.0322080,0.0002215,8.4999677
-11.0261245,24.5786616,0.0322611,0.0322611,0.0002658,8.4999677
-10.8262719,24.5851113,0.0323201,0.0323201,0.0002961,8.4999677
-10.6264196,24.5915728,0.0323827,0.0323827,0.0003144,8.4999677
-10.4265677,24.5980468,0.0324472,0.0324472,0.0003226,8.4999677
-10.2267162,24.6045337,0.0325113,0.0325113,0.0003224,8.4999677
-10.0268652,24.6110334,0.0325743,0.0325743,0.0003156,8.4999677
-9.8270146,24.6175457,0.0326353,0.0326353,0.0003035,8.4999677
-9.6271643,24.6240702,0.0326924,0.0326924,0.0002874,8.4999677
-9.4273144,24.6306061,0.0327459,0.0327459,0.0002684,8.4999677
-9.2274649,24.6371527,0.0327955,0.0327955,0.0002475,8.4999677
-9.0276157,24.6437092,0.0328405,0.0328405,0.0002256,8.4999677
-8.8277668,24.6502747,0.0328815,0.0328815,0.0002032,8.4999677
-8.6279181,24.6568484,0.0329176,0.0329176,0.0001810,8.4999677
-8.4280697,24.6634293,0.0329491,0.0329491,0.0001594,8.4999677
-8.2282215,24.6700165,0.0329776,0.0329776,0.0001388,8.4999677
-8.0283735,24.6766094,0.0330011,0.0330011,0.0001194,8.4999677
-7.8285256,24.6832070,0.0330211,0.0330211,0.0001015,8.4999677
-7.6286779,24.6898086,0.0330387,0.0330387,0.0000850,8.4999677
-7.4288303,24.6964137,0.0330522,0.0330522,0.0000702,8.4999677
-7.2289827,24.7030215,0.0330642,0.0330642,0.0000570,8.4999677
-7.0291353,24.7096317,0.0330727,0.0330727,0.0000453,8.4999677
-6.8292879,24.7162436,0.0330802,0.0330802,0.0000352,8.4999677
-6.6294405,24.7228570,0.0330852,0.0330852,0.0000266,8.4999677
-6.4295932,24.7294714,0.0330892,0.0330892,0.0000194,8.4999677
-6.2297459,24.7360866,0.0330922,0.0330922,0.0000135,8.4999677
-6.0298987,24.7427024,0.0330937,0.0330937,0.0000088,8.4999677
-5.8300514,24.7493185,0.0330947,0.0330947,0.0000051,8.4999677
-5.6302041,24.7559348,0.0330952,0.0330952,0.0000024,8.4999677
-5.4303569,24.7625512,0.0330957,0.0330957,0.0000006,8.4999677
-5.2305096,24.7691677,0.0330952,0.0330952,-0.0000005,8.4999677
-5.0306624,24.7757841,0.0330952,0.0330952,-0.0000009,8.4999677
-4.8308151,24.7824005,0.0330947,0.0330947,-0.0000008,8.4999677
-4.6309679,24.7890168,0.0330952,0.0330952,-0.0000001,8.4999677
-4.4311206,24.7956332,0.0330952,0.0330952,0.0000010,8.4999677
-4.2312734,24.8022496,0.0330952,0.0330952,0.0000024,8.4999677
-4.0314261,24.8088660,0.0330967,0.0330967,0.0000040,8.4999677
-3.8315789,24.8154827,0.0330977,0.0330977,0.0000059,8.4999677
-3.6317316,24.8220996,0.0330992,0.0330992,0.0000080,8.4999677
-3.4318844,24.8287168,0.0331012,0.0331012,0.0000102,8.4999677
-3.2320372,24.8353344,0.0331037,0.0331037,0.0000124,8.4999677
-3.0321900,24.8419525,0.0331067,0.0331067,0.0000146,8.4999677
-2.8323428,24.8485712,0.0331097,0.0331097,0.0000168,8.4999677
-2.6324956,24.8551905,0.0331137,0.0331137,0.0000188,8.4999677
-2.4326485,24.8618106,0.0331182,0.0331182,0.0000207,8.4999677
-2.2328014,24.8684316,0.0331222,0.0331222,0.0000224,8.4999677
-2.0329543,24.8750534,0.0331272,0.0331272,0.0000238,8.4999677
-1.8331073,24.8816762,0.0331322,0.0331322,0.0000249,8.4999677
-1.6332603,24.8883000,0.0331372,0.0331372,0.0000254,8.4999677
-1.4334133,24.8949248,0.0331422,0.0331422,0.0000255,8.4999677
-1.2335664,24.9015506,0.0331472,0.0331472,0.0000249,8.4999677
-1.0337195,24.9081774,0.0331517,0.0331517,0.0000235,8.4999677
-0.8338726,24.9148051,0.0331563,0.0331563,0.0000213,8.4999677
-0.6340258,24.9214337,0.0331597,0.0331597,0.0000181,8.4999677
-0.4341789,24.9280630,0.0331622,0.0331622,0.0000138,8.4999677
-0.2343321,24.9346928,0.0331642,0.0331642,0.0000082,8.4999677
-0.0344853,24.9413230,0.0331647,0.0331647,0.0000013,8.4999677
0.1653615,24.9479533,0.0331627,0.0331627,-0.0000072,8.4999677
0.3652083,24.9545832,0.0331593,0.0331593,-0.0000172,8.4999677
0.5650551,24.9612124,0.0331538,0.0331538,-0.0000290,8.4999677
0.7649019,24.9678405,0.0331452,0.0331452,-0.0000426,8.4999677
0.9647489,24.9744669,0.0331337,0.0331337,-0.0000581,8.4999677
1.1645959,24.9810910,0.0331182,0.0331182,-0.0000754,8.4999677
1.3644430,24.9877120,0.0330992,0.0330992,-0.0000946,8.4999677
1.5642902,24.9943292,0.0330767,0.0330767,-0.0001156,8.4999677
1.7641376,25.0009419,0.0330487,0.0330487,-0.0001383,8.4999677
1.9639851,25.0075490,0.0330161,0.0330161,-0.0001623,8.4999677
2.1638329,25.0141496,0.0329786,0.0329786,-0.0001875,8.4999677
2.3636809,25.0207427,0.0329361,0.0329361,-0.0002133,8.4999677
2.5635292,25.0273273,0.0328880,0.0328880,-0.0002393,8.4999677
2.7633778,25.0339023,0.0328355,0.0328355,-0.0002647,8.4999677
2.9632268,25.0404668,0.0327775,0.0327775,-0.0002888,8.4999677
3.1630761,25.0470197,0.0327154,0.0327154,-0.0003104,8.4999677
3.3629259,25.0535602,0.0326499,0.0326499,-0.0003285,8.4999677
3.5627760,25.0600876,0.0325818,0.0325818,-0.0003416,8.4999677
3.7626267,25.0666014,0.0325123,0.0325123,-0.0003483,8.4999677
3.9624777,25.0731013,0.0324427,0.0324427,-0.0003467,8.4999677
4.1623292,25.0795873,0.0323756,0.0323756,-0.0003349,8.4999677
4.3621812,25.0860599,0.0323141,0.0323141,-0.0003106,8.4999677
4.5620336,25.0925202,0.0322596,0.0322596,-0.0002717,8.4999677
4.7618862,25.0989696,0.0322170,0.0322170,-0.0002156,8.4999677
4.9617392,25.1054105,0.0321890,0.0321890,-0.0001395,8.4999677
5.1615924,25.1118458,0.0321815,0.0321815,-0.0000409,8.4999677
5.3614456,25.1182796,0.0321980,0.0321980,0.0000831,8.4999677
5.5612987,25.1247167,0.0322451,0.0322451,0.0002352,8.4999677
5.7611514,25.1311632,0.0323291,0.0323291,0.0004181,8.4999677
5.9610037,25.1376265,0.0324562,0.0324562,0.0006340,8.4999677
6.1608551,25.1441152,0.0326339,0.0326339,0.0008855,8.4999677
6.3607053,25.1506394,0.0328685,0.0328685,0.0011724,8.4999677
6.5605540,25.1572105,0.0331687,0.0331687,0.0015021,8.4999677
6.7604008,25.1638416,0.0335338,0.0335338,0.0018238,8.4999677
6.9602436,25.1705456,0.0339675,0.0339675,0.0021641,8.4999677
7.1600812,25.1773362,0.0344954,0.0344954,0.0026398,8.4999677
7.3599153,25.1842323,0.0351219,0.0351219,0.0031328,8.4999677
7.5597454,25.1912536,0.0358425,0.0358425,0.0036037,8.4999677
7.7595703,25.1984189,0.0366603,0.0366603,0.0040916,8.4999677
7.9593893,25.2057476,0.0375771,0.0375771,0.0045842,8.4999677
8.1592016,25.2132595,0.0385906,0.0385906,0.0050699,8.4999677
8.3590062,25.2209739,0.0396967,0.0396967,0.0055330,8.4999677
8.5588021,25.2289093,0.0408864,0.0408864,0.0059554,8.4999677
8.7585885,25.2370824,0.0421483,0.0421483,0.0063157,8.4999677
8.9583644,25.2455076,0.0434648,0.0434648,0.0065894,8.4999677
9.1581290,25.2541958,0.0448124,0.0448124,0.0067489,8.4999677
9.3578817,25.2631532,0.0461631,0.0461631,0.0067637,8.4999677
9.5576221,25.2723804,0.0474809,0.0474809,0.0066003,8.4999677
9.7573501,25.2818708,0.0487222,0.0487222,0.0062230,8.4999677
9.9570660,25.2916091,0.0498383,0.0498383,0.0055940,8.4999677
10.1567709,25.3015703,0.0507692,0.0507692,0.0046743,8.4999677
10.3564664,25.3117174,0.0514513,0.0514513,0.0034248,8.4999677
10.5561548,25.3220007,0.0518084,0.0518084,0.0018073,8.4999676
10.7558393,25.3323553,0.0517623,0.0517623,-0.0002143,8.4999676
10.9555243,25.3427007,0.0512245,0.0512245,-0.0026723,8.4999676
11.1552147,25.3529387,0.0501023,0.0501023,-0.0055935,8.4999676
11.3549164,25.3629526,0.0482997,0.0482997,-0.0089976,8.4999675
11.5546358,25.3726065,0.0457178,0.0457178,-0.0128958,8.4999675
11.7543793,25.3817447,0.0422585,0.0422585,-0.0172869,8.4999676
11.9541536,25.3901919,0.0378257,0.0378257,-0.0221584,8.4999676
12.1539618,25.3977534,0.0323615,0.0323615,-0.0273425,8.4999678
12.3538149,25.4042232,0.0259416,0.0259416,-0.0321118,8.4999681
12.5537268,25.4094104,0.0183170,0.0183170,-0.0379189,8.4999685
12.7536769,25.4130733,0.0090393,0.0090393,-0.0464493,8.4999691
12.9536433,25.4148809,-0.0018162,-0.0018162,-0.0542715,8.4999699
13.1536167,25.4145177,-0.0142497,-0.0142497,-0.0621796,8.4999708
13.3535652,25.4116683,-0.0282444,-0.0282444,-0.0700012,8.4999715
13.5534491,25.4060212,-0.0437609,-0.0437609,-0.0776450,8.4999719
13.7532147,25.3972737,-0.0607239,-0.0607239,-0.0849145,8.4999717
13.9527963,25.3851394,-0.0790333,-0.0790333,-0.0916862,8.4999706
14.1521151,25.3693537,-0.0985742,-0.0985742,-0.0978745,8.4999686
14.3510893,25.3496762,-0.1192231,-0.1192231,-0.1034288,8.4999657
14.5496398,25.3258916,-0.1408546,-0.1408546,-0.1083217,8.4999621
14.7476291,25.2978180,-0.1633431,-0.1633431,-0.1125954,8.4999585
14.9449339,25.2652999,-0.1865642,-0.1865642,-0.1162588,8.4999553
15.1414233,25.2282107,-0.2103950,-0.2103950,-0.1193085,8.4999533
15.3369608,25.1864526,-0.2347141,-0.2347141,-0.1217693,8.4999522
15.5314055,25.1399567,-0.2593975,-0.2593975,-0.1236130,8.4999513
15.7246664,25.0886698,-0.2843126,-0.2843126,-0.1247396,8.4999508
15.9166755,25.0325591,-0.3093065,-0.3093065,-0.1250647,8.4999509
16.1072417,24.9716612,-0.3342039,-0.3342039,-0.1245473,8.4999539
16.2962341,24.9060376,-0.3588191,-0.3588191,-0.1231232,8.4999665
16.4835268,24.8357925,-0.3829547,-0.3829547,-0.1207545,8.4999864
16.6690066,24.7610733,-0.4064271,-0.4064271,-0.1174797,8.4999783
16.8525843,24.6820633,-0.4290906,-0.4290906,-0.1134772,8.4999436
17.0342189,24.5989617,-0.4509025,-0.4509025,-0.1090082,8.4999183
17.2141752,24.5118325,-0.4719582,-0.4719582,-0.1050631,8.4999163
17.3922785,24.4209229,-0.4930016,-0.4930016,-0.1051031,8.4999260
17.5681968,24.3264108,-0.5145590,-0.5145590,-0.1082988,8.4999360
17.7422512,24.2280075,-0.5362967,-0.5362967,-0.1081843,8.4999434
17.9141355,24.1258383,-0.5587777,-0.5587777,-0.1124398,8.4999504
18.0834942,24.0199471,-0.5821382,-0.5821382,-0.1169874,8.4999557
18.2504383,23.9100597,-0.6062336,-0.6062336,-0.1205992,8.4999541
18.4147627,23.7961291,-0.6308859,-0.6308859,-0.1233239,8.4999478
18.5762753,23.6781486,-0.6559223,-0.6559223,-0.1252161,8.4999415
18.7348021,23.5561477,-0.6811921,-0.6811921,-0.1263798,8.4999364
18.8901945,23.4301812,-0.7065701,-0.7065701,-0.1269307,8.4999317
19.0423285,23.3003223,-0.7319544,-0.7319544,-0.1269836,8.4999263
19.1911015,23.1666582,-0.7572676,-0.7572676,-0.1266462,8.4999198
19.3364286,23.0292857,-0.7824525,-0.7824525,-0.1260147,8.4999144
19.4782383,22.8883090,-0.8074686,-0.8074686,-0.1251731,8.4999151
19.6164698,22.7438371,-0.8322899,-0.8322899,-0.1241943,8.4999268
19.7510698,22.5959826,-0.8569035,-0.8569035,-0.1231400,8.4999492
19.8819902,22.4448602,-0.8813039,-0.8813039,-0.1220634,8.4999735
20.0091871,22.2905855,-0.9054949,-0.9054949,-0.1209969,8.4999898
20.1326191,22.1332741,-0.9294853,-0.9294853,-0.1199813,8.4999760
20.2522465,21.9730410,-0.9532853,-0.9532853,-0.1190175,8.4998620
20.3680311,21.8100004,-0.9768982,-0.9768982,-0.1180725,8.4996241
20.4799375,21.6442662,-1.0003213,-1.0003213,-0.1171126,8.4993311
20.5879342,21.4759524,-1.0235420,-1.0235420,-0.1161056,8.4992023
20.6919953,21.3051739,-1.0465226,-1.0465226,-0.1149053,8.4996548
20.7921054,21.1320481,-1.0691932,-1.0691932,-0.1133586,8.4999519
20.8882647,20.9566984,-1.0914464,-1.0914464,-0.1112738,8.4999650
20.9804984,20.7792525,-1.1131643,-1.1131643,-0.1086220,8.4999665
21.0688563,20.5998467,-1.1341160,-1.1341160,-0.1048660,8.4999675
21.1534251,20.4186530,-1.1537284,-1.1537284,-0.0982777,8.4999680
21.2344141,20.2358585,-1.1712571,-1.1712571,-0.0878575,8.4999684
21.3121868,20.0516722,-1.1859542,-1.1859542,-0.0736862,8.4999685
21.3872448,19.8663613,-1.1972495,-1.1972495,-0.0565265,8.4999686
21.4602056,19.6802127,-1.2051559,-1.2051559,-0.0394658,8.4999686
21.5316935,19.4934901,-1.2101611,-1.2101611,-0.0249069,8.4999686
21.6022471,19.3064089,-1.2129121,-1.2129121,-0.0136371,8.4999685
21.6722869,19.1191313,-1.2139962,-1.2139962,-0.0053264,8.4999685
21.7421246,18.9317753,-1.2138820,-1.2138820,0.0006473,8.4999684
21.8119845,18.7444251,-1.2129281,-1.2129281,0.0048299,8.4999684
21.8820237,18.5571400,-1.2114174,-1.2114174,0.0076059,8.4999683
21.9523461,18.3699600,-1.2095831,-1.2095831,0.0092202,8.4999682
22.0230118,18.1829091,-1.2076295,-1.2076295,0.0098186,8.4999680
22.0940426,17.9959971,-1.2057432,-1.2057432,0.0094838,8.4999679
22.1654254,17.8092206,-1.2041019,-1.2041019,0.0082625,8.4999676
22.2371140,17.6225632,-1.2028764,-1.2028764,0.0061853,8.4999674
22.3090306,17.4359956,-1.2022313,-1.2022313,0.0032859,8.4999671
22.3810669,17.2494761,-1.2023222,-1.2023222,-0.0003937,8.4999667
22.4530861,17.0629504,-1.2032884,-1.2032884,-0.0047678,8.4999664
22.5249252,16.8763548,-1.2052533,-1.2052533,-0.0097820,8.4999660
22.5963993,16.6896138,-1.2083032,-1.2083032,-0.0151795,8.4999658
22.6673051,16.5026515,-1.2125104,-1.2125104,-0.0210699,8.4999657
22.7374260,16.3153864,-1.2177357,-1.2177357,-0.0266805,8.4999661
22.8065524,16.1277982,-1.2236722,-1.2236722,-0.0289867,8.4999672
22.8745548,15.9398283,-1.2309690,-1.2309690,-0.0356142,8.4999693
22.9412043,15.7513093,-1.2402973,-1.2402973,-0.0470859,8.4999724
23.0061076,15.5621324,-1.2513383,-1.2513383,-0.0551338,8.4999755
23.0689208,15.3722428,-1.2640064,-1.2640064,-0.0633860,8.4999777
23.1292814,15.1817056,-1.2782139,-1.2782139,-0.0711725,8.4999783
23.1869312,14.9903226,-1.2938368,-1.2938368,-0.0782338,8.4999765
23.2415896,14.7980431,-1.3107343,-1.3107343,-0.0845814,8.4999690
23.2929990,14.6048386,-1.3287835,-1.3287835,-0.0903022,8.4999439
23.3409209,14.4107058,-1.3478744,-1.3478744,-0.0954619,8.4998183
23.3851350,14.2156632,-1.3679402,-1.3679402,-0.1003097,8.4988520
23.4254314,14.0197503,-1.3889278,-1.3889278,-0.1049116,8.4987505
23.4616091,13.8230261,-1.4107737,-1.4107737,-0.1092192,8.4996942
23.4934791,13.6255696,-1.4334344,-1.4334344,-0.1133151,8.4983190
23.5208618,13.4274778,-1.4569104,-1.4569104,-0.1174746,8.4946488
23.5435857,13.2288091,-1.4812118,-1.4812118,-0.1215735,8.4888267
23.5614801,13.0295950,-1.5063416,-1.5063416,-0.1256374,8.4813137
23.5743651,12.8299643,-1.5322878,-1.5322878,-0.1296602,8.4724180
23.5820670,12.6300580,-1.5590236,-1.5590236,-0.1335719,8.4623342
23.5844220,12.4300281,-1.5864980,-1.5864980,-0.1372694,8.4512363
23.5812815,12.2300338,-1.6146323,-1.6146323,-0.1406033,8.4392811
23.5725176,12.0302372,-1.6433027,-1.6433027,-0.1433578,8.4266121
23.5580315,11.8307968,-1.6723295,-1.6723295,-0.1452231,8.4133616
23.5377634,11.6318627,-1.7014470,-1.7014470,-0.1457594,8.3996539
23.5117085,11.4335746,-1.7302741,-1.7302741,-0.1443552,8.3856071
23.4799405,11.2360661,-1.7582587,-1.7582587,-0.1401860,8.3713368
23.4426493,11.0394755,-1.7846309,-1.7846309,-0.1322044,8.3569584
23.4001929,10.8439631,-1.8083750,-1.8083750,-0.1191430,8.3425912
23.3531443,10.6496693,-1.8289640,-1.8289640,-0.1031768,8.3283586
23.3022120,10.4567881,-1.8462004,-1.8462004,-0.0877840,8.3143786
23.2479315,10.2647025,-1.8593359,-1.8593359,-0.0617625,8.3008564
23.1910559,10.0730880,-1.8717565,-1.8717565,-0.0618451,8.2880578
23.1318260,9.8822630,-1.8854687,-1.8854687,-0.0682485,8.2760310
23.0698916,9.6919808,-1.9016030,-1.9016030,-0.0802743,8.2648452
23.0050613,9.5032059,-1.9205117,-1.9205117,-0.0947768,8.2546457
22.9366158,9.3155328,-1.9420554,-1.9420554,-0.1080127,8.2452883
22.8640722,9.1291950,-1.9658117,-1.9658117,-0.1189896,8.2367829
22.7870751,8.9445186,-1.9912770,-1.9912770,-0.1274683,8.2291479
22.7053834,8.7618241,-2.0179697,-2.0179697,-0.1336021,8.2224096
22.6188526,8.5813913,-2.0454718,-2.0454718,-0.1377144,8.2165981
22.5274393,8.4034966,-2.0734447,-2.0734447,-0.1401445,8.2117539
22.4311348,8.2283167,-2.1016408,-2.1016408,-0.1412301,8.2079067
22.3299092,8.0558863,-2.1298675,-2.1298675,-0.1413354,8.2050472
22.2238443,7.8863605,-2.1579726,-2.1579726,-0.1407008,8.2031966
22.1130499,7.7198710,-2.1858379,-2.1858379,-0.1395163,8.2023766
21.9976877,7.5565725,-2.2133811,-2.2133811,-0.1378941,8.2026393
21.8778854,7.3965308,-2.2405464,-2.2405464,-0.1359658,8.2040133
21.7537710,7.2397905,-2.2673007,-2.2673007,-0.1338502,8.2065169
21.6254970,7.0864133,-2.2936178,-2.2936178,-0.1316275,8.2101873
21.4932204,6.9364521,-2.3194892,-2.3194892,-0.1293555,8.2150674
21.3570995,6.7899529,-2.3449120,-2.3449120,-0.1270982,8.2212047
21.2172915,6.6469540,-2.3698929,-2.3698929,-0.1248675,8.2286493
21.0739526,6.5074893,-2.3944530,-2.3944530,-0.1227734,8.2374511
20.9272297,6.3715846,-2.4185941,-2.4185941,-0.1206753,8.2476554
20.7772760,6.2392674,-2.4422653,-2.4422653,-0.1183529,8.2592997
20.6242622,6.1105615,-2.4656390,-2.4656390,-0.1168149,8.2724066
20.4682968,5.9854787,-2.4889823,-2.4889823,-0.1167705,8.2869723
20.3094444,5.8640628,-2.5122431,-2.5122431,-0.1163695,8.3029589
20.1478108,5.7463743,-2.5353578,-2.5353578,-0.1156001,8.3203087
19.9835011,5.6324536,-2.5583236,-2.5583236,-0.1148770,8.3389591
19.8166179,5.5223356,-2.5811182,-2.5811182,-0.1140195,8.3588685
19.6472677,5.4160496,-2.6037132,-2.6037132,-0.1130355,8.3800616
19.4755544,5.3136139,-2.6260617,-2.6260617,-0.1118319,8.4027037
19.3015815,5.2150334,-2.6480880,-2.6480880,-0.1102117,8.4272116
19.1254817,5.1203096,-2.6696825,-2.6696825,-0.1081658,8.4541764
18.9473792,5.0294112,-2.6906439,-2.6906439,-0.1048161,8.4845558
18.7674117,4.9422663,-2.7109487,-2.7109487,-0.1014202,8.4981104
18.5857130,4.8587938,-2.7307600,-2.7307600,-0.0990981,8.4999654
18.4023970,4.7789374,-2.7500974,-2.7500974,-0.0967979,8.4999665
18.2175717,4.7026408,-2.7687775,-2.7687775,-0.0935201,8.4999672
18.0313536,4.6298099,-2.7865272,-2.7865272,-0.0888662,8.4999678
17.8438716,4.5602954,-2.8030421,-2.8030421,-0.0826716,8.4999682
17.6552664,4.4938862,-2.8180362,-2.8180362,-0.0750365,8.4999684
17.4656857,4.4303120,-2.8313017,-2.8313017,-0.0663581,8.4999685
17.2752777,4.3692580,-2.8427480,-2.8427480,-0.0572325,8.4999686
17.0841830,4.3103873,-2.8524059,-2.8524059,-0.0482732,8.4999686
16.8925287,4.2533649,-2.8604000,-2.8604000,-0.0399440,8.4999685
16.7004250,4.1978765,-2.8669051,-2.8669051,-0.0324952,8.4999685
16.5079650,4.1436391,-2.8721099,-2.8721099,-0.0259963,8.4999684
16.3152259,4.0904043,-2.8761968,-2.8761968,-0.0204079,8.4999684
16.1222714,4.0379578,-2.8793300,-2.8793300,-0.0156423,8.4999683
15.9291538,3.9861162,-2.8816553,-2.8816553,-0.0116016,8.4999682
15.7359166,3.9347239,-2.8832976,-2.8832976,-0.0081941,8.4999682
15.5425955,3.8836491,-2.8843697,-2.8843697,-0.0053400,8.4999681
15.3492198,3.8327816,-2.8849669,-2.8849669,-0.0029710,8.4999681
15.1558138,3.7820296,-2.8851763,-2.8851763,-0.0010287,8.4999680
14.9623972,3.7313181,-2.8850720,-2.8850720,0.0005383,8.4999680
14.7689858,3.6805864,-2.8847190,-2.8847190,0.0017757,8.4999680
14.5755922,3.6297864,-2.8841774,-2.8841774,0.0027248,8.4999679
14.3822259,3.5788816,-2.8834943,-2.8834943,0.0034237,8.4999679
14.1888943,3.5278447,-2.8827149,-2.8827149,0.0039073,8.4999679
13.9956024,3.4766571,-2.8818750,-2.8818750,0.0042079,8.4999679
13.8023533,3.4253071,-2.8810060,-2.8810060,0.0043551,8.4999678
13.6091486,3.3737891,-2.8801318,-2.8801318,0.0043758,8.4999678
13.4159889,3.3221022,-2.8792737,-2.8792737,0.0042946,8.4999678
13.2228734,3.2702495,-2.8784484,-2.8784484,0.0041332,8.4999678
13.0298006,3.2182374,-2.8776665,-2.8776665,0.0039111,8.4999678
12.8367683,3.1660743,-2.8769382,-2.8769382,0.0036452,8.4999678
12.6437740,3.1137706,-2.8762685,-2.8762685,0.0033502,8.4999678
12.4508145,3.0613376,-2.8756612,-2.8756612,0.0030383,8.4999678
12.2578868,3.0087874,-2.8751171,-2.8751171,0.0027201,8.4999677
12.0649876,2.9561322,-2.8746360,-2.8746360,0.0024040,8.4999677
11.8721137,2.9033842,-2.8742168,-2.8742168,0.0020969,8.4999677
11.6792618,2.8505553,-2.8738564,-2.8738564,0.0018040,8.4999677
11.4864289,2.7976569,-2.8735498,-2.8735498,0.0015289,8.4999677
11.2936123,2.7446994,-2.8732945,-2.8732945,0.0012759,8.4999677
11.1008090,2.6916926,-2.8730859,-2.8730859,0.0010429,8.4999677
10.9080168,2.6386456,-2.8729028,-2.8729028,0.0008991,8.4999677
10.7152376,2.5855642,-2.8727247,-2.8727247,0.0009025,8.4999677
10.5224687,2.5324487,-2.8725963,-2.8725963,0.0006612,8.4999677
10.3297032,2.4793075,-2.8725264,-2.8725264,0.0003272,8.4999677
10.1369406,2.4261526,-2.8724830,-2.8724830,0.0002199,8.4999677
9.9441809,2.3729895,-2.8724606,-2.8724606,0.0001084,8.4999677
9.7514221,2.3198220,-2.8724557,-2.8724557,0.0000230,8.4999677
9.5586637,2.2666536,-2.8724655,-2.8724655,-0.0000480,8.4999677
9.3659048,2.2134871,-2.8724859,-2.8724859,-0.0001035,8.4999677
9.1731447,2.1603245,-2.8725149,-2.8725149,-0.0001459,8.4999677
8.9803831,2.1071675,-2.8725496,-2.8725496,-0.0001766,8.4999677
8.7876197,2.0540172,-2.8725895,-2.8725895,-0.0001973,8.4999677
8.5948542,2.0008746,-2.8726311,-2.8726311,-0.0002094,8.4999677
8.4020864,1.9477400,-2.8726736,-2.8726736,-0.0002144,8.4999677
8.2093164,1.8946136,-2.8727167,-2.8727167,-0.0002134,8.4999677
8.0165441,1.8414955,-2.8727577,-2.8727577,-0.0002077,8.4999677
7.8237696,1.7883853,-2.8727976,-2.8727976,-0.0001983,8.4999677
7.6309930,1.7352828,-2.8728345,-2.8728345,-0.0001861,8.4999677
7.4382144,1.6821874,-2.8728692,-2.8728692,-0.0001720,8.4999677
7.2454340,1.6290987,-2.8729002,-2.8729002,-0.0001565,8.4999677
7.0526520,1.5760160,-2.8729284,-2.8729284,-0.0001403,8.4999677
6.8598684,1.5229387,-2.8729531,-2.8729531,-0.0001240,8.4999677
6.6670836,1.4698662,-2.8729750,-2.8729750,-0.0001078,8.4999677
6.4742976,1.4167979,-2.8729932,-2.8729932,-0.0000921,8.4999677
6.2815106,1.3637331,-2.8730087,-2.8730087,-0.0000772,8.4999677
6.0887228,1.3106713,-2.8730212,-2.8730212,-0.0000631,8.4999677
5.8959343,1.2576119,-2.8730310,-2.8730310,-0.0000502,8.4999677
5.7031453,1.2045544,-2.8730393,-2.8730393,-0.0000384,8.4999677
5.5103559,1.1514985,-2.8730445,-2.8730445,-0.0000277,8.4999677
5.3175662,1.0984436,-2.8730481,-2.8730481,-0.0000182,8.4999677
5.1247763,1.0453894,-2.8730502,-2.8730502,-0.0000099,8.4999677
4.9319863,0.9923356,-2.8730507,-2.8730507,-0.0000027,8.4999677
4.7391963,0.9392819,-2.8730502,-2.8730502,0.0000035,8.4999677
4.5464063,0.8862281,-2.8730486,-2.8730486,0.0000086,8.4999677
4.3536164,0.8331740,-2.8730455,-2.8730455,0.0000129,8.4999677
4.1608267,0.7801193,-2.8730429,-2.8730429,0.0000163,8.4999677
3.9680371,0.7270641,-2.8730388,-2.8730388,0.0000190,8.4999677
3.7752477,0.6740081,-2.8730347,-2.8730347,0.0000210,8.4999677
3.5824585,0.6209513,-2.8730304,-2.8730304,0.0000225,8.4999677
3.3896696,0.5678937,-2.8730252,-2.8730252,0.0000234,8.4999677
3.1968810,0.5148351,-2.8730207,-2.8730207,0.0000239,8.4999677
3.0040925,0.4617756,-2.8730159,-2.8730159,0.0000241,8.4999677
2.8113044,0.4087152,-2.8730112,-2.8730112,0.0000240,8.4999677
2.6185165,0.3556539,-2.8730062,-2.8730062,0.0000237,8.4999677
2.4257288,0.3025916,-2.8730018,-2.8730018,0.0000231,8.4999677
2.2329415,0.2495285,-2.8729973,-2.8729973,0.0000225,8.4999677
2.0401543,0.1964645,-2.8729930,-2.8729930,0.0000217,8.4999677
1.8473674,0.1433997,-2.8729884,-2.8729884,0.0000209,8.4999677
1.6545807,0.0903340,-2.8729848,-2.8729848,0.0000201,8.4999677
1.4617942,0.0372676,-2.8729812,-2.8729812,0.0000192,8.4999677
1.2690079,-0.0157995,-2.8729770,-2.8729770,0.0000183,8.4999677
1.0762218,-0.0688674,-2.8729739,-2.8729739,0.0000175,8.4999677
0.8834359,-0.1219359,-2.8729702,-2.8729702,0.0000167,8.4999677
0.6906502,-0.1750051,-2.8729671,-2.8729671,0.0000160,8.4999677
0.4978647,-0.2280749,-2.8729645,-2.8729645,0.0000153,8.4999677
0.3050793,-0.2811452,-2.8729609,-2.8729609,0.0000146,8.4999677
0.1122941,-0.3342162,-2.8729587,-2.8729587,0.0000141,8.4999677
-0.0804909,-0.3872876,-2.8729553,-2.8729553,0.0000135,8.4999677
-0.2732759,-0.4403597,-2.8729531,-2.8729531,0.0000131,8.4999677
-0.4660607,-0.4934322,-2.8729505,-2.8729505,0.0000126,8.4999677
-0.6588453,-0.5465052,-2.8729485,-2.8729485,0.0000123,8.4999677
-0.8516299,-0.5995786,-2.8729454,-2.8729454,0.0000120,8.4999677
-1.0444143,-0.6526526,-2.8729433,-2.8729433,0.0000117,8.4999677
-1.2371986,-0.7057270,-2.8729412,-2.8729412,0.0000115,8.4999677
-1.4299828,-0.7588018,-2.8729386,-2.8729386,0.0000113,8.4999677
-1.6227668,-0.8118771,-2.8729366,-2.8729366,0.0000111,8.4999677
-1.8155508,-0.8649528,-2.8729344,-2.8729344,0.0000110,8.4999677
-2.0083346,-0.9180289,-2.8729319,-2.8729319,0.0000109,8.4999677
-2.2011183,-0.9711055,-2.8729303,-2.8729303,0.0000108,8.4999677
-2.3939019,-1.0241824,-2.8729278,-2.8729278,0.0000108,8.4999677
-2.5866854,-1.0772598,-2.8729257,-2.8729257,0.0000108,8.4999677
-2.7794688,-1.1303376,-2.8729237,-2.8729237,0.0000107,8.4999677
-2.9722521,-1.1834158,-2.8729215,-2.8729215,0.0000107,8.4999677
-3.1650352,-1.2364944,-2.8729190,-2.8729190,0.0000108,8.4999677
-3.3578183,-1.2895735,-2.8729173,-2.8729173,0.0000108,8.4999677
-3.5506012,-1.3426529,-2.8729148,-2.8729148,0.0000108,8.4999677
-3.7433840,-1.3957328,-2.8729127,-2.8729127,0.0000108,8.4999677
-3.9361667,-1.4488131,-2.8729107,-2.8729107,0.0000109,8.4999677
-4.1289493,-1.5018938,-2.8729086,-2.8729086,0.0000110,8.4999677
-4.3217318,-1.5549749,-2.8729059,-2.8729059,0.0000110,8.4999677
-4.5145141,-1.6080565,-2.8729040,-2.8729040,0.0000111,8.4999677
-4.7072964,-1.6611385,-2.8729018,-2.8729018,0.0000112,8.4999677
-4.9000785,-1.7142209,-2.8728993,-2.8728993,0.0000112,8.4999677
-5.0928605,-1.7673038,-2.8728972,-2.8728972,0.0000113,8.4999677
-5.2856424,-1.8203871,-2.8728951,-2.8728951,0.0000114,8.4999677
-5.4784242,-1.8734708,-2.8728925,-2.8728925,0.0000115,8.4999677
-5.6712058,-1.9265550,-2.8728904,-2.8728904,0.0000116,8.4999677
-5.8639873,-1.9796396,-2.8728883,-2.8728883,0.0000117,8.4999677
-6.0567687,-2.0327246,-2.8728853,-2.8728853,0.0000118,8.4999677
-6.2495500,-2.0858102,-2.8728833,-2.8728833,0.0000119,8.4999677
-6.4423312,-2.1388962,-2.8728811,-2.8728811,0.0000120,8.4999677
-6.6351122,-2.1919826,-2.8728785,-2.8728785,0.0000120,8.4999677
-6.8278931,-2.2450695,-2.8728758,-2.8728758,0.0000121,8.4999677
-7.0206738,-2.2981569,-2.8728739,-2.8728739,0.0000122,8.4999677
-7.2134545,-2.3512447,-2.8728712,-2.8728712,0.0000123,8.4999677
-7.4062350,-2.4043330,-2.8728687,-2.8728687,0.0000124,8.4999677
-7.5990154,-2.4574218,-2.8728660,-2.8728660,0.0000124,8.4999677
-7.7917956,-2.5105111,-2.8728635,-2.8728635,0.0000125,8.4999677
-7.9845757,-2.5636009,-2.8728614,-2.8728614,0.0000126,8.4999677
-8.1773557,-2.6166911,-2.8728587,-2.8728587,0.0000126,8.4999677
-8.3701355,-2.6697818,-2.8728562,-2.8728562,0.0000127,8.4999677
-8.5629152,-2.7228730,-2.8728532,-2.8728532,0.0000127,8.4999677
-8.7556948,-2.7759648,-2.8728510,-2.8728510,0.0000128,8.4999677
-8.9484742,-2.8290570,-2.8728489,-2.8728489,0.0000129,8.4999677
-9.1412535,-2.8821496,-2.8728459,-2.8728459,0.0000129,8.4999677
-9.3340327,-2.9352428,-2.8728432,-2.8728432,0.0000130,8.4999677
-9.5268117,-2.9883365,-2.8728407,-2.8728407,0.0000130,8.4999677
-9.7195906,-3.0414307,-2.8728381,-2.8728381,0.0000136,8.4999677
-9.9123694,-3.0945254,-2.8728361,-2.8728361,0.0000084,8.4999677
-10.1051481,-3.1476205,-2.8728348,-2.8728348,0.0000070,8.4999677
-10.2979266,-3.2007158,-2.8728320,-2.8728320,0.0000125,8.4999677
-10.4907048,-3.2538116,-2.8728300,-2.8728300,0.0000136,8.4999677
-10.6834829,-3.3069078,-2.8728269,-2.8728269,0.0000138,8.4999677
-10.8762609,-3.3600046,-2.8728238,-2.8728238,0.0000139,8.4999677
-11.0690387,-3.4131020,-2.8728217,-2.8728217,0.0000142,8.4999677
-11.2618164,-3.4661998,-2.8728181,-2.8728181,0.0000145,8.4999677
-11.4545939,-3.5192983,-2.8728154,-2.8728154,0.0000150,8.4999677
-11.6473712,-3.5723973,-2.8728124,-2.8728124,0.0000156,8.4999677
-11.8401484,-3.6254969,-2.8728092,-2.8728092,0.0000163,8.4999677
-12.0329254,-3.6785971,-2.8728051,-2.8728051,0.0000173,8.4999677
-12.2257022,-3.7316981,-2.8728019,-2.8728019,0.0000184,8.4999677
-12.4184788,-3.7847997,-2.8727978,-2.8727978,0.0000198,8.4999677
-12.6112552,-3.8379021,-2.8727937,-2.8727937,0.0000214,8.4999677
-12.8040314,-3.8910053,-2.8727889,-2.8727889,0.0000232,8.4999677
-12.9968073,-3.9441094,-2.8727839,-2.8727839,0.0000253,8.4999677
-13.1895830,-3.9972145,-2.8727785,-2.8727785,0.0000276,8.4999677
-13.3823583,-4.0503206,-2.8727725,-2.8727725,0.0000302,8.4999677
-13.5751334,-4.1034279,-2.8727657,-2.8727657,0.0000329,8.4999677
-13.7679081,-4.1565365,-2.8727584,-2.8727584,0.0000359,8.4999677
-13.9606824,-4.2096465,-2.8727511,-2.8727511,0.0000391,8.4999677
-14.1534563,-4.2627579,-2.8727424,-2.8727424,0.0000423,8.4999677
-14.3462298,-4.3158710,-2.8727329,-2.8727329,0.0000456,8.4999677
-14.5390027,-4.3689859,-2.8727237,-2.8727237,0.0000488,8.4999677
-14.7317752,-4.4221026,-2.8727128,-2.8727128,0.0000519,8.4999677
-14.9245471,-4.4752214,-2.8727023,-2.8727023,0.0000547,8.4999677
-15.1173184,-4.5283422,-2.8726904,-2.8726904,0.0000571,8.4999677
-15.3100891,-4.5814653,-2.8726790,-2.8726790,0.0000589,8.4999677
-15.5028592,-4.6345906,-2.8726671,-2.8726671,0.0000599,8.4999677
-15.6956287,-4.6877182,-2.8726551,-2.8726551,0.0000599,8.4999677
-15.8883975,-4.7408481,-2.8726432,-2.8726432,0.0000587,8.4999677
-16.0811657,-4.7939803,-2.8726318,-2.8726318,0.0000559,8.4999677
-16.2739333,-4.8471147,-2.8726219,-2.8726219,0.0000513,8.4999677
-16.4667003,-4.9002510,-2.8726131,-2.8726131,0.0000446,8.4999677
-16.6594669,-4.9533890,-2.8726059,-2.8726059,0.0000354,8.4999677
-16.8522331,-5.0065284,-2.8726017,-2.8726017,0.0000234,8.4999677
-17.0449991,-5.0596686,-2.8725997,-2.8725997,0.0000082,8.4999677
-17.2377650,-5.1128092,-2.8726017,-2.8726017,-0.0000105,8.4999677
-17.4305310,-5.1659494,-2.8726089,-2.8726089,-0.0000330,8.4999677
-17.6232973,-5.2190882,-2.8726204,-2.8726204,-0.0000597,8.4999677
-17.8160643,-5.2722248,-2.8726391,-2.8726391,-0.0000908,8.4999677
-18.0088323,-5.3253578,-2.8726640,-2.8726640,-0.0001265,8.4999677
-18.2016016,-5.3784860,-2.8726976,-2.8726976,-0.0001670,8.4999677
-18.3943726,-5.4316077,-2.8727403,-2.8727403,-0.0002123,8.4999677
-18.5871460,-5.4847212,-2.8727926,-2.8727926,-0.0002623,8.4999677
-18.7799221,-5.5378246,-2.8728563,-2.8728563,-0.0003168,8.4999677
-18.9727015,-5.5909157,-2.8729312,-2.8729312,-0.0003753,8.4999677
-19.1654850,-5.6439924,-2.8730187,-2.8730187,-0.0004373,8.4999677
-19.3582731,-5.6970522,-2.8731188,-2.8731188,-0.0005018,8.4999677
-19.5510665,-5.7500927,-2.8732324,-2.8732324,-0.0005678,8.4999677
-19.7438659,-5.8031113,-2.8733596,-2.8733596,-0.0006339,8.4999677
-19.9366721,-5.8561054,-2.8734985,-2.8734985,-0.0006981,8.4999677
-20.1294856,-5.9090727,-2.8736505,-2.8736505,-0.0007584,8.4999677
-20.3223072,-5.9620107,-2.8738127,-2.8738127,-0.0008122,8.4999677
-20.5151373,-6.0149174,-2.8739834,-2.8739834,-0.0008565,8.4999677
-20.7079765,-6.0677912,-2.8741611,-2.8741611,-0.0008879,8.4999677
-20.9008250,-6.1206307,-2.8743412,-2.8743412,-0.0009024,8.4999677
-21.0936831,-6.1734355,-2.8745200,-2.8745200,-0.0008956,8.4999677
-21.2865506,-6.2262058,-2.8746916,-2.8746916,-0.0008629,8.4999677
-21.4794271,-6.2789430,-2.8748514,-2.8748514,-0.0007987,8.4999677
-21.6723121,-6.3316494,-2.8749901,-2.8749901,-0.0006976,8.4999676
-21.8652043,-6.3843290,-2.8751002,-2.8751002,-0.0005534,8.4999676
-22.0581024,-6.4369874,-2.8751716,-2.8751716,-0.0003599,8.4999676
-22.2510042,-6.4896320,-2.8751929,-2.8751929,-0.0001107,8.4999676
-22.4439071,-6.5422725,-2.8751525,-2.8751525,0.0002007,8.4999676
-22.6368079,-6.5949208,-2.8750348,-2.8750348,0.0005806,8.4999676
-22.8297025,-6.6475918,-2.8748275,-2.8748275,0.0010349,8.4999676
-23.0225862,-6.7003028,-2.8745131,-2.8745131,0.0015689,8.4999676
-23.2154532,-6.7530744,-2.8740746,-2.8740746,0.0021872,8.4999676
-23.4082972,-6.8059306,-2.8734952,-2.8734952,0.0028930,8.4999676
-23.6011104,-6.8588985,-2.8727571,-2.8727571,0.0036879,8.4999676
-23.7938845,-6.9120087,-2.8718420,-2.8718420,0.0045718,8.4999676
-23.9866099,-6.9652953,-2.8707328,-2.8707328,0.0055420,8.4999676
-24.1792760,-7.0187956,-2.8694144,-2.8694144,0.0065928,8.4999677
-24.3718715,-7.0725499,-2.8678713,-2.8678713,0.0077154,8.4999677
-24.5643837,-7.1266013,-2.8660917,-2.8660917,0.0088968,8.4999677
-24.7567994,-7.1809952,-2.8640684,-2.8640684,0.0101196,8.4999677
-24.9491046,-7.2357783,-2.8617962,-2.8617962,0.0113613,8.4999677
-25.1412848,-7.2909982,-2.8592788,-2.8592788,0.0125936,8.4999677
-25.3333253,-7.3467017,-2.8565242,-2.8565242,0.0137819,8.4999677
-25.5252117,-7.4029340,-2.8535485,-2.8535485,0.0148847,8.4999677
-25.7169298,-7.4597370,-2.8503804,-2.8503804,0.0158531,8.4999678
-25.9084670,-7.5171471,-2.8470568,-2.8470568,0.0166298,8.4999678
-26.0998124,-7.5751935,-2.8436310,-2.8436310,0.0171489,8.4999678
-26.2909579,-7.6338951,-2.8401680,-2.8401680,0.0173358,8.4999678
-26.4818990,-7.6932583,-2.8367512,-2.8367512,0.0171065,8.4999678
-26.6726363,-7.7532736,-2.8334837,-2.8334837,0.0163696,8.4999678
-26.8631768,-7.8139119,-2.8304844,-2.8304844,0.0150271,8.4999677
-27.0535348,-7.8751215,-2.8278971,-2.8278971,0.0129785,8.4999676
-27.2437341,-7.9368235,-2.8258807,-2.8258807,0.0101254,8.4999675
-27.4338089,-7.9989090,-2.8246158,-2.8246158,0.0063773,8.4999674
-27.6238054,-8.0612350,-2.8242955,-2.8242955,0.0016565,8.4999673
-27.8137821,-8.1236219,-2.8251271,-2.8251271,-0.0040948,8.4999673
-28.0038106,-8.1858508,-2.8273211,-2.8273211,-0.0109079,8.4999674
-28.1939751,-8.2476626,-2.8310847,-2.8310847,-0.0187554,8.4999679
-28.3843704,-8.3087581,-2.8366088,-2.8366088,-0.0275562,8.4999691
-28.5750996,-8.3688007,-2.8440776,-2.8440776,-0.0372941,8.4999711
-28.7662709,-8.4274168,-2.8535799,-2.8535799,-0.0475411,8.4999741
-28.9579895,-8.4842134,-2.8650490,-2.8650490,-0.0574516,8.4999765
-29.1503459,-8.5388072,-2.8782990,-2.8782990,-0.0663675,8.4999763
-29.3434082,-8.5908474,-2.8929934,-2.8929934,-0.0738830,8.4999697
-29.5372149,-8.6400453,-2.9086548,-2.9086548,-0.0782655,8.4908699
-29.7317683,-8.6862020,-2.9254235,-2.9254235,-0.0833899,8.4078026
-29.9270707,-8.7290905,-2.9438150,-2.9438150,-0.0918791,8.2974193
-30.1231276,-8.7683798,-2.9638253,-2.9638253,-0.1008386,8.2004510
-30.3199390,-8.8037397,0.0000000,0.0000000,-0.1045199,8.1058741
